# Per-number, per-year: which draws within the year the number appeared
# draw_in_year is 0-indexed within each year
number	year	draw_in_year
1	2000	0	13	15	23	33	34	39	40	46
1	2001	5	10	18	30	37	39	48	54	69	70	76	91	97	98	100
1	2002	7	12	13	24	33	34	41	42	55	64	79	83	84	89
1	2003	26	27	39	52	61	63	82	84	98
1	2004	9	16	18	21	26	31	32	66	68	70	73	74	77	100
1	2005	1	13	16	25	30	39	44	52	56	62	66	68	69	83	92
1	2006	2	10	11	20	38	43	44	61	63	67	74	82	83	85	89	91	103
1	2007	13	23	31	41	51	64	65	70	72	73	89	91	97
1	2008	11	12	14	15	26	52	61	65	83	85	100	102
1	2009	3	7	16	26	35	54	56	88	90	97
1	2010	37	49	52	73	76	83	87	91	94
1	2011	12	26	38	41	49	55	65	79	93	96
1	2012	3	6	7	19	25	40	44	46	47	63	64	66	74	77	92	98
1	2013	24	39	69	70	95
1	2014	22	36	50	66	75	78	81	84	89	93	97
1	2015	3	6	18	32	46	70	73	77	85	90	98	100
1	2016	0	14	17	24	25	26	28	31	33	54	56	57	68	72	75	79	87	92	95	103
1	2017	6	14	15	17	23	26	31	38	39	62	84	85	89
1	2018	21	24	25	35	43	52	54	57	65	73	80	99
1	2019	18	28	32	35	41	45	51	58	60	63	84	85	91	94
1	2020	1	11	23	34	41	49	60	65	67	69	73	83	85	89	91	94	97
1	2021	1	8	15	16	22	29	39	41	47	48
1	2022	20	21	22	40	41	42	45	53	59	62	65	69	72	78	83	84	91	93	95	100
1	2023	4	17	32	37	40	43	77	84	85	87	88	101
1	2024	3	5	10	11	16	19	23	39	48	53	61	83	99
1	2025	4	10	43	53	54	60	63	95
1	2026	2	6	16	17
2	2000	0	11	27	29	39	41	56
2	2001	7	12	25	29	31	34	38	41	45	48	52	59	63	67	71	81	89	90	91	95	102	103
2	2002	5	14	21	55
2	2003	2	6	45	47	53	54	58	61	63	67	101
2	2004	9	26	47	54	58	67	75	96
2	2005	0	2	6	20	24	37	40	43	58	66	71	81	86	91	96	98
2	2006	16	29	40	64	66	71	90	91	94	96
2	2007	0	22	25	47	51	68	71	78	87	90	97	103
2	2008	0	20	28	32	40	41	49	55	58	72	73	81	88	94
2	2009	6	9	10	15	26	28	29	30	34	35	51	55	56	60	87	99	101
2	2010	1	2	3	14	28	51	54	65	75	76	79	97	102
2	2011	0	3	12	66	70	79	82	98	104
2	2012	11	24	27	28	42	50	58	63	88	89	90	93	95
2	2013	8	9	17	18	19	24	38	39	42	43	50	58	67	68	100
2	2014	6	35	38	40	41	51	65
2	2015	16	28	35	39	42	45	66	69	71	72	77
2	2016	6	11	29	35	40	45	48	50	65	73	84	90	92
2	2017	6	9	27	38	47	51	53	65	67	91	98
2	2018	30	33	38	53	60	79	83	102
2	2019	11	26	33	42	44	46	52	61	65	69	80	85	92	97
2	2020	2	4	12	13	16	21	25	37	46	49	52	59	65	81	84	86	93	94	97	99
2	2021	7	10	18	26	31	34
2	2022	1	2	8	12	14	27	29	34	37	43	50	57	72	73	74	89	95	101
2	2023	24	27	38	47	52	54	57	71	76	96	99
2	2024	15	24	26	39	54	60	65	68	73	86	89	100
2	2025	1	13	20	30	46	71	73	79	83	89	94
2	2026	14	22
3	2000	8	28	40
3	2001	2	5	9	27	33	66	83	87	88	90	96
3	2002	3	9	30	43	57	67	76	91	96	99
3	2003	4	27	31	41	44	61	64	74	75
3	2004	18	22	23	28	31	38	39	42	46	59	60	64	70	71	95	98
3	2005	3	20	25	35	81	82	100
3	2006	1	19	20	22	23	24	27	31	43	57	70	74	75	96	101
3	2007	8	20	22	24	26	31	46	48	50	55	75	79	81	85	89	99	100
3	2008	3	27	33	42	48	70	73	76	88	91	103
3	2009	1	7	14	24	25	28	43	44	50	54	57	64	75	90
3	2010	0	15	17	28	33	54	63	70	79	81	99
3	2011	6	13	30	39	50	56	76	87	94	100
3	2012	0	8	13	20	21	32	48	52	63	69	86	89	95	102
3	2013	0	4	6	20	24	33	37	41	45	48	53	55	57	60	63	64	68	77	79
3	2014	8	21	24	31	33	46	54	56	63	64	66	78	101
3	2015	14	17	22	30	32	34	37	42	50	64	66	67	69	94	95	97	98
3	2016	1	24	69	72	73	74	101	103
3	2017	3	8	11	15	18	33	51	53	69	74	80	86	87	95	98
3	2018	2	4	5	6	8	14	23	34	36	39	44	46	54	65	68	70	74	78	81	89	91	98
3	2019	9	23	25	43	44	54	55	61	64	69	72	78
3	2020	2	6	14	17	39	66	69	96	97	98
3	2021	6	8	19	28	44
3	2022	7	8	14	17	23	33	35	40	57	70	74	78	98	100
3	2023	20	21	30	32	41	53	59	70	74	80	83	92	93	94
3	2024	1	2	9	26	29	36	42	47	52	62	64	70	93	101
3	2025	0	5	24	38	40	47	67	72	98	104
3	2026	0	12
4	2000	1	6	11	18	34	37	47	48	50
4	2001	2	3	14	15	26	28	36	47	71	72	74	84	85	88	91	97
4	2002	2	16	17	19	22	25	30	32	36	40	54	60	62	65	76	78
4	2003	13	18	30	31	55	65	70	71	82	83	87	91	95	102	104
4	2004	11	19	27	29	36	42	52	53	54	70	97	103
4	2005	6	7	21	22	32	54	57	61	84	89	92
4	2006	2	6	13	18	22	25	29	50	58	62	65	67	95	99	100
4	2007	0	2	11	17	39	44	50	56	57	61	63	85
4	2008	3	7	10	17	22	34	48	55	60	61	62	64	67	75	79	82	86	88	89	92	101
4	2009	4	21	24	29	46	53	61	70	75	87	92	98
4	2010	9	16	24	46	58	64	68	69	74	75	76	77	88	92	94	100
4	2011	17	30	42	45	49	50	61	71	73	95	98
4	2012	6	14	17	22	28	34	57	70	77	95	99
4	2013	6	8	9	12	17	21	36	38	74	83	97	101	102
4	2014	11	14	20	26	31	54	76	79	86	87	92	96	101
4	2015	19	22	31	40	41	46	58	60	73	83	84	88
4	2016	22	28	51	52	53	76	93	102	103
4	2017	3	15	19	21	22	33	34	45	48	77	82	83	101
4	2018	7	29	30	32	39	46	47	69	77	86	88	90	100	103
4	2019	1	3	22	28	29	34	47	48	81	83	91	99	101
4	2020	23	25	26	33	35	41	42	59	63	79
4	2021	7	9	11	13	15	29	38	44	49
4	2022	1	10	35	40	42	43	45	50	54	77	84	90	92	96	97	103	104
4	2023	5	14	26	37	43	49	56	61	64	84	92	100	101	103
4	2024	16	23	48	58	59	67	76	78	82	99
4	2025	14	18	33	39	40	48	57	58	62	66	71	82	84	92
4	2026	2	5
5	2000	8	9	11	14	19	30	43	51	56
5	2001	10	14	21	48	87	96
5	2002	12	19	24	27	41	42	47	51	61	65	84	87
5	2003	4	28	30	32	35	47	50	55	56	68	70	78	92	93	94	99	100
5	2004	0	3	5	14	15	28	37	40	45	62	65	67	74	76	87	90	91	101	103
5	2005	2	3	18	22	26	33	49	50	54	70	80	86	88	94
5	2006	0	2	7	10	13	21	29	34	35	46	49	55	56	57	63	65	70	73	98
5	2007	1	9	19	20	26	51	89
5	2008	17	21	27	29	34	51	80	81	90	97
5	2009	5	9	20	27	30	53	56	64	72	73	84	97	101
5	2010	7	12	29	31	38	44	66	71	75	78	87	93	98
5	2011	5	12	21	23	36	73	76	82	98	104
5	2012	35	41	50	65	82	91
5	2013	8	11	14	16	22	27	35	42	46	49	66	90	99	101
5	2014	3	17	18	25	40	43	55	57	62	65	92	93	99
5	2015	2	22	30	46	53	56	73	80	87
5	2016	15	25	30	31	38	40	42	44	45	51	58	59	79	86	96
5	2017	0	5	14	25	34	57	63	68	69	91	99
5	2018	1	3	6	9	17	18	34	35	52	53	56	63	74	77	84
5	2019	0	4	10	12	14	26	36	57	59	67	69	76	82	93	95
5	2020	13	16	28	34	36	43	50	64	76	78	81	96	99
5	2021	1	12	18	21	22	25	34	49
5	2022	4	6	15	17	22	28	36	41	61	69	86	98
5	2023	7	15	18	21	39	50	64	85
5	2024	1	19	21	25	37	42	45	46	56	57	58	63	68	71	72	78	79	81	82	85	96	102
5	2025	12	26	32	36	38	41	69	82	86	104
5	2026	5	18
6	2000	1	19	25	46	53
6	2001	3	6	18	30	45	46	49	51	55	58	59	61	65	68	69	71	79
6	2002	10	12	31	33	45	51	53	77	81	90	96	97	99	102
6	2003	1	5	7	13	20	32	46	59	64	67	84	102	104
6	2004	16	20	27	35	46	51	55	60	66	72	75	82	83	99
6	2005	3	4	9	13	20	21	27	31	33	36	42	44	45	71	80	96
6	2006	5	10	13	14	25	36	50	51	54	69	78	81	87	88	96	98
6	2007	2	10	21	22	27	31	46	54	59	63	74	75	79	86	88
6	2008	7	8	9	10	13	18	19	23	41	53	75	87	99	104
6	2009	0	1	2	17	31	32	39	46	55	58	87	91	96
6	2010	0	4	11	15	16	22	41	53	62	63	68	70	101
6	2011	5	7	9	15	19	29	32	35	47	48	53	72	76	84	86	87	89	102	103
6	2012	3	4	6	8	16	28	30	31	48	52	53	55	69	73	83	84	88	95
6	2013	2	12	13	14	16	18	31	36	40	46	47	60	61	67	89	99	103
6	2014	0	4	26	28	34	40	46	47	48	50	52	53	57	61	62	71	75	80	88	93	101
6	2015	7	11	18	21	24	34	35	40	48	63	72	76	84	94	96	98
6	2016	27	33	41	44	46	50	52	59	60	62	64	67	72	79	89	90	92	100
6	2017	7	26	40	44	45	47	48	64	80	90	99
6	2018	3	8	12	14	16	32	46	48	49	57	61	64	66	71	86	87	91	95	97
6	2019	4	5	6	13	31	40	41	44	47	65	87	100
6	2020	15	24	39	48	53	58	61	68	74	75	80	83	98
6	2021	3	6	13	35	36	42	43	44	52
6	2022	1	16	21	25	44	58	64	70	74	76
6	2023	3	6	8	14	26	39	40	43	48	55	70	87	102
6	2024	3	4	17	29	34	53	69	77	90	97	100	101
6	2025	1	15	21	54	57	59	63	75	80	82	90	91	99	100
6	2026	16
7	2000	10	15	17	39	53	56
7	2001	6	31	33	37	65	80	82	87	88	93	94
7	2002	8	11	15	18	21	27	31	41	42	43	49	52	61	65	76	80	81	86	87	91	95
7	2003	20	21	37	54	59	62	67	69	77	81	103
7	2004	37	55	62	65	76	82	83	85	89	92	93	98
7	2005	5	10	16	19	22	24	25	32	35	42	51	61	62	67	71	88	97	98	103
7	2006	8	14	17	44	46	52	61	73	81	85	90	97
7	2007	10	12	17	26	28	32	39	48	60	61	62	68	84	94	100
7	2008	0	5	8	12	13	21	43	44	45	51	53	70	74	75	95	97
7	2009	3	5	8	15	18	28	33	35	47	69	86	96	100	102
7	2010	4	7	32	47	51	54	56	63	83	97	98
7	2011	6	18	52	57	66	84	88	90
7	2012	3	4	8	15	21	28	31	51	66	69	70	75	87	91
7	2013	2	3	10	25	27	32	35	37	42	46	51	52	76	84	93	98
7	2014	10	13	20	22	23	25	33	38	41	50	62	67	73	79	95
7	2015	6	8	18	24	25	32	33	34	36	37	60	61	62	79	86	100
7	2016	5	16	18	47	59	69	71	78	82	86
7	2017	12	14	18	20	26	27	37	48	52	68	81	82	87	88	89	97
7	2018	21	30	40	57	59	66	72	81	82	98
7	2019	2	6	8	26	76	83	84	88	92	103
7	2020	0	1	9	14	20	34	49	69	76	84	86	99
7	2021	0	5	8	32	38	40	46
7	2022	1	6	13	15	29	30	49	52	58	64	67	68	75	80	90	102
7	2023	13	17	28	29	35	40	41	54	58	60	67	85	99
7	2024	2	14	22	27	28	31	50	86	92	94	95	102	103
7	2025	0	8	32	49	51	59	70	80	82	86	87	92	102	103	104
7	2026	2	6	10	22
8	2000	11	27	46	49
8	2001	1	41	43	44	48	54	77	83	103
8	2002	5	13	24	25	26	33	34	40	49	59	73	75	90	97
8	2003	10	11	15	30	33	42	53	60	68	71	80	84	88	93	95
8	2004	19	23	34	38	41	49	51	55	61	65	87	89	93	96
8	2005	5	18	26	34	48	63	69	74	102
8	2006	29	50	65	78	82	91
8	2007	3	6	8	12	15	27	33	36	50	53	59	65	69	85	90	94
8	2008	4	28	32	33	35	38	39	44	57	65	69	70	74	96
8	2009	5	19	20	36	39	57	63	64	66	69	76	87	91	92	96	99
8	2010	9	28	64	82	84	89	90	93	94
8	2011	3	5	8	13	37	41	46	51	58	60	61	63	70	81	83	84	91	99
8	2012	2	10	20	30	35	51	58	72	73	79	83	86	87	98
8	2013	4	6	40	53	58	64	75
8	2014	0	3	13	16	25	61	72	88	89	94	99
8	2015	4	7	19	41	43	47	68	74	90	103
8	2016	17	32	48	49	52	68	70	75	86
8	2017	25	55	69	71	86	100
8	2018	8	14	19	25	44	58	62	63	67	74	85	95	101
8	2019	2	15	19	31	42	51	56	63	72	79
8	2020	4	9	17	39	55	57	61	62	65	72	73	75	78	79	85	90
8	2021	4	19	26	28	29	39	45
8	2022	7	19	21	30	39	52	60	62	71	75	80
8	2023	4	10	16	17	55	70	81	86	90	101
8	2024	3	5	10	13	14	17	18	28	33	40	41	43	49	56	57	60	64	71	80	83	85	87	93	101
8	2025	9	14	15	34	42	53	63	68	70	73	77	88	102
8	2026	0	8	11	14
9	2000	7	18	21	22	28	29	38	49
9	2001	6	17	23	27	29	32	39	44	60	70	79	81
9	2002	13	22	28	29	39	52	62	63	66	82	95	96	97	98
9	2003	3	7	22	27	32	36	37	51	54	64	70	78	86	96	98	102
9	2004	2	6	14	23	34	58	60	71	79	98	102
9	2005	8	14	17	22	31	36	46	63	65	68	76	78	82	84	85	100	101
9	2006	15	18	19	20	21	22	26	31	37	53	61	66	73	95	102
9	2007	4	18	21	39	40	55	70	77	81	91	96	101
9	2008	1	9	16	19	20	27	30	37	41	42	51	52	54	78	80	89	95
9	2009	3	8	29	41	43	49	56	59	62	76	88
9	2010	5	11	17	23	43	46	65	67	75	77	84	87	99	102
9	2011	10	17	20	27	29	38	54	62	72	78	92
9	2012	20	43	44	55	73	81	90	92
9	2013	23	30	34	52	63	64	79	80	82	85	87	91	92	97	103
9	2014	10	16	37	39	58	60	67	77	86	89	98
9	2015	33	34	55	64	82	86	91	99	102
9	2016	4	21	23	25	33	41	42	88	90
9	2017	5	7	15	23	24	25	36	42	64	68	74	81	91	94	98
9	2018	9	28	29	33	36	58	70	77	78	81	82	90
9	2019	3	13	18	22	26	32	57	65	67	71	82	89
9	2020	7	17	19	27	32	37	40	54	70	81
9	2021	7	13	20	25	30	36	43	47	48
9	2022	6	20	43	52	73	79	86	87	91
9	2023	11	14	21	33	35	40	54	66	76	83	89	102
9	2024	4	6	22	30	35	38	40	43	46	49	55	56	62	64	66	72	74	76	82	87	99	102
9	2025	2	6	9	10	22	33	36	46	61	64	67	76	78	86	91	94
9	2026	2	7	9	11	12	14	15
10	2000	3	7	37	39	42	47
10	2001	10	14	19	25	39	61	62	64	74	81	88	95
10	2002	11	23	33	49	59	63	77	95
10	2003	12	16	17	31	39	40	48	50	53	56	88	90	92
10	2004	1	22	26	27	43	56	57	72	83	86	95	100
10	2005	3	11	13	45	55	57	61	64	65	73	81	100
10	2006	3	11	15	20	23	24	27	34	39	43	47	52	72	77	86	88	100
10	2007	1	6	8	21	28	38	40	49	50	55	81	88	94	96	98	101
10	2008	0	1	3	6	7	11	24	25	30	31	35	40	55	59	67	72	83
10	2009	0	5	9	15	22	30	33	44	47	59	79	81	83	89	90	93	103
10	2010	7	9	10	14	20	24	30	34	38	55	94	102
10	2011	22	34	38	43	51	52	71	72	75	77	81	83	93	96	98
10	2012	9	19	27	42	45	53	55	76	81	82	92	98	102
10	2013	3	18	21	22	29	33	46	49	73	83	86	103
10	2014	12	19	22	23	34	42	52	53	60	65	67	91	96	101	103
10	2015	1	19	51	61	63	75	82	94	95	100
10	2016	2	9	10	16	17	18	19	22	23	26	37	39	41	50	55	65	95
10	2017	4	28	62	65	75	81	82	83
10	2018	0	30	32	41	43	46	52	63	76
10	2019	10	13	21	24	36	37	49	55	63	68	92
10	2020	3	11	12	17	35	59	61	65	68	77	88	89	92
10	2021	17	20	25	38	41	44	49	50	52
10	2022	0	3	14	18	31	39	42	55	63	76	79	95	96	99
10	2023	1	23	36	59	65	66	81	83	84	91	95	98
10	2024	6	19	20	25	29	35	38	40	43	44	45	46	55	61	70	73	79	84
10	2025	3	7	14	27	30	41	51	55	65	80	89	103
10	2026	5	13	21
11	2000	6	8	13	15	27	39	43	50	52	54	55
11	2001	4	22	23	29	39	53	56	64	66	78	83	86	103
11	2002	3	7	12	14	18	31	34	43	45	50	57	58	64	75	79	82	95	98	101
11	2003	0	10	16	28	37	44	50	63	73	75	79	86	99	100
11	2004	15	23	36	45	47	53	57	70	78	80	81
11	2005	1	10	28	47	53	67	77	79	84	86	103
11	2006	0	12	17	30	42	58	84	101
11	2007	1	6	10	15	21	22	24	48	53	55	63	65	67	75	76	87
11	2008	3	6	13	23	30	37	53	54	69	77	78	79	80	93	101	103
11	2009	8	26	31	32	41	45	51	52	58	74	78	89	90	99	102
11	2010	5	8	12	30	35	38	41	55	56	69	71	79	80	86	89	102
11	2011	8	10	13	22	23	38	43	53	54	57	59	60	62	65	97	104
11	2012	2	3	11	15	16	33	41	49	54	66	74	83	85	90	94	98	101	103
11	2013	3	4	12	33	35	36	53	54	56	57	59	62	74	80	94
11	2014	5	16	25	37	46	47	60	61	63	71	73	83	93	94	98
11	2015	2	4	5	28	31	32	39	41	42	51	54	79	88
11	2016	21	31	35	50	63	71	72	75	77	85	98	102
11	2017	4	5	23	28	31	67	72	78	79	82	89	93	96	101	103
11	2018	5	32	33	59	62	81
11	2019	12	13	14	16	30	32	39	44	48	49	71	83	85	86	88	93	97
11	2020	2	13	14	15	19	21	24	30	31	33	35	39	41	46	49	50	57	58	71	85	88	92	96
11	2021	22	23	33	39	42
11	2022	15	35	44	45	46	47	55	61	69	71	73	82	86	91	94
11	2023	1	6	11	55	75	79	98
11	2024	5	8	18	20	27	42	44	46	49	51	69	75	76	91
11	2025	7	9	17	21	23	32	41	51	64	69	77	79	90	98	99
11	2026	0	7	9	10
12	2000	0	5	10
12	2001	1	4	7	9	13	26	28	34	51	54	56	58	65	71	73	75	101
12	2002	1	7	52	58	60	72	77	81	93	101
12	2003	3	10	13	19	36	43	48	61	63	65
12	2004	1	6	21	29	35	41	46	53	63	64	68	72	75	81	100
12	2005	47	52	60	61	69	90	94
12	2006	0	4	10	19	23	32	33	37	46	51	61	66	78	84	92	97
12	2007	4	38	44	48	79	85	89	95	102	103
12	2008	8	15	18	19	37	43	52	54	59	79	88	93	95	98	100
12	2009	4	6	27	54	66	70	71	93	95
12	2010	4	11	15	26	32	35	40	71	75	76	80	85	86	89
12	2011	3	4	14	28	34	36	58	59	63	74	90	95	102
12	2012	14	27	52	62	64	76	82	93
12	2013	6	7	19	34	45	71	72	79	86	87	88	89	90	93	100
12	2014	8	20	21	28	32	45	47	49	60	82	84	99
12	2015	5	10	21	26	41	45	47	53	68	70	74	79	87	92	95	96
12	2016	1	5	7	47	48	63	87	95
12	2017	1	11	16	19	21	29	31	34	58	70	91	95	97	103
12	2018	25	27	31	34	38	69	73	97	100
12	2019	4	5	14	19	27	41	49	66	75	80	82	94	96	103
12	2020	5	7	9	27	38	67	75	84	95	99
12	2021	2	4	10	11	32
12	2022	23	25	66	72	76	77	88	90
12	2023	3	6	11	15	29	37	41	45	46	48	67	75	88	99	101
12	2024	32	42	48	54	61	67	79	94
12	2025	5	12	15	16	24	27	31	36	39	41	48	49	57	78	79	91	98	101
12	2026	0	4
13	2000	9	15	25	30	43	54	55
13	2001	0	7	13	32	40	41	43	50	58
13	2002	0	3	8	22	26	28	30	38	48	52	53	63	68	84	91	99	103
13	2003	7	21	29	36	37	48	51	74	88
13	2004	2	15	25	29	32	37	39	46	49	58	59	67	81	95	99	102
13	2005	32	46	87	104
13	2006	0	4	6	8	30	45	49	59	71	76	89	94	102
13	2007	14	15	16	31	32	35	43	58	62	64	80	87	93	98	99	102
13	2008	11	15	31	38	50	80	81	84	99	103
13	2009	10	11	19	22	25	34	40	44	59	61	68	86	97
13	2010	3	8	18	26	29	31	40	48	51	52	61	63	71	82	85	90	96
13	2011	4	11	18	19	25	31	39	40	43	64	78	88	94	103
13	2012	4	10	13	20	37	43	49	58	62	78	80	86	102
13	2013	24	43	52	65	75	86	88	89	96
13	2014	17	18	29	32	41	42	43	50	60	77	89	91
13	2015	10	23	36	53	62	70	99	101
13	2016	2	14	15	19	25	29	31	38	39	46	47	60	82	89	91	97
13	2017	0	4	8	12	40	49	50	81	82	95	100
13	2018	4	9	20	26	38	44	45	50	53	64	70	72	83	84	86	89	96
13	2019	0	4	8	16	26	33	38	45	50	60	77	96	97	101
13	2020	0	1	10	22	29	32	48	56	69	77	91	93	96	99
13	2021	2	11	17	24
13	2022	0	6	12	25	32	58	61	72	76	77	86	92	104
13	2023	31	33	51	66	70	90
13	2024	4	24	27	28	32	53	60	66	95	103
13	2025	4	11	19	22	30	32	33	43	44	45	52	58	64	67	69	75	81	82	91	95	98	100
13	2026	2	15	21
14	2000	9	17	29	47
14	2001	8	24	25	33	34	51	63	89	92
14	2002	37	42	48	52	56	62	75	84	91	102
14	2003	0	6	16	17	19	25	26	29	32	35	41	51	52	65	78	90	100	102
14	2004	2	6	10	14	42	47	49	65	75	77	97
14	2005	2	5	8	25	27	38	47	55	58	75	78	80	87
14	2006	3	4	11	14	20	41	50	63	72	75	86	87
14	2007	4	13	14	15	16	30	42	57	59	60	66	71	74	78	84	93
14	2008	9	26	33	64	71	82	92	98
14	2009	0	6	8	14	23	33	40	50	54	55	66	74	87	92	100
14	2010	1	6	24	25	27	45	48	51	64	65	88	97	99	103
14	2011	0	6	11	14	19	27	35	48	53	56	64	77	89	91	99
14	2012	14	15	22	34	35	64	76	82	84
14	2013	4	10	12	17	18	19	32	42	47	52	62	76	81	83
14	2014	3	27	35	59	68	69	75	82	87	90	91	96	102
14	2015	10	27	29	30	36	38	40	41	52	64	75	89	93	103
14	2016	3	5	7	30	34	35	55	64	67	70	80
14	2017	1	5	6	10	28	59	61	69	71	87	88	98	103
14	2018	1	3	56	65	73	80	89	93	103
14	2019	2	21	33	54	68	75	98	101
14	2020	5	18	47	49	51	56	62	80	91
14	2021	5	21	28	30	46	51	52
14	2022	0	24	26	30	34	36	71	84	90	97	103
14	2023	7	10	16	30	33	34	36	53	64	72	79	83	90
14	2024	0	1	7	9	61	63	71	73	81	88	91	96	98	99
14	2025	10	20	26	29	43	46	61	76	77	78	84
15	2000	3	7	15	16	27	50	51
15	2001	2	9	19	25	39	40	45	46	67	81	89	90	98
15	2002	23	32	39	66	85
15	2003	24	38	41	56	57	58	61	67	71	80	83	98
15	2004	0	7	21	44	51	80	87	91	97	101
15	2005	11	29	43	59	69	82	93
15	2006	14	18	28	35	74	88	102
15	2007	7	20	24	25	28	33	35	36	54	76	80	84	87	89	91
15	2008	6	49	53	56	57	58	59	66	68	71	84	96	97	98
15	2009	7	10	13	16	33	38	43	52	61	63	67	80	100
15	2010	5	10	12	20	23	58	66	78	80	83	86	95	103
15	2011	9	18	20	45	56	69	79	83	85	90	101
15	2012	2	9	12	19	27	34	36	41	45	50	61	64	66	80	83	91	97	98
15	2013	3	12	18	29	34	46	58	66	87	90	97
15	2014	5	8	12	52	58	63	65	68	83	104
15	2015	5	20	28	38	44	47	61	63	72	76	81	89	102
15	2016	5	16	22	30	32	38	52	61	73	76	77	85	92
15	2017	7	20	22	39	51	58	63	75	78	83	86
15	2018	0	5	10	13	16	25	27	31	42	44	66	67	70	88	93
15	2019	0	15	20	24	36	37	41	43	62	64	76	87
15	2020	26	31	54	66	78	95	96
15	2021	1	5	6	10	13	16	18	32	34	38	42	46	51
15	2022	0	7	8	15	17	23	41	56	67	76	80	83	87
15	2023	23	26	34	46	47	57	72	82	96
15	2024	10	32	40	41	45	51	62	64	80	81	91	92	97	98
15	2025	0	10	29	38	39	54	58	72	73	75	93	97
15	2026	1	5	13	17
16	2000	14	16	18	21	26	31	32	36
16	2001	8	13	16	36	38	42	51	68	89
16	2002	5	26	28	37	44	47	53	60	67	71	81	85	93
16	2003	22	24	25	26	31	51	70	71	79	80	89	96
16	2004	0	8	9	22	26	45	52	72	88	100	101
16	2005	12	16	18	19	21	31	51	53	59	63	65	74	87	90	91	99
16	2006	2	24	32	60	73	101	103
16	2007	10	11	17	38	46	51	52	68	85	94
16	2008	4	6	18	36	40	46	61	63	66	79	89	90	96	100	103
16	2009	6	37	41	60	71	78	80	83	85	91	96	102	103
16	2010	6	9	19	30	34	36	41	59	65	69	77	81	91	97	98	100
16	2011	14	15	22	23	26	29	32	33	46	52	59	63	65	72	82	90	97
16	2012	7	15	28	36	38	54	59	65	67	69	74
16	2013	10	16	23	26	34	38	39	47	54	62	72	84	90	92
16	2014	1	5	10	12	18	19	29	40	41	42	68	74	77	82	97	100
16	2015	17	18	23	25	38	44	48	49	60	65	67	68	69	76	77
16	2016	6	7	10	14	17	23	32	36	53	67	83	96
16	2017	9	18	20	35	45	47	66	70	72	78	89	94	97
16	2018	3	12	23	40	41	45	51	66	67	77	83	86	102
16	2019	1	7	34	36	40	59	63	73	75	84	91	99
16	2020	6	10	19	35	45	55	79	81	82	89	92
16	2021	0	2	10	20	32	50
16	2022	0	3	11	13	16	21	24	31	59	62	64	68	71	73	81	85	87	89	97	104
16	2023	23	27	30	34	40	45	52	62	80	82	87	97
16	2024	21	22	25	30	44	47	51	62	70	77	85	94
16	2025	5	8	11	24	28	36	49	71	76	85	89	95
16	2026	0	9	18
17	2000	7	13	27	44	51	56
17	2001	1	18	30	36	46	47	50	52	61	62	76	78	88
17	2002	12	16	23	27	46	54	71	81	87	99	102	103
17	2003	1	5	16	19	23	26	28	33	34	49	58	60	62	65	72	76	77	103
17	2004	3	7	10	11	19	41	43	52	61	69	72	74	91	96
17	2005	4	10	50	52	66	72	74	87	91	96
17	2006	1	5	6	12	15	17	21	24	27	32	40	43	46	59	72	73	77	83	95
17	2007	18	27	28	37	41	48	50	60	62	63	83	102
17	2008	1	24	43	45	56	62	74	84	92	98
17	2009	2	8	12	21	25	28	34	42	66	74	95
17	2010	1	4	8	13	17	30	35	42	46	53	54	57	63	75	78	88	90	92
17	2011	9	24	30	42	44	69	70	78	86	101	104
17	2012	24	33	34	36	44	45	47	48	67	90
17	2013	9	15	17	21	22	27	41	52	53	56	63	65	70	78	99	101
17	2014	9	10	13	27	43	47	55	56	71	88	95	100
17	2015	0	1	30	52	56	58	74	81	83	86	88	92	103
17	2016	11	17	26	29	32	42	48	59	63	79	98
17	2017	1	6	13	19	42	44	50	53	56	72	76	78	80	93	95	98	102
17	2018	11	21	32	35	49	50	68	75
17	2019	0	45	59	60	68	69	72	79	82	85	87	90	102
17	2020	0	8	27	33	37	38	41	46	53	58	86	92
17	2021	10	19	24	27	31	39	49
17	2022	2	5	8	10	12	22	28	33	46	56	65	79	87	98	103
17	2023	2	10	19	20	44	46	55	65	75	77	100	101	102
17	2024	12	18	31	50	54	55	77	87	88	93
17	2025	16	37	45	52	59	61	62	72	81	85	98
17	2026	17	19
18	2000	26	31	37	38	54
18	2001	6	31	49	55	59	72	85	86	96	101
18	2002	9	10	23	28	29	43	49	58	61	64	71	78	94
18	2003	1	7	13	17	25	57	59	64	70	71	73	78	87	92	96
18	2004	7	16	30	40	42	50	63	83	92	94
18	2005	10	23	26	30	33	34	37	39	46	47	48	51	55	66	86	93	101
18	2006	4	13	15	29	30	34	48	51	58	98
18	2007	7	9	19	42	43	47	59	88	99
18	2008	14	16	18	38	68	81	84	99
18	2009	2	14	32	34	42	43	48	51	84	93	98	99	100
18	2010	4	18	19	27	29	43	49	66	85	88	91	96	97	101
18	2011	0	16	21	25	32	46	54	58	65	76	77	82	95	103
18	2012	0	4	8	37	61	70	84
18	2013	0	4	48	55	57	85	98	100
18	2014	6	9	11	12	14	30	51	52	54	67	69	70	71	92	99
18	2015	6	14	34	46	52	55	56	57	59	69	75	78	83	84	85	101
18	2016	3	8	9	12	53	56	57	59	70	71	75	76	85	97	102
18	2017	12	22	25	29	33	34	36	44	54	58	61	62	71	72	77	84	86	95	96	99
18	2018	5	6	13	15	20	44	53	54	62	64	76	80	87	91	92
18	2019	7	13	30	38	63	64	74	90	92	103
18	2020	1	16	24	28	29	43	45	50	59	62	64	66	89	92
18	2021	2	14	25	30	33
18	2022	19	48	63	68	69	74	102	104
18	2023	1	30	32	35	41	43	50	51	72	74	78	88	91	100
18	2024	1	17	20	52	60	72	75	78	84	89	96	103
18	2025	0	10	13	25	29	34	83	87	92	93
18	2026	1	3	11
19	2000	4	20	32
19	2001	0	8	24	30	38	73	98	99	100
19	2002	4	41	53	58	67	71	80	90	101
19	2003	1	6	14	16	20	26	27	40	49	68	69	72	73	79	84	91
19	2004	3	39	44	48	49	61	67	70	78	89	92	99	101
19	2005	11	13	30	44	57	60	72	79	85	89	102
19	2006	1	2	3	12	16	18	22	39	45	48	52	64	80	89	99
19	2007	3	5	18	31	33	40	45	63	97
19	2008	4	17	45	65	66	95	101
19	2009	13	27	32	41	49	57	61	62	72	78	89	99
19	2010	21	23	33	34	35	39	40	54	69	70	79	80	82	83	90
19	2011	6	16	20	24	27	30	34	42	52	57	67	100	103	104
19	2012	7	14	26	31	49	60	71	72	97
19	2013	32	44	48	49	54	61	65	70	87	91	92	93	97	99
19	2014	1	16	36	43	57	70	77	80	91
19	2015	0	2	3	18	22	23	50	54	57	71	82	91	93	102
19	2016	3	5	7	9	11	27	37	39	43	48	49	71	82	87	90	91	95
19	2017	8	17	30	31	37	40	56	61	67	70	75	77	78	89	96	102
19	2018	19	27	31	34	38	43	47	56	74	77	100
19	2019	0	8	14	16	20	22	29	31	33	35	50	53	56	84	97	100	103
19	2020	3	18	21	22	33	36	53	67	69	74	88	90
19	2021	0	7	9	11	23	24	30	31	32	37	41
19	2022	2	5	7	10	19	21	24	27	30	31	33	40	54	60	66	78
19	2023	0	5	11	12	20	22	24	35	44	47	48	54	56	59	63	64	73	76	78
19	2024	6	9	10	11	21	32	44	51	57	63	83	91	97
19	2025	24	26	34	36	42	47	49	58	60	66	75	84
19	2026	8	12	13	16	20	22
20	2000	1	6	7	12	33	37	54
20	2001	4	32	46	50	62	77	78	89	93	97
20	2002	5	17	26	65	73	74
20	2003	9	18	22	28	37	42	46	52	72	76	86	97	100
20	2004	4	6	10	13	17	20	25	52	71	81	101
20	2005	1	15	20	31	39	50	63	70	71	78	95
20	2006	0	5	12	28	45	58	60	67	76	88	94	98
20	2007	8	11	35	40	52	56	57	58	61	68	77	84	102
20	2008	5	7	12	17	35	39	45	50	57	67	68	69	71	78	84	90
20	2009	1	16	29	30	40	59	77	80
20	2010	1	12	14	21	22	34	37	42	43	46	55	56	57	59	62	95	103
20	2011	21	24	31	38	43	50	58	65	89	97	103
20	2012	3	31	33	34	36	39	51	56	63	74	77	79	96
20	2013	11	14	19	39	53	56	59	74	85	96
20	2014	2	25	26	37	44	48	58	61	104
20	2015	2	15	16	26	27	33	37	43	49	54	57	60	69	89
20	2016	12	20	30	31	37	55	57	73	78	89	90	91
20	2017	2	13	34	59	76	79	80	85	91	93	97
20	2018	9	10	11	12	22	28	57	67	82	87	93	98	101
20	2019	16	19	20	21	48	90	94	97	99	100	101
20	2020	13	38	44	46	47	56	60	63	67	76	77	80	82	83	89
20	2021	0	5	25	34	37	40	52
20	2022	9	20	31	34	42	52	56	64	86	92
20	2023	1	6	7	8	19	28	52	63	70	77	86	87	92
20	2024	7	19	24	27	59	63	87
20	2025	5	11	23	26	29	31	35	40	42	43	48	51	55	61	62	63	74	77	80	88	90
20	2026	10	11	12	13	18	20	21
21	2000	4	16	22	31	42
21	2001	0	13	15	19	26	29	57	76
21	2002	0	6	11	33	40	50	55	56	69	78	82	83	88	94
21	2003	26	43	47	55	61	87
21	2004	3	9	15	20	21	41	66	68	80	82
21	2005	0	8	10	23	24	32	35	40	50	85	94	104
21	2006	1	13	15	23	25	26	40	59	68	83	90
21	2007	9	26	37	39	52	73	87	95
21	2008	16	22	25	40	47	51	54	69	76	79	83	86
21	2009	0	9	16	22	25	42	43	86
21	2010	6	22	44	48	58	80	81	89	100
21	2011	4	8	22	33	47	48	60	64	78	88	101	103
21	2012	19	30	42	54	56	88	94
21	2013	0	24	26	35	44	66	73	74	84
21	2014	14	27	37	39	40	44	46	49	62	69	78	80	86	97
21	2015	9	12	20	31	48	91	99	101
21	2016	4	33	41	46	61	71	76	80	84	95	101
21	2017	0	8	22	24	29	56	60	68	73	79	80	86	87
21	2018	68	69	79	101
21	2019	9	10	14	15	27	28	38	41	45	46	49	50	59	62	87
21	2020	15	24	38	45	51	63	76	85	91	97
21	2021	16	23	36	40
21	2022	47	50	51	61	81	85	87	90	92
21	2023	2	4	10	16	17	23	31	46	54	58	60	74	97
21	2024	2	9	15	23	25	49	69	85	86
21	2025	27	32	39	40	43	48	50	65	66	67	72	74	82	93	96	99
21	2026	3	4	19
22	2000	2	9	14	35	44
22	2001	14	20	22	26	41	47	53	55	59	62	63	68	85	88	90	94	102
22	2002	4	14	15	18	34	41	42	64	66	68	92	99	101
22	2003	15	25	34	39	46	73	76	87	91	104
22	2004	5	8	17	25	34	47	48	74	80	87	100	102
22	2005	0	9	13	29	34	37	41	60	65	66	67	73	75	95	100
22	2006	8	16	33	38	41	49	54	68	72	74	92	98
22	2007	20	21	28	30	34	36	37	45	67	77	82	86
22	2008	5	13	14	17	19	20	22	29	39	43	52	55	58	62	65	73	81	95	99	102
22	2009	3	11	15	16	26	36	65	66	67	71	73	74	77	81	84	86	97	98	103
22	2010	2	10	13	15	22	48	57	60	66	68	80	83	89
22	2011	3	7	9	15	32	35	43	44	47	51	52	56	63	66
22	2012	1	17	20	23	24	45	48	51	55	61	62	67	68	79
22	2013	1	2	6	11	13	34	35	36	39	50	51	68	69	71	73	75	80	85	88	96	98	103
22	2014	4	24	32	38	53	63	66	85	98	100	104
22	2015	4	7	9	17	25	31	44	45	57	65	70	72	77	81	84	100	102
22	2016	23	30	44	56	68	81	102	103
22	2017	1	10	11	16	17	22	25	26	47	51	54	60	85
22	2018	2	7	12	21	48	56	60	68	86	90	102
22	2019	1	2	8	10	13	19	21	26	28	43	53	60	68	80	86	102
22	2020	5	8	13	14	18	22	23	26	28	30	37	64	70	75	79	83	98
22	2021	14	17	28	41
22	2022	18	27	29	46	51	56	63	93	101
22	2023	12	19	29	42	47	48	61	65	69	71	76	79	81	90	94	98	99	101
22	2024	16	37	45	46	54	56	64	68	82	100
22	2025	3	9	16	18	24	63	68	72	74	81	95
22	2026	4	9
23	2000	5	35	46	51
23	2001	15	16	38	43	55	59	64	72	74	76	77	82	85	86	102
23	2002	15	27	38	46	47	72	73	88	94	98
23	2003	10	14	15	22	34	35	47	49	56	68	74
23	2004	3	10	12	25	37	38	56	63	65	79	82
23	2005	6	8	16	41	45	62	65	68	76	79	83	91
23	2006	6	8	17	28	34	44	60	71	86	96	99	103
23	2007	10	14	17	19	34	38	42	45	46	53	55	58	65	84	95	98	103
23	2008	5	14	25	29	31	37	52	60	72	91	93	94	97
23	2009	1	22	44	45	58	64	67	68	72	75	81	91
23	2010	20	21	31	43	49	55	77	84
23	2011	2	3	6	7	11	25	29	36	47	54	57	63	71	73	74	86	87	93	94
23	2012	21	24	26	32	40	42	56	61	85	93	95	96	101
23	2013	5	13	26	40	41	46	73	77	84
23	2014	0	3	6	21	22	32	33	36	45	67	70	72	78	81	85	96
23	2015	10	12	20	21	26	32	43	68	82	92
23	2016	0	4	8	15	26	60	63	66	101
23	2017	3	17	21	30	38	41	49	53	60	61	66	75	77	90	99
23	2018	12	24	26	31	37	42	71	94	95	99
23	2019	8	12	23	27	48	58	59	60	75	76	81	86	103
23	2020	6	20	37	54	68	73	82	84
23	2021	4	7	12	17	22	28	32	35	48
23	2022	7	44	48	49	54	56	59	83	85	98
23	2023	15	16	18	19	21	33	36	43	52	58	60	61	68	79	87	91
23	2024	9	13	14	18	36	59	73	78
23	2025	13	37	44	45	51	55	67	73	79	81	85	101
23	2026	3
24	2000	6	24	26	28	42	45	52	53	55
24	2001	2	8	24	26	28	29	34	50	63	74	87	100
24	2002	1	2	27	57	72	74	89	91	92	97	100	103
24	2003	1	8	13	14	33	43	48	57	66	82	85	97	98	101	103
24	2004	1	16	18	22	30	39	42	56	88	91
24	2005	1	7	17	20	30	35	46	50	55	61	62	69	70	71	83	85	93	101	102
24	2006	22	31	36	43	53	65	67	74	83	97
24	2007	12	18	20	23	43	52	56	62	65	70	81	96	97
24	2008	20	31	36	37	42	46	47	56	72	85	97	100	103	104
24	2009	7	31	36	58	63	68	70	80	82	84	92	93	94	95	102
24	2010	1	2	14	20	22	26	27	37	58	60	74	90	91	96
24	2011	1	10	12	40	45	48	49	58	75	76	80	86	92	101
24	2012	0	1	6	9	10	14	17	31	38	48	57	70	75	91	92	96
24	2013	10	13	22	30	40	62	71	83	85	87	91	92	95
24	2014	0	7	17	19	25	30	39	44	53	64	72	79	87	90	94	95	101
24	2015	13	42	43	63	65	73	75	83	87	90	94	98	99
24	2016	13	42	72	75	100
24	2017	13	24	28	41	42	43	67	79	85	88	92
24	2018	2	7	12	17	18	41	43	51	64	68	72	82	84	92
24	2019	5	16	35	46	57	73	74	77	93	103
24	2020	4	8	12	15	20	27	30	51	58	60	61	70	83	87
24	2021	9	15	24	29	33	45
24	2022	0	8	14	15	27	30	37	51	63	69	75	84	85	94	101
24	2023	2	3	5	33	39	45	49	51	62	63	74	95
24	2024	2	7	8	9	22	41	58	67	69	80	90	102
24	2025	1	16	28	47	60	94	98
24	2026	5	17	22
25	2000	3	13	15	16	19	22	23	33	35	37
25	2001	12	14	19	21	24	31	47	48	57	66	69	70	74	79	81	92	94	96	101
25	2002	0	3	4	10	14	16	18	21	40	44	51	54	67	72	74	76	82	86	102
25	2003	11	24	32	36	38	55	62	69	73	76	79	85	86	90	93
25	2004	12	25	28	33	35	56	89	97	103
25	2005	16	17	31	36	38	44	45	51	56	57	59	64	76	77	80	87	95	99
25	2006	25	27	33	39	45	51	55	56	57	59	67	68	70	82
25	2007	23	41	44	49	53	79	80	92	97
25	2008	10	11	12	33	39	58	60	83	87	89	94
25	2009	23	30	37	55	66	70	76	83	86	90	91	103
25	2010	14	15	21	23	25	39	45	46	49	50	60	70	76	85	95
25	2011	13	24	26	48	55	65	80	83	96	98
25	2012	13	16	18	25	52	58	67	89	99	100	103
25	2013	16	41	47	61	65	67	81	85	101
25	2014	0	1	15	22	31	36	54	58	68	69	73	84	91	93	102
25	2015	10	11	15	16	21	59	79	88	89
25	2016	3	6	10	16	27	43	58	62	70	78
25	2017	6	8	13	14	20	23	24	31	32	40	41	55	63	66	76	83	94	97
25	2018	2	4	10	24	28	32	36	49	52	53	60	61	76	97	101	103
25	2019	3	31	37	43	54	69	87	91	98	100
25	2020	2	28	33	42	44	45	56	57	58	62	74	77	80	91	95
25	2021	14	15	18	26	27	33	35	44	50
25	2022	11	18	33	34	37	38	39	42	46	60	93
25	2023	2	4	6	18	32	36	53	56	69	71	80	84	89	90	92	94	100
25	2024	0	5	21	32	37	49	55	59	60	66	68	73	84	86	92
25	2025	7	8	9	14	17	19	25	26	35	42	45	73	83	95	100	102
25	2026	3	7	10	15
26	2000	5	10	21	31	32	38	40	41	45	50	51	53
26	2001	1	10	12	14	20	22	32	36	42	44	65	72	73	84	86	87	89	93
26	2002	4	7	34	38	56	59	60	61	63	64	66	79	90	92	96
26	2003	18	33	34	43	49	71	75	84	94	99
26	2004	6	10	24	30	40	48	53	62	73	74	84	91	103
26	2005	1	9	14	18	29	30	39	48	51	64	73	76	83	84	89	101
26	2006	1	2	9	11	12	24	35	37	42	80	90	97	102
26	2007	8	11	16	17	21	24	41	47	58	69	71	79	82	91	99	103
26	2008	2	7	10	21	32	63	64	67	71	82	86	87
26	2009	1	18	20	26	34	48	51	67	70	97	98
26	2010	16	27	32	33	37	42	66	72	93	97	101
26	2011	0	2	4	28	29	37	41	55	59	63	69	84	91	92	102
26	2012	5	19	22	25	29	32	40	43	57	60	69	72	83	87	94
26	2013	1	2	4	8	11	15	20	28	29	45	56	60	69	76	84	97	102
26	2014	5	6	8	10	15	37	51	54	55	56	59	82	86	92	99
26	2015	11	24	35	39	46	64	66	67	71	72	80	86	95	103
26	2016	6	13	20	21	25	33	34	38	39	52	60	61	62	78	84	86	87	94
26	2017	5	18	19	20	23	28	35	36	38	40	45	58	73	93
26	2018	8	13	22	62	66	73	79	94	97
26	2019	23	25	39	55	73	78	84	93
26	2020	19	23	29	66	71	74	80	85
26	2021	6	14	18	29	41	45	49
26	2022	8	10	11	18	22	36	48	53	56	63	66	67	72	81	98
26	2023	1	12	15	18	27	31	37	38	49	64	66	85	86	89	103
26	2024	3	10	16	17	34	44	63	64	67	71	77	78	92	93
26	2025	0	3	5	15	17	18	19	20	33	55	58	84	89	92	97	100
26	2026	3	19
27	2000	5	8	22	30	34	45	52	55	56
27	2001	2	31	42	48	50	51	54	59	69	73	77	84	85	90	99
27	2002	1	9	21	24	29	38	49	56	61	67	70	73	78	89	103
27	2003	2	6	8	29	50	64	75	85	88	89	92	94	102
27	2004	7	11	13	22	34	39	48	51	56	58	63	66	73	80	85	86	90	94
27	2005	0	12	17	19	33	39	48	54	59	72	87	91
27	2006	3	4	5	9	26	37	51	54	76	77	88	90	93
27	2007	2	4	5	7	9	24	42	53	56	64	71	73	77	90
27	2008	0	4	8	9	11	27	28	43	44	52	55	56	73	77	87
27	2009	39	44	54	73	78	80	88
27	2010	18	19	20	37	47	52	78	98
27	2011	2	15	19	27	39	41	53	56	68	71	75	77	89	97	102
27	2012	5	7	9	13	25	44	49	59	67	92	96	97	99	100
27	2013	5	8	14	28	66	67	78	99	101	102
27	2014	20	41	44	45	73	82	83	104
27	2015	6	8	11	13	15	23	24	37	40	99	103
27	2016	1	6	32	46	48	55	71	93	104
27	2017	2	3	13	21	29	30	41	42	49	53	56	57	58	63	71	73	98	103
27	2018	4	11	13	15	23	27	28	37	39	41	71	73	79	81	90	95
27	2019	15	29	30	34	47	53	58	62	70	77	79	98	101
27	2020	1	2	14	30	35	41	51	59	64	75	80	93
27	2021	13	37	40	43	51
27	2022	9	14	25	28	37	60	62	63	88	103
27	2023	14	19	21	25	51	69	72	87	91	93	96	98
27	2024	3	25	33	35	36	43	54	59	65	68	70	76	99
27	2025	2	3	9	11	19	50	56	58	61	67	74	96	97	103
27	2026	5	9
28	2000	3	24	25	28	30	34	54
28	2001	2	3	5	9	22	25	28	37	63	67	68	71	75	76	77	102
28	2002	4	17	44	45	56	72	77	83
28	2003	23	38	40	41	51	55	57	81	94	95
28	2004	3	4	10	11	14	15	20	24	37	45	73	75	76	77	78	82	89	95	103
28	2005	4	8	27	29	42	48	74	75	77	90	97	98
28	2006	9	23	35	53	55	60	66	79	87	89	91	94
28	2007	5	16	23	25	37	43	54	59	64	72	73	74	83	88	96	103
28	2008	2	6	9	24	30	62	66	67	75	76	77	87	101
28	2009	12	17	27	39	40	45	63	79	87	88	101
28	2010	5	6	44	47	53	55	57	61	67	72	78	85	91	99
28	2011	3	7	18	24	37	40	46	50	67	71	72	81	89	104
28	2012	35	45	47	48	65	78	80	89	93
28	2013	5	6	7	9	16	29	31	33	34	43	51	55	56	58	65	72	89	94
28	2014	2	17	26	29	30	36	44	48	50	59	66	85	90	100
28	2015	0	11	19	26	40	50	63	65	68	71	72	79	81	82	89
28	2016	10	26	34	51	57	64	66	79	86	93	100
28	2017	3	4	9	10	15	18	24	27	44	66	67	70	74	92	94
28	2018	10	17	18	26	54	72	87	94
28	2019	25	65	70	71	72	86	89	91	93
28	2020	3	7	22	25	31	54	57	62	71	79	85	93
28	2021	41	49	50
28	2022	9	18	19	22	37	41	50	59	64	102
28	2023	11	13	16	22	25	28	37	41	45	50	66	69	71	72	78	91
28	2024	0	8	15	16	31	38	39	42	72	74	75	76	79	88	103
28	2025	2	14	15	23	35	36	40	44	47	54	59	60	81	87	88	90	94	103	104
28	2026	6	10	20
29	2000	1	9	11	19	21	25	26	36	43	49
29	2001	15	18	30	35	37	49	61	65	97
29	2002	1	8	13	29	37	46	51	65	70	71	77	88
29	2003	4	36	40	43	52	56	94	99
29	2004	5	16	17	21	30	33	34	38	73	77	78	79	82	84	85
29	2005	21	28	36	42	43	46	52	53	69	74	88	97
29	2006	10	41	44	45	46	62	92	100
29	2007	3	17	23	27	39	44	49	57	77	80	86	95	100
29	2008	24	25	35	38	60	62	68	77	81	104
29	2009	3	12	14	21	27	40	47	69	71	96	97	100
29	2010	11	32	45	47	56	62	69	73	74	78	84	92	102
29	2011	1	5	26	32	34	36	37	42	49	64	68	69	78	80	96	99
29	2012	0	1	12	18	26	29	46	53	54	55	56	68	76	92
29	2013	11	18	20	26	38	41	48	54	55	57	66	67	68	80	81
29	2014	3	11	14	23	42	55	56	65	68	83	97	98
29	2015	4	5	9	12	25	29	36	41	44	50	62	74	81	84	85	86	90	92	96
29	2016	7	14	21	40	58	75	81	82	100	103	104
29	2017	2	16	39	41	45	46	50	59	64	65	68	84	92	96
29	2018	8	14	21	22	31	37	40	42	49	57	61	64	71	78	89	92	96
29	2019	2	5	7	9	15	23	25	29	31	35	42	43	55	56	57	67	70	71	78	90
29	2020	17	18	29	32	48	55	65	73	90
29	2021	5	8	12	22	23	24	31	40	46
29	2022	13	27	29	32	46	47	49	55	59	65	82	89	93	96	102	103
29	2023	0	9	26	38	46	53	60	62	81	90	94	95
29	2024	6	7	8	20	26	32	35	37	53	57	67	96
29	2025	13	16	18	22	29	46	53	71	76	79	87	93	94	96
29	2026	1	2	13	14	22
30	2000	0	3	4	17	42	49
30	2001	8	16	23	36	60	67	74	79	91	93	98
30	2002	3	17	20	48	51	55	73	79	85	86	87	96	100
30	2003	2	8	13	17	34	57	79	98	99	101
30	2004	5	8	13	24	26	32	46	50	59	67	86	97	100
30	2005	3	9	28	35	38	46	56	79	83	86	89	92	98	101	102
30	2006	12	14	18	24	26	41	49	53	55	58	62	64	66	79	80	81	84	85
30	2007	0	19	33	34	52	61	67	70	91
30	2008	0	2	5	35	36	44	47	49	50	51	63	80	104
30	2009	36	52	56	60	69	75	77	94	95
30	2010	0	16	21	22	33	39	61	64	66	74	79	86
30	2011	8	13	35	39	51	55	85	90	93
30	2012	37	43	51	53	86	99
30	2013	23	25	27	36	43	44	45	59	67	73	74	76	86	88	93	95
30	2014	15	23	24	30	34	36	38	49	59	64	83	85	87	95	98
30	2015	15	22	24	39	54	56	58	59	64	67	73	97
30	2016	0	12	14	20	27	34	38	41	43	45	52	56	60	64	65	66	70	87	102	103
30	2017	10	16	29	30	35	46	54	59	72	74	79	94	99
30	2018	18	20	26	43	55	61	71	74	78	85	92	99	102
30	2019	9	43	49	54	55	62	64	66	77
30	2020	1	7	11	21	30	33	92
30	2021	0	3	6	27	30	37
30	2022	2	13	23	38	40	47	55	62	75	91	97	99
30	2023	7	11	42	43	44	45	50	54	55	60	73	80	92	97
30	2024	4	14	36	37	47	48	49	50	51	52	56	57	75	77	94	97	98	100
30	2025	1	2	3	4	10	12	17	21	22	23	40	44	47	48	49	64	70	85
30	2026	8	15
31	2000	1	2	5	20	28	33	52
31	2001	3	10	12	24	26	32	34	37	40	45	52	55	56	64	99
31	2002	6	9	11	20	41	57	63	64	80	84	86	92
31	2003	2	12	15	31	33	42	46	59	63	67	81	82	89	93	95	101	102	104
31	2004	9	23	35	40	44	48	50	54	66	68	69	72	73	85	93
31	2005	12	34	47	56	72	84	86
31	2006	1	3	32	35	38	40	47	53	56	57	72	75	79	87	99
31	2007	13	16	22	25	26	30	37	40	43	45	51	64	66	68	70	71	72	76	102
31	2008	5	23	25	26	28	36	37	42	46	68	78	84	86	91	98	103
31	2009	8	14	17	23	31	39	52	53	58	73	77	82	95
31	2010	0	6	13	36	57	61	68	73	98
31	2011	12	20	25	27	37	38	45	64	66	67	70	75	80	83	95
31	2012	35	37	40	45	50	57	59	66	74	88	99	103
31	2013	7	10	25	26	28	31	37	49	50	58	59	61	63	70	77	94
31	2014	2	13	16	20	40	43	56	62	66	76	79	82	85	88	91
31	2015	13	14	42	49	56	60	76	78	90	95	98
31	2016	2	4	9	14	15	23	24	37	39	44	66	69	73	93
31	2017	16	21	32	35	43	55	73	76	86	101	102
31	2018	0	3	6	24	35	36	43	47	48	59	61	64	67	72	88	90	91	94	95	99
31	2019	1	3	4	7	12	24	34	37	51	68	73	78	82	84	89	92	99
31	2020	4	10	12	15	22	28	36	40	44	72	98
31	2021	11	21	42	43	45	47	52
31	2022	12	27	35	84	93	94	98
31	2023	0	9	30	35	38	49	57	65	80	81	82	84	98	99	100
31	2024	10	13	20	26	34	36	38	45	47	61	73	74	83
31	2025	6	25	28	31	55	76	86
32	2000	2	8	9	16	20	24	30	31	32	33	35	40	42	48
32	2001	11	18	20	47	58	60	67	75	84
32	2002	6	16	20	35	50	89	93	94	98
32	2003	2	3	11	24	29	35	44	78	82	83	87	88	92
32	2004	8	12	20	22	30	31	38	43	45	63	69	81	84	97
32	2005	7	23	27	28	43	47	77	94
32	2006	23	26	30	52	63	64	84
32	2007	4	11	23	35	45	61	74	100
32	2008	32	42	47	48	49	50	56	64	72	92	94	97	100
32	2009	3	4	19	23	25	31	38	45	49	51	52	57	59	62	65	73	89	95
32	2010	0	26	27	43	44	53	62	64	71	73	77	81	92	95
32	2011	2	12	16	25	28	33	47	53	59	66	69	73	97	99	102
32	2012	3	4	11	16	46	54	60	65	91	93	100	101
32	2013	10	20	27	28	33	37	39	43	50	75	77	82	89	103
32	2014	5	7	10	15	19	28	38	49	51	71	72	74	80	81	90	94	96	101
32	2015	2	19	25	48	52	78	97	101
32	2016	11	12	13	19	36	51	68	76	80	83	84	88	94	98
32	2017	2	11	15	31	35	37	43	46	55	66	84	92	94	101
32	2018	1	4	16	52	60	66	72	80	83	84	100
32	2019	11	19	27	39	42	80	88	98
32	2020	5	9	15	34	52	55	74	86	87	94	99
32	2021	2	26
32	2022	1	2	3	11	20	32	41	43	66	68	82	85	88	89	94	95	99	104
32	2023	2	18	19	47	56	58	68	73	75	79	85	93
32	2024	0	23	24	29	41	48	66	71	86	97
32	2025	22	30	37	62	78	91	93	99	100	101	102
32	2026	1	6	19	20
33	2000	2	6	12	16	23	30	42	49	50	54
33	2001	8	13	16	21	27	28	33	38	57	70	73	75	78	80	95	97
33	2002	10	13	18	20	26	29	40	79	88	98
33	2003	8	11	12	20	21	22	36	40	41	56	69	81	82	91	97
33	2004	2	5	7	27	30	31	32	36	50	51	60	61	65	76	88	92	98
33	2005	12	19	21	23	41	43	49	57	61	62	71	90	98
33	2006	7	18	36	42	62	65	76	78	81	84	92	93	97
33	2007	5	6	12	15	22	25	27	49	55	59	60	66	69	78	88	101
33	2008	1	12	21	26	33	68	89	90	96
33	2009	16	18	25	40	43	67	74	76	86	94
33	2010	2	16	31	42	45	50	51	59	61	62	63	81	82	83	88	92	93
33	2011	2	4	14	18	26	33	34	39	58	61	62	67	79	85	91	92	94	100
33	2012	1	4	6	17	18	21	30	33	46	47	49	52	55	83	84	85	98
33	2013	7	13	16	57	76	84	89	93	95
33	2014	11	18	21	48	58	59	71	73	79	88	94	102
33	2015	3	29	39	49	50	53	57	75	76	78	79	85	87	91	100
33	2016	8	9	18	24	27	45	47	55	60	62	68	80	83	89	99
33	2017	12	34	44	46	52	55	58	69	70	76	77	85	95
33	2018	5	10	15	26	29	33	47	48	56	75	78	79	98
33	2019	6	10	20	47	65	76	78	83	89	94	95	102
33	2020	6	16	40	43	44	53	60	61	74	76	77	79	87	88	95
33	2021	3	8	27	35
33	2022	3	9	11	13	16	28	44	45	50	60	77
33	2023	9	12	15	22	25	28	29	39	44	56	59	62	63	74	75	83	86	102
33	2024	7	11	14	17	25	29	44	52	56	60	62	72	77	81	88	89	95
33	2025	0	3	5	41	48	65	88	93	97	101
33	2026	16
34	2000	4	18
34	2001	0	11	12	17	39	43	44	46	52	56	60	63	68	82	92
34	2002	0	6	10	30	35	38	39	45	57	60	63	66	67	68	70	80	83	85	86	87	90	93	97	102
34	2003	14	20	29	30	44	45	49	63	67	74	75	80
34	2004	4	11	21	27	33	38	44	47	51	55	84	99
34	2005	15	24	34	42	64	85	94	97	101
34	2006	10	32	44	48	52	54	59	69	79	81	92	93	97
34	2007	6	9	13	29	32	34	39	42	47	50	53	71	74	75	76	80	82	83	86	92	98	101
34	2008	16	18	22	23	24	27	29	39	41	42	54	61	72	75	82	85
34	2009	15	22	37	62	64	69	71	72	78	79	88	94
34	2010	3	4	8	10	21	28	39	43	47	59	60	84	88	92
34	2011	5	7	9	10	23	34	36	42	44	46	49	64	80	83	84	85	98
34	2012	2	10	11	22	30	37	39	41	56	64	65	73	77	79	86	90	97	102
34	2013	9	21	27	59	64	70	100
34	2014	8	18	23	33	35	41	50	57	76	80	81	92
34	2015	26	31	38	45	55	76	101
34	2016	2	4	8	10	11	36	50	54	56	61	65	74	78	98	99	100
34	2017	2	32	39	52	60	68	69	83	92
34	2018	0	7	19	23	27	29	35	38	45	59	65	98	100
34	2019	9	11	20	50	51	61	68	70	73	74	99
34	2020	7	22	23	32	36	50	57	63	82
34	2021	12	15	35	36	40
34	2022	4	25	32	36	38	44	45	49	60	65	67	86	92	94
34	2023	0	8	9	20	27	28	29	31	39	41	50	52	56	69	88
34	2024	1	12	13	15	30	52	59	80	92	94	98	101
34	2025	6	15	28	37	39	46	56
35	2000	2	21	23	27	35	38	39	43	53
35	2001	9	33	38	42	43	49	61	64	66	68	69	82	97
35	2002	0	22	36	69	81	103
35	2003	5	8	10	12	15	30	39	40	62	68	72	74	77	81	83	85	97	103
35	2004	4	12	25	41	50	59	62	83	87	93	98
35	2005	2	6	17	19	24	38	53	63	64	73	81	83	85	95	97	104
35	2006	5	8	9	25	31	34	36	38	41	51	54	75	77	96
35	2007	0	1	25	58	95
35	2008	19	28	32	39	61	71	74	78	82	83	93
35	2009	10	32	38	42	44	45	48	58	60	65	68
35	2010	13	18	20	27	29	30	38	46	53	68	70	74	93	94	101
35	2011	0	5	6	8	10	21	30	37	41	59	84	86
35	2012	12	16	19	23	27	30	34	67	68	78	103
35	2013	15	22	25	29	30	40	49	64	68	79	88	90	93	100	101
35	2014	12	30	33	34	35	45	66	76	84	85	96
35	2015	14	31	36	48	51	54	61	69	96
35	2016	0	3	13	21	29	32	35	43	44	49	67	73	74	80	81	88	100
35	2017	18	43	51	59	65	73	81	90	91	96	100
35	2018	0	11	18	19	30	42	45	50	59	82	85
35	2019	4	6	7	18	35	38	57	59	60	63	71	96	101
35	2020	2	24	31	41	43	48	56	63	70	73	90	93
35	2021	1	8	10	21	23
35	2022	20	31	36	58	81	88	91
35	2023	9	22	23	42	58	61	62	81	93	95
35	2024	6	12	26	27	31	43	50	51	53	57	65	98
35	2025	6	8	21	23	27	41	44	50	57	62	65	68	70	84	87	97
35	2026	7	19	21
36	2000	8	12	17	20	26	35
36	2001	0	23	27	28	35	36	47	66	75	86	94
36	2002	9	24	29	36	43	46	47	55	57	68	75	76	100
36	2003	0	9	18	23	44	54	59	90	91	103
36	2004	46	52	68	88	93	94	96
36	2005	0	5	7	8	9	12	14	29	30	75	79	81	82	90	96	102	103	104
36	2006	6	15	17	19	62	69	74	82	101
36	2007	0	2	5	9	15	32	49	51	56	57	72	73	75	80	83
36	2008	16	24	26	36	47	60	65	66	69	74	83	92	104
36	2009	6	26	36	38	42	45	49	53	61	68	78	94	101
36	2010	12	24	35	36	38	51	56	67	69	101
36	2011	0	1	17	31	35	40	51	54	62	67	70	99	102
36	2012	0	2	12	37	39	40	72	81	91	96	100	102
36	2013	0	2	7	8	14	31	40	43	51	52	58	62	63	86	88	92	94
36	2014	1	2	5	7	8	14	21	24	51	64	67	76	81	103
36	2015	0	12	17	28	32	60	62	67	84	93	99
36	2016	1	29	34	41	70	84	86	97
36	2017	12	25	29	33	38	42	46	54	56	60	64	74	84	85
36	2018	7	16	37	40	48	53	59	61	63	76	81	82	96	102
36	2019	0	5	8	10	20	24	29	38	41	57	69	70	71	79	81	93	98	102
36	2020	11	19	23	25	34	37	42	46	47	52	53	67	84	87
36	2021	3	12	14	23	36	46
36	2022	19	20	42	49	57	64	66	70	75	80	83
36	2023	8	13	23	25	30	38	65	67	73	77	95
36	2024	0	13	26	34	37	39	50	90	96
36	2025	1	4	7	17	21	29	34	38	39	43	49	57	65	77	81	90	104
36	2026	1
37	2000	1	19	23	41	44	46	47	51
37	2001	1	3	9	27	52	53	57	58	80	82	83	85	94	95
37	2002	2	3	16	20	25	26	47	48	68	71	74	75	80	82	84	100
37	2003	2	4	7	20	22	24	39	45	48	59	60	83	93	94	101
37	2004	0	12	18	32	36	58	64	79	85
37	2005	4	15	16	26	32	38	40	58	72	77	78
37	2006	7	16	17	33	35	57	68	82	88
37	2007	2	20	29	30	33	35	62	64	83	99	100	102
37	2008	1	6	7	14	19	20	25	34	41	50	56	63	77
37	2009	1	2	18	21	27	28	48	49	50	59	63	77	88	103
37	2010	2	9	17	28	29	34	39	45	58	65	74	96	103
37	2011	7	24	25	44	49	50	82	85	88	99
37	2012	1	7	8	23	26	29	33	43	50	59	64	70	81
37	2013	7	22	23	30	68	69	71	77
37	2014	7	12	27	39	55	60	63	80	90	93
37	2015	0	6	9	27	29	43	47	51	59	74	80	94	97
37	2016	16	18	19	22	33	36	53	54	64	66	69	74	78	81	98	104
37	2017	0	3	9	32	33	39	43	44	57	59	61	76	88	89	93	102	103
37	2018	1	6	13	17	30	36	50	51	52	67	70	75	80	84	88	93	99
37	2019	6	9	18	28	52	54	75	76	85
37	2020	0	3	10	59	65	78	88	89
37	2021	1	16	46
37	2022	26	38	48	52	69	74	78	79	82	91	97	100	102
37	2023	0	4	6	9	12	24	34	45	50	53	57	62	65	67	83
37	2024	2	11	16	17	30	34	55	62	66	84	87	95	97	100
37	2025	20	28	30	31	35	42	51	53	59	72	74	78	79	88	92	96	97	99	100	102
37	2026	4	7	8	9	11	15	17	19
38	2000	2	12	17	18	28	29	32	40	41	53
38	2001	6	7	16	19	20	27	33	55	57	69	70	73	81	86	91
38	2002	6	14	15	19	25	28	35	36	39	45	62	70	76	78	89	99
38	2003	3	9	11	37	38	43	45	46	47	62	65	66	78	85	91
38	2004	7	14	16	18	19	29	37	43	57	71	85	95	96
38	2005	15	36	38	53	59	67	68	75	91	92	102
38	2006	7	8	20	21	33	66	69	70	75	76	78	91	101	102
38	2007	1	3	5	11	14	46	52	66	72	88
38	2008	2	31	38	57	58	63	70	73	98
38	2009	4	5	7	17	18	22	28	46	50	55	62	79	98	99
38	2010	3	13	18	30
38	2011	4	16	17	20	41	44	45	53	56	74	77	85	93	94	97	100
38	2012	18	22	44	57	61	68	71	80	89	96	101	103
38	2013	12	20	24	26	30	31	38	45	55	56	60	70	81	82	83	87	94	98	99
38	2014	3	17	20	24	29	34	48	53	58	59	72	74	95	102
38	2015	0	3	7	15	25	33	35	39	48	53	61	65	80
38	2016	11	13	26	28	30	46	53	77	82	88	91	92	93	99	101
38	2017	2	7	16	22	36	49	50	55	64	75	82	88	100	101
38	2018	8	20	22	24	31	37	42	51	69	76	85	103
38	2019	3	17	19	30	34	36	48	67	72	82	83	90	95	99
38	2020	11	21	44	47	48	50	52	55	60	64	73	78	88
38	2021	4	19	27
38	2022	2	3	19	26	32	53	79	80
38	2023	3	7	22	51	78	85	91	93	97
38	2024	23	35	40	41	47	58	80	90	95
38	2025	4	20	22	32	34	44	66	77	87	103
38	2026	8	18
39	2000	12	17	22	32	33	36	38	41	45
39	2001	11	20	43	53	54	58	99
39	2002	2	8	21	31	35	47	53	56	59	69	73	74	79	94	98
39	2003	5	16	19	28	42	50	53	60	77	92	93	100	104
39	2004	11	49	54	62	71	76	79	86	94	103
39	2005	2	5	6	11	15	17	20	28	35	43	55	99
39	2006	3	5	9	25	31	36	62	67	70	72	81	83	87	96	103
39	2007	1	13	30	33	42	47	48	56	66	76	93	96
39	2008	9	15	16	17	32	34	48	76	77	80	91	102
39	2009	10	11	13	19	49	52	61	65	69	74	76	82	84	85	102
39	2010	6	7	18	33	36	40	41	50	72	86	87	95	100
39	2011	11	15	18	27	28	31	55	71	73	82	93	101
39	2012	8	23	24	29	49	71	72	77	84	85
39	2013	1	5	13	19	21	25	32	44	50	60	63	64	69	91	95	98
39	2014	1	4	15	28	38	39	51	55	69	70	73	77	78	86	104
39	2015	3	20	23	29	30	37	53	59	61	77	83	88
39	2016	4	13	20	28	35	37	42	59	64	81	89	91	92	96	101
39	2017	0	4	5	9	12	27	32	36	48	52	62	100	101
39	2018	9	45	58	68	69	73	78	91
39	2019	11	21	28	39	52	54	58	64	66	83	88
39	2020	8	10	25	26	31	32	42	52	60	66	68	91	97
39	2021	29	31	34
39	2022	10	12	17	23	38	68	70	73	88	97
39	2023	10	20	37	42	55	67	75	88	98
39	2024	6	11	20	50	52	58	89	91	94	101
39	2025	12	25	46	47	52	56	60	66	69	70	85	89	91	94	102
39	2026	14	18
40	2000	0	3	7	18	20	21	22	24	29	36	50	52
40	2001	7	10	40	49	53	62	71	83	84	91	93	95	98	99	102
40	2002	14	19	22	37	54	59	60	69	77	82	92	97
40	2003	6	14	17	29	38	42	60	72	77	80	100	103
40	2004	4	13	19	24	32	41	42	45	48	50	54	64	68	70	75	84	86	96
40	2005	21	25	28	40	49	50	52	54	66	76	82	88	90	92	94	95	99	103
40	2006	7	13	22	29	37	38	39	47	55	60	70	80	82	86
40	2007	2	7	34	38	60	74	77	92	94
40	2008	2	15	21	30	34	48	55	62	66
40	2009	0	5	12	33	36	47	53	57	63	72	80	83	103
40	2010	3	23	26	31	33	36	37	47	59	68	71	81	100
40	2011	15	23	31	35	52	60	61	68	81	87	92
40	2012	9	12	13	17	25	32	36	46	57	61	65	68	75	76	94	99	100
40	2013	37	42	59	61	72	73	75	82	83	102
40	2014	22	32	35	42	61	63	70	75
40	2015	9	21	35	38	45	78	80	86	87	102
40	2016	6	8	17	24	43	49	54	57	69	83	97
40	2017	4	20	21	27	52	53	71	72	81	90	99
40	2018	14	17	19	47	51	55	58	62	85	86	89	91	93
40	2019	1	3	22	24	40	42	47	53	56	58	61	80	89	94
40	2020	13	45	49	66	71	82	83	87	96
40	2021	3	12	19	26	30	45	47	48
40	2022	9	21	26	33	51	54	61	66	67	71	83
40	2023	1	8	13	22	24	27	33	44	57	63	76	89
40	2024	4	8	13	14	15	18	21	22	23	30	36	45	65	66	79	81	84	87	88	89	91	103
40	2025	6	27	28	45	52	57	80	84	101
40	2026	11	12	17
41	2000	4	14	36	45	55
41	2001	11	17	21	24	35	46	60	62	67	77	79	80	95
41	2002	11	28	40	44	46	48	50	58	59	62	66	69	70	85	101
41	2003	0	5	12	35	45	48	58	83	89	90	96	97
41	2004	0	9	35	43	44	53	56	59	69	74	90	94	102
41	2005	1	4	12	14	33	40	49	51	52	70	73	81	99	100	103
41	2006	0	16	30	47	50	52	55	57	64	79	93	101
41	2007	3	14	24	29	41	49	69	75	81	87	89	92	95	101
41	2008	2	10	29	38	43	46	57	64	90	91	93
41	2009	2	11	14	23	24	33	34	35	37	48	62	72	77	81
41	2010	10	15	25	31	38	41	48	50	72	73	77	95	96
41	2011	2	10	11	19	21	22	32	36	39	43	48	61	62	66	67	75	87	88
41	2012	12	31	38	43	51	59	60	62	71	73	75	77
41	2013	0	23	37	42	54	71	77	96
41	2014	4	21	35	43	49	52	53	56	57	61	64	87	89	98
41	2015	1	5	12	14	16	18	22	27	33	36	44	47	50	51	58	78	81	82	89	93	102
41	2016	24	25	37	39	49	55	65	69	77	79	82	89	94
41	2017	7	10	13	17	26	30	48	50	56	57	62
41	2018	10	11	15	39	55	56	58	75	84	88	89	90	100
41	2019	17	27	29	31	36	40	46	48	64	87	94	102
41	2020	5	6	12	20	27	34	47	50	54	71	72	81	90	94	95
41	2021	0	4	18	33	37	43	51
41	2022	1	7	18	22	25	35	39	53	54	71	76	96	102
41	2023	26	31	32	42	57	59	64	72	73	76	92	102	103
41	2024	19	24	27	34	41	43	74	78	83	96
41	2025	4	6	8	19	23	24	27	31	33	64	68	78	104
41	2026	18
42	2000	10	11	13	25	48
42	2001	1	11	17	29	32	35	41	44	49	53	79	82	83	87	90	93
42	2002	4	5	7	8	31	32	33	34	42	48	50	58	80	83	103
42	2003	0	4	12	21	27	30	54	58	66	69	73
42	2004	2	55	69	76	78	81	90	98
42	2005	2	7	10	14	29	54	56	60	62	68	100	104
42	2006	39	50	63	71	77	78	86	92	93	94	95
42	2007	6	19	32	37	38	41	45	60	63	78	82	91	93	96	103
42	2008	12	14	21	23	28	29	45	53	58	63	65	78	86	89	93	102
42	2009	4	9	11	12	17	21	29	30	38	41	46	47	64	83	85	89	96
42	2010	29	39	45	48	53	54	55	100	103
42	2011	1	14	17	23	33	50	57	60	70	74	76	90	95
42	2012	21	24	26	29	32	39	40	44	81	87	94	97
42	2013	21	36	48	62	65	72	78	91	92	94	96
42	2014	6	9	11	26	27	37	39	45	47	75	78	84
42	2015	1	8	12	13	14	19	49	51	52	54	56	62	64	67	73	92	96
42	2016	1	27	36	44	53	61	67	83	88	94	97	99	101	104
42	2017	7	8	14	32	36	45	50	80	84
42	2018	13	18	23	29	34	37	44	45	51	54	65	75	87	88	92
42	2019	6	11	12	17	23	27	30	35	37	44	46	50	52	55	61	67	70	72	81	92	95	100
42	2020	0	3	9	11	14	17	29	31	40	43	46	51	61
42	2021	6	16	17	42	44	51
42	2022	4	29	43	44	57	72	88	92	95	96	100	101	103
42	2023	3	25	34	39	49	61	67	68	71	74	77	79	80	82	96	97
42	2024	18	55	93	95	100
42	2025	34	50	53	59	62	69	80	83	85	101
43	2000	5	12	19	25	34	37	44	47	48	49
43	2001	4	7	17	41	51	52	72	78	92	100
43	2002	1	2	19	20	25	30	32	36	37	39	46	55	69	83	85	88	89	93	95
43	2003	3	9	14	18	25	44	70	76	86	87	97	98	101
43	2004	26	28	29	33	36	40	43	57	61	69	77	79	83	90	91	101
43	2005	18	26	27	31	36	41	42	44	57	60	67	74	80	82
43	2006	9	21	32	41	48	54	60	61	65	71	80	91	102
43	2007	14	16	18	26	32	58	61	68	69	76	82	92
43	2008	13	22	23	33	44	48	49	57	67	70	75	79	85	87	94	95	102
43	2009	11	13	15	32	42	47	53	54	55	57	65	67	71	75	81	82	85	93
43	2010	0	3	7	9	40	44	57	58	64	67	72	73	79	84	90	98	99
43	2011	20	61	68	72	77	79	81	87	88	101
43	2012	5	15	16	21	23	25	39	50	53	54	60	62	80	81	87	100	102	103
43	2013	2	3	28	33	47	49	50	51	54	71	75	76	78	91	103
43	2014	4	14	19	24	28	44	46	48	69	74	86	99	102	103
43	2015	1	2	7	15	20	26	33	35	46	55	57	70	93	98
43	2016	0	12	18	34	49	58	61	63	68	72	83	85	88	96	99
43	2017	38	49	88	93	96
43	2018	2	7	16	22	36	48	58	101	102
43	2019	12	18	39	47	51	73	77	95	97
43	2020	4	5	7	27	36	38	42	43	44	47	72	76	84	86	94
43	2021	3	16	19	35	38	50
43	2022	4	5	13	16	23	28	36	39	50	54	57	61	70	78	82	95	99
43	2023	3	5	13	18	24	29	40	47	48	49	51	63	68	78	86	96
43	2024	7	8	12	28	33	39	48	54	63	71	74	75	81	83	85
43	2025	12	13	56	68	73	75	86
43	2026	12	21	22
44	2000	10	14	23	26	29
44	2001	11	18	21	25	34	35	40	56	57	65	70	72	92	99	100	103
44	2002	18	19	21	22	25	39	44	51	61	65	68	70	87	88	91	93	94	100
44	2003	1	6	9	23	24	39	45	57	66	77	84	89	99
44	2004	1	17	23	36	39	40	44	49	60
44	2005	0	9	11	19	39	49	64	77	78	104
44	2006	4	27	31	34	45	56	85	95	100	103
44	2007	7	8	12	29	36	43	44	57	62	67	98
44	2008	13	15	18	20	35	46	47	54	59	88	92	96	99
44	2009	17	18	20	24	35	41	60	65	68	75	82	83	90	91	92	93	101
44	2010	11	13	35	49	62	67	85
44	2011	28	31	47	60	68	73	86	95	96	100
44	2012	27	28	38	41	42	58	60	70	74	79	84	85	101
44	2013	0	9	15	41	51	69	79	81	82	100	102
44	2014	2	11	13	18	32	42	46	49	52	74	81	94	97	100	103
44	2015	13	27	30	42	59	66	68	71	74	75	95	97
44	2016	22	23	36	38	45	50	51	54	56	77	85	91	93	99
44	2017	39	40	46	47	48	54	75	100
44	2018	15	17	28	34	39	54	71	76	97	101	103
44	2019	2	22	23	32	42	45	61	66	67	74	77	81	85	86	89	90
44	2020	0	19	28	52	54	58	69	72	78	94
44	2021	9	20	21	34	43	47
44	2022	9	17	30	31	34	40	46	47	65	77	100
44	2023	5	7	10	14	20	21	28	36	46	52	53	60	100	102	103
44	2024	4	24	31	38	42	61	69	74	79	88	90	93	99	101	102	103
44	2025	14	17	19	33	35	38	52	53	55	56	65	70	71	74	75	83	89	95	96
44	2026	7	14	16	20
45	2000	4	14	38	48
45	2001	4	20	22	23	54	56
45	2002	10	11	12	16	53	62	72
45	2003	0	17	19	23	33	34	38	52	53	60	62	65	66
45	2004	1	2	27	33	53	57	61	62	71	77	78	88	89	95	99
45	2005	3	4	5	7	14	15	23	45	58	60	63	65	93
45	2006	11	37	38	40	42	44	46	47	48	68	76	80	94	95	98
45	2007	0	7	12	29	30	40	44	46	65	69	79	90	93	100	101
45	2008	1	3	11	34	40	49	60	64	70	76	86	99
45	2009	20	31	35	37	50	56	70	76	79	82	85	94
45	2010	16	17	19	24	32	52	82	87	94	99	101
45	2011	8	40	51	54	79
45	2012	5	9	10	36	38	42	58	68	90	94	95
45	2013	1	5	14	17	28	29	30	38	86
45	2014	2	7	19	54	62	72	79	89	102	103
45	2015	8	16	34	45	49	55	63	66	87	103
45	2016	1	12	42	46	62	66	76	85	94	102	104
45	2017	1	11	17	37	57	65	78	90	102
45	2018	0	2	5	6	11	20	23	40	50	60	77	79	80	83	93	99
45	2019	1	30	38	45	51	52	53	58	65	66	80	81	88	96	98
45	2020	16	40	63	68	71	86	87	97
45	2021	1	13	20	24	28	42
45	2022	5	10	11	14	16	24	28	37	39	41	48	51	52	55	96	100
45	2023	5	12	17	25	38	42	58	59	66	77	82	89	94	96
45	2024	5	22	33	65	70	92
45	2025	1	2	16	18	50	52	60	71	99
45	2026	16	20
46	2000	24	34	44	48
46	2001	0	3	6	17	37	40	76	92	96	100	103
46	2002	0	5	6	8	27	32	36	37	38	45	50	78	96
46	2003	19	21	25	31	32	41	42	52	53	54	76	80	90
46	2004	12	13	17	18	31	35	54	63	90	92
46	2005	11	13	25	37	58	70	75	88	89	95	98
46	2006	19	26	27	28	56	61	69	77	84	87	100
46	2007	4	31	36	54	82	84	86	98
46	2008	8	30	41	51	61	85	101
46	2009	0	4	6	9	46	48	60	89
46	2010	2	5	7	8	19	25	32	42	44	52	59	60	61	76	93	102
46	2011	1	9	11	13	22	33	42	44	46	74	75	81
46	2012	0	5	26	32	38	46	47	78	79	82	85	87	88
46	2013	15	20	25	57	74	78	80	81	90	102
46	2014	0	6	9	15	23	28	31	64	76	95	100
46	2015	1	3	4	8	13	17	21	24	28	29	40	58	66	71	92	93	100
46	2016	2	3	5	18	19	21	28	40	43	74	77
46	2017	1	10	11	14	19	43	49	74	77	83	87	90	97	102
46	2018	1	21	25	26	38	46	47	50	60	63	65	69	70	95	97
46	2019	17	18	21	25	40	53	62	66	74	88	96
46	2020	4	18	25	26	30	38	55	70
46	2021	11	20	33	38	47	48	50	51	52
46	2022	6	24	26	29	33	48	49	59	62	65	68	74	84	85	99	104
46	2023	4	14	68	73	78
46	2024	12	33	38	46	65	68	75	76	80	86
46	2025	18	20	25	37	38	45	50	63	64	86	90	103
46	2026	0	4	15
47	2000	0	31	36	41	46	56
47	2001	5	15	42	44	50	61	64	80	98	101
47	2002	2	7	9	15	17	23	30	35	44	54	90	95
47	2003	7	8	9	10	21	23	27	49	51	55	75	81	86	89	96	104
47	2004	19	24	28	29	31	47	57	66	67	80	86	88	94	102
47	2005	6	18	27	37	41	44	53	55	58	59	68	73	78	79	84	88	89	93	96	97
47	2006	21	28	30	36	40	49	56	71	73	83	89	103
47	2007	3	28	36	54	81	85	90	92	97
47	2008	3	4	44	45	46	50	59	74	76	82	85	96	102
47	2009	7	12	19	21	24	37	38	39	50	81	92	100
47	2010	5	14	17	23	25	28	42	52	65	82	87	91
47	2011	14	16	26	28	29	55	69	78	80	91	92	96	100
47	2012	1	2	6	10	13	18	33	39	56	63	76	82	88
47	2013	1	5	11	19	44	45	60	61	78	95
47	2014	9	17	27	31	45	47	68	70	75	90	97
47	2015	4	6	7	8	10	11	27	28	38	52	58	70	85	94	96	101
47	2016	0	7	9	15	20	28	40	58	62	74	81	90	94	95	96	104
47	2017	24	27	35	37	51	52	57	63	73	87
47	2018	1	14	15	16	24	27	29	33	40	41	55	63	74	75	83	85	92	96	103
47	2019	5	7	15	22	32	33	34	37	39	46	56	62	75	79	91	95	102
47	2020	6	9	16	18	20	29	36	39	42	56	75	82	93	98
47	2021	5	7	9	17	21	26	37	39	45
47	2022	15	32	47	53	55	58	89	90	101
47	2023	0	16	26	34	35	48	69	70	82	93	95	103
47	2024	1	11	28	29	30	35	40	58	67	82	89	90
47	2025	11	12	21	25	31	54	66	83
47	2026	1	6
48	2000	6	13	40	44	47	52	55
48	2001	5	12	15	19	30	31	42	45	60	66	75	84	94	96	101	103
48	2002	13	23	24	32	43	54	75	100	101
48	2003	3	11	28	35	47	50	64	66	68	72	74	88	95	96
48	2004	0	6	8	13	20	33	55	58	60	64	84	87	99	102
48	2005	22	23	24	33	34	49	54	72	76
48	2006	14	16	19	28	33	42	48	49	59	63	64	68	69	75	79	85	86	99
48	2007	10	34	67	70	78	90
48	2008	4	8	22	26	27	31	40	69	73	90	91	101
48	2009	10	13	19	29	46	79	84	85	101
48	2010	1	12	26	49	50	70	72	96	103
48	2011	17	19	21	89
48	2012	7	11	14	15	17	29	35	41	47	69	71	73	75	78	80	93	97
48	2013	3	17	31	32	35	55	66	72	79	80	97
48	2014	1	7	13	16	26	29	31	33	34	77	83	87	92	103
48	2015	5	17	20	23	43	44	47	55	62	65	88	90	91	97
48	2016	2	8	15	19	40	45	47	58	67	80	84	87	96	97
48	2017	0	28	30	37	42	65	70	92	103
48	2018	3	4	9	20	22	25	28	33	41	42	46	49	55	94	96	98
48	2019	14	17	24	33	50	52	56	74	78	86	96	100
48	2020	3	8	26	39	48	62	64	67	72	77	81	95	98
48	2021	4	9	14	15	31
48	2022	3	4	5	12	24	34	43	45	51	53	73	75	81	82	87	94	99
48	2023	2	15	17	24	31	68	71	88	97	99	103
48	2024	3	12	19	21	33	69	70	82	102
48	2025	7	8	13	26	35	37	54	56	61	68	69	76	92
48	2026	3	13
49	2000	10	20	24	43	45
49	2001	4	5	13	16	21	22	23	35	45	78	80	101	102
49	2002	1	15	17	31	35	49	52	74	86	92	102
49	2003	4	5	15	18	46	58	69	79	85	95
49	2004	1	4	5	8	14	15	17	24	28	34	52	59	64	92	93
49	2005	22	26	32	37	40	41	45	48	56	67	70	80	92	93	96	99	103
49	2006	6	7	11	39	42	43	47	53	58	85	89	90	93	99	100
49	2007	13	18	19	27	29	35	47	54	66	67	72	73	78	83	86	93	94	99
49	2008	0	10	36	53	59	71	88	94	100	104
49	2009	2	13	20	23	24	51	73	98	102
49	2010	8	10	11	19	24	25	34	36	40	41	50	56	60	67	86	89
49	2011	1	16	30	40	45	57	62	68	74	91	94
49	2012	5	11	18	20	22	23	52	53	59	62	63	66	71	72	75	78	86	89	101
49	2013	1	15	23	32	44	47	48	53	82	96	98
49	2014	4	9	29	30	57	65	74	84	88	104
49	2015	9	16	37	77	80	83	85	91
49	2016	10	16	20	22	29	31	35	47	51	54	57	63	65	98
49	2017	6	9	19	23	26	33	41	47	54	60	61	62	63	64	66	67	71	79
49	2018	19	35	39	49	55	57	62	87	94	96
49	2019	11	16	17	25	32	40	44	49	79
49	2020	8	10	12	20	21	24	32	35	40	45	51	53	57	68	70	90
49	2021	2	22	25	27	36	39	48
49	2022	4	5	6	16	17	26	35	38	57	58	67	70	77	78	79	80	81	83	89	93	101
49	2023	8	13	27	32	36	44	61	84	86	89	94
49	2024	0	2	5	15	28	31	39	47	53	72	84	85	98
49	2025	2	7	11	30	42	88	96
49	2026	4	6	8	10	21
