# Per-number frequency broken down by draw day (Mi=Wednesday, Sa=Saturday)
# total_Mi/total_Sa: total draws on that day, rate: count / total draws for that day
# total draws: Mi=1294, Sa=1396
number	count_Mi	rate_Mi	count_Sa	rate_Sa
1	138	0.1066	199	0.1426
2	143	0.1105	178	0.1275
3	162	0.1252	171	0.1225
4	162	0.1252	183	0.1311
5	151	0.1167	179	0.1282
6	178	0.1376	204	0.1461
7	167	0.1291	185	0.1325
8	148	0.1144	167	0.1196
9	165	0.1275	171	0.1225
10	164	0.1267	175	0.1254
11	169	0.1306	198	0.1418
12	135	0.1043	170	0.1218
13	172	0.1329	151	0.1082
14	153	0.1182	156	0.1117
15	166	0.1283	148	0.1060
16	170	0.1314	167	0.1196
17	151	0.1167	177	0.1268
18	154	0.1190	160	0.1146
19	166	0.1283	169	0.1211
20	156	0.1206	166	0.1189
21	122	0.0943	140	0.1003
22	187	0.1445	164	0.1175
23	151	0.1167	161	0.1153
24	158	0.1221	175	0.1254
25	174	0.1345	179	0.1282
26	165	0.1275	191	0.1368
27	143	0.1105	184	0.1318
28	161	0.1244	179	0.1282
29	161	0.1244	180	0.1289
30	155	0.1198	173	0.1239
31	171	0.1321	174	0.1246
32	162	0.1252	155	0.1110
33	172	0.1329	182	0.1304
34	157	0.1213	171	0.1225
35	144	0.1113	167	0.1196
36	150	0.1159	171	0.1225
37	158	0.1221	177	0.1268
38	160	0.1236	157	0.1125
39	164	0.1267	157	0.1125
40	156	0.1206	172	0.1232
41	169	0.1306	170	0.1218
42	154	0.1190	179	0.1282
43	178	0.1376	176	0.1261
44	166	0.1283	162	0.1160
45	151	0.1167	133	0.0953
46	152	0.1175	141	0.1010
47	144	0.1113	190	0.1361
48	152	0.1175	162	0.1160
49	157	0.1213	180	0.1289
