# For each number (1-49), the draw indices where it appeared (within filtered range)
number	draw_indices
1	0	13	15	23	33	34	39	40	46	62	67	75	87	94	96	105	111	126	127	133	148	154	155	157	168	173	174	185	194	195	202	203	216	225	240	244	245	250	291	292	304	317	326	328	347	349	363	379	386	388	391	396	401	402	436	438	440	443	444	447	470	475	487	490	499	504	513	518	526	530	536	540	542	543	557	566	581	589	590	599	617	622	623	640	642	646	653	661	662	664	668	670	682	696	706	714	724	734	747	748	753	755	756	772	774	780	798	799	801	802	813	839	848	852	870	872	887	889	895	899	908	918	927	946	948	980	982	989	1033	1045	1048	1069	1072	1079	1083	1087	1090	1112	1126	1138	1141	1149	1155	1165	1179	1193	1196	1208	1211	1212	1224	1230	1245	1249	1251	1252	1268	1269	1271	1279	1282	1297	1303	1333	1348	1378	1379	1404	1435	1449	1463	1479	1488	1491	1494	1497	1502	1506	1510	1521	1524	1536	1550	1564	1588	1591	1595	1603	1608	1616	1618	1622	1636	1639	1646	1647	1648	1650	1653	1655	1676	1678	1679	1690	1694	1697	1701	1709	1714	1717	1725	1733	1741	1742	1744	1750	1753	1758	1765	1766	1789	1811	1812	1816	1852	1855	1856	1866	1874	1883	1885	1888	1896	1904	1911	1930	1953	1963	1967	1970	1976	1980	1986	1993	1995	1998	2019	2020	2026	2029	2040	2050	2062	2073	2080	2088	2099	2104	2106	2108	2112	2122	2124	2128	2130	2133	2136	2140	2147	2154	2155	2161	2168	2178	2180	2186	2187	2212	2213	2214	2232	2233	2234	2237	2245	2251	2254	2257	2261	2264	2270	2275	2276	2283	2285	2287	2292	2301	2314	2329	2334	2337	2340	2374	2381	2382	2384	2385	2398	2404	2406	2411	2412	2417	2420	2424	2440	2449	2454	2462	2484	2500	2509	2515	2548	2558	2559	2565	2568	2600	2612	2616	2626	2627
2	0	11	27	29	39	41	56	64	69	82	86	88	91	95	98	102	105	109	116	120	124	128	138	146	147	148	152	159	160	166	175	182	216	267	271	310	312	318	319	323	326	328	332	366	379	396	417	424	428	437	445	466	474	476	480	494	498	511	514	517	532	540	545	555	560	565	570	572	595	608	619	643	645	650	669	670	673	675	683	705	708	730	734	751	754	761	770	773	780	786	787	807	815	819	827	828	836	842	845	859	860	868	875	881	898	901	902	907	918	920	921	922	926	927	943	947	948	952	979	991	993	997	998	999	1010	1024	1047	1050	1061	1071	1072	1075	1093	1098	1100	1103	1112	1166	1170	1179	1182	1198	1204	1216	1229	1232	1233	1247	1255	1263	1268	1293	1294	1295	1298	1300	1317	1318	1326	1327	1328	1333	1347	1348	1351	1352	1359	1367	1376	1377	1409	1419	1448	1451	1453	1454	1464	1478	1534	1546	1553	1557	1560	1563	1584	1587	1589	1590	1595	1628	1633	1651	1657	1662	1667	1670	1672	1687	1695	1706	1712	1714	1733	1736	1754	1765	1774	1778	1780	1792	1794	1818	1825	1861	1864	1869	1884	1891	1910	1914	1933	1946	1961	1968	1977	1979	1981	1987	1996	2000	2004	2015	2020	2027	2032	2041	2043	2051	2052	2055	2060	2064	2076	2085	2088	2091	2098	2104	2120	2123	2125	2132	2133	2136	2138	2146	2149	2157	2165	2170	2173	2193	2194	2200	2204	2206	2219	2221	2226	2229	2235	2242	2249	2264	2265	2266	2281	2287	2293	2321	2324	2335	2344	2349	2351	2354	2368	2373	2393	2396	2416	2425	2427	2440	2455	2461	2466	2469	2474	2487	2490	2501	2506	2518	2525	2535	2551	2576	2578	2584	2588	2594	2599	2624	2632
3	8	28	40	59	62	66	84	90	123	140	144	145	147	153	164	170	191	204	218	228	237	252	257	260	269	292	296	306	309	326	329	339	340	388	392	393	398	401	408	409	412	416	429	430	434	440	441	465	468	477	494	499	509	555	556	574	580	598	599	601	602	603	606	610	622	636	649	653	654	675	680	691	703	705	707	709	714	729	731	733	738	758	762	764	768	772	782	783	790	814	820	829	835	857	860	863	875	878	890	893	899	906	916	917	920	935	936	942	946	949	956	967	982	996	1011	1013	1024	1029	1050	1059	1066	1075	1077	1095	1106	1113	1130	1139	1150	1156	1176	1187	1194	1200	1205	1213	1218	1225	1226	1237	1253	1257	1268	1274	1291	1294	1300	1307	1309	1313	1315	1329	1333	1342	1346	1350	1354	1357	1362	1364	1366	1369	1372	1373	1377	1386	1388	1421	1434	1437	1444	1446	1459	1467	1469	1476	1477	1479	1491	1514	1532	1535	1540	1548	1550	1552	1555	1560	1568	1582	1584	1585	1587	1612	1613	1615	1616	1623	1646	1691	1694	1695	1696	1723	1725	1730	1735	1738	1742	1745	1760	1778	1780	1796	1801	1807	1813	1814	1822	1825	1833	1835	1836	1837	1839	1845	1854	1865	1867	1870	1875	1877	1885	1896	1899	1901	1905	1909	1912	1920	1922	1929	1944	1958	1960	1978	1979	1989	1990	1996	1999	2004	2007	2013	2041	2045	2053	2056	2078	2105	2108	2135	2136	2137	2145	2147	2158	2167	2183	2199	2200	2206	2209	2215	2225	2227	2232	2249	2262	2266	2270	2290	2292	2317	2318	2327	2329	2338	2350	2356	2367	2371	2377	2380	2389	2390	2391	2402	2403	2410	2427	2430	2437	2443	2448	2453	2463	2465	2471	2494	2502	2505	2510	2529	2543	2545	2552	2572	2577	2603	2609	2610	2622
4	1	6	11	18	34	37	47	48	50	59	60	71	72	83	85	93	104	128	129	131	141	142	145	148	154	163	177	178	180	183	186	191	193	197	201	215	221	223	226	237	239	278	283	295	296	320	330	335	336	347	348	352	356	360	367	369	381	389	397	399	406	412	422	423	424	440	467	473	480	481	495	496	506	528	531	535	558	563	566	581	585	592	597	601	604	608	629	637	641	644	646	674	678	679	683	685	694	700	722	727	733	739	740	744	746	768	790	794	797	804	809	821	835	842	847	848	849	851	854	862	866	869	873	875	876	879	888	896	913	916	921	938	945	953	962	967	979	984	990	1005	1012	1020	1042	1054	1060	1064	1065	1070	1071	1072	1073	1084	1088	1090	1096	1117	1130	1142	1145	1149	1150	1161	1171	1173	1195	1198	1211	1219	1222	1227	1233	1239	1262	1275	1282	1300	1304	1315	1317	1318	1321	1326	1330	1345	1347	1383	1392	1406	1410	1411	1424	1427	1433	1439	1444	1467	1489	1492	1499	1500	1505	1509	1514	1537	1540	1549	1558	1559	1564	1576	1578	1591	1601	1602	1606	1644	1650	1673	1674	1675	1698	1715	1724	1725	1730	1742	1746	1748	1749	1760	1761	1772	1775	1804	1809	1810	1828	1838	1860	1861	1863	1870	1877	1878	1900	1908	1917	1919	1921	1931	1934	1936	1938	1957	1963	1964	1969	1982	1983	2016	2018	2026	2034	2036	2062	2064	2065	2072	2074	2080	2081	2098	2102	2118	2146	2148	2150	2152	2154	2168	2177	2183	2188	2193	2202	2227	2232	2234	2235	2237	2242	2246	2269	2276	2282	2284	2288	2289	2295	2296	2302	2311	2323	2334	2340	2346	2353	2358	2361	2381	2389	2397	2398	2400	2417	2424	2449	2459	2460	2468	2477	2479	2483	2500	2519	2523	2538	2544	2545	2553	2562	2563	2567	2571	2576	2587	2589	2597	2612	2615
5	8	9	11	14	19	30	43	51	56	67	71	78	105	144	153	173	180	185	188	202	203	208	212	222	226	245	248	269	293	295	297	300	312	315	320	321	333	335	343	357	358	359	364	365	370	373	375	384	385	398	407	410	415	432	435	437	444	446	457	460	461	471	473	476	477	492	496	500	507	523	524	528	544	554	560	562	568	579	581	586	589	592	600	608	613	614	625	628	634	635	636	642	644	649	652	677	684	692	702	703	709	734	772	804	808	814	816	821	838	867	868	877	884	897	901	912	919	922	945	948	956	964	965	976	989	993	1003	1008	1025	1027	1034	1040	1062	1067	1071	1074	1083	1089	1094	1105	1112	1121	1123	1136	1173	1176	1182	1198	1204	1240	1246	1255	1270	1287	1296	1317	1320	1323	1325	1331	1336	1344	1351	1355	1358	1375	1399	1408	1410	1416	1430	1431	1438	1453	1456	1468	1470	1475	1478	1505	1506	1512	1520	1540	1548	1564	1571	1574	1591	1598	1605	1637	1647	1652	1653	1660	1662	1664	1666	1667	1673	1680	1681	1701	1708	1718	1727	1732	1741	1752	1761	1784	1790	1795	1796	1818	1826	1832	1834	1837	1840	1848	1849	1865	1866	1883	1884	1887	1894	1905	1908	1915	1935	1939	1945	1947	1949	1961	1971	1992	1994	2002	2004	2011	2017	2028	2030	2052	2055	2067	2073	2075	2082	2089	2103	2115	2117	2120	2135	2138	2140	2151	2157	2160	2161	2164	2173	2188	2196	2198	2207	2209	2214	2220	2228	2233	2253	2261	2278	2290	2304	2312	2315	2318	2336	2347	2361	2382	2402	2420	2422	2426	2438	2443	2446	2447	2457	2458	2459	2464	2469	2472	2473	2479	2480	2482	2483	2486	2497	2503	2517	2531	2537	2541	2543	2546	2574	2587	2591	2609	2615	2628
6	1	19	25	46	53	60	63	75	87	102	103	106	108	112	115	116	118	122	125	126	128	136	171	173	192	194	206	212	214	238	242	251	257	258	260	263	266	270	272	278	285	297	311	324	329	332	349	367	369	386	390	397	405	416	421	425	430	436	442	445	452	453	469	477	478	483	487	494	495	501	505	507	510	516	518	519	545	554	570	584	589	592	593	604	615	629	630	633	648	657	660	666	667	675	677	685	693	704	705	710	714	729	737	742	746	757	758	762	769	771	794	795	796	797	800	805	806	810	828	840	862	874	886	891	892	893	894	909	923	924	931	938	947	950	979	983	988	996	1000	1007	1011	1012	1018	1037	1049	1058	1059	1064	1066	1097	1105	1107	1109	1115	1119	1129	1132	1135	1147	1148	1153	1172	1176	1184	1186	1187	1189	1202	1203	1208	1209	1211	1213	1221	1233	1235	1236	1253	1257	1258	1260	1274	1278	1288	1289	1293	1300	1311	1321	1322	1323	1325	1327	1340	1345	1349	1355	1356	1369	1370	1376	1398	1408	1412	1413	1417	1439	1441	1447	1453	1459	1460	1461	1463	1465	1466	1470	1474	1475	1484	1488	1493	1501	1506	1514	1525	1529	1536	1539	1542	1552	1553	1558	1566	1581	1590	1594	1602	1612	1614	1616	1649	1655	1663	1666	1668	1672	1674	1681	1682	1684	1686	1689	1694	1701	1711	1712	1714	1722	1734	1753	1767	1771	1772	1774	1775	1791	1807	1817	1826	1834	1839	1843	1845	1847	1863	1877	1879	1880	1888	1892	1895	1897	1902	1917	1918	1922	1926	1928	1939	1940	1941	1948	1966	1975	1976	1979	1982	2000	2022	2035	2054	2063	2078	2087	2092	2097	2100	2107	2113	2114	2119	2122	2137	2142	2145	2152	2174	2175	2181	2182	2183	2191	2193	2208	2213	2217	2236	2250	2256	2262	2266	2268	2300	2303	2305	2311	2323	2336	2337	2340	2345	2352	2367	2384	2399	2404	2405	2418	2430	2435	2454	2470	2478	2491	2498	2501	2502	2506	2520	2526	2559	2562	2564	2568	2580	2585	2587	2595	2596	2604	2605	2626
7	10	15	17	39	53	56	63	88	90	94	122	137	139	144	145	150	151	169	172	176	179	182	188	192	202	203	204	210	213	222	226	237	241	242	247	248	252	256	285	286	302	319	324	327	332	334	342	346	368	407	425	432	435	446	452	453	455	459	462	463	468	479	484	490	493	496	498	499	506	509	516	525	535	536	541	545	562	571	572	577	587	593	596	623	625	631	640	652	660	664	669	676	693	695	700	709	711	715	722	731	743	744	745	751	767	777	783	787	792	795	799	800	808	830	831	832	838	840	857	861	862	882	884	895	897	900	907	910	920	925	927	939	961	978	988	992	994	1000	1003	1028	1043	1047	1050	1052	1059	1079	1093	1094	1106	1118	1152	1157	1166	1184	1188	1190	1208	1209	1213	1220	1226	1233	1236	1256	1271	1274	1275	1280	1292	1296	1311	1312	1319	1334	1336	1341	1344	1346	1351	1355	1360	1361	1385	1393	1402	1407	1423	1426	1433	1435	1436	1438	1446	1451	1454	1463	1475	1480	1486	1492	1508	1524	1526	1536	1542	1543	1550	1551	1552	1554	1555	1578	1579	1580	1597	1604	1618	1627	1638	1640	1669	1681	1691	1693	1700	1704	1708	1739	1741	1745	1747	1753	1754	1764	1775	1779	1795	1808	1809	1814	1815	1816	1824	1852	1861	1871	1888	1890	1897	1903	1912	1913	1929	1937	1941	1943	1961	2011	2018	2019	2023	2027	2038	2039	2040	2048	2053	2059	2073	2088	2108	2115	2123	2125	2138	2139	2144	2147	2171	2177	2179	2185	2193	2198	2205	2207	2221	2222	2241	2244	2250	2256	2259	2260	2267	2272	2282	2294	2310	2314	2325	2326	2332	2337	2338	2351	2355	2357	2364	2382	2396	2403	2415	2423	2428	2429	2432	2451	2487	2493	2495	2496	2503	2504	2505	2513	2537	2554	2556	2564	2575	2585	2587	2591	2592	2597	2607	2608	2609	2612	2616	2620	2632
8	11	27	46	49	58	98	100	101	105	111	134	140	160	166	174	185	186	187	194	195	201	210	220	234	236	251	258	275	276	280	295	298	307	318	325	333	336	345	349	353	358	360	389	393	404	408	411	419	421	425	431	435	457	459	463	466	479	492	500	508	522	537	543	548	576	608	629	644	657	661	670	686	689	691	695	698	710	716	719	733	736	742	748	752	768	773	777	791	815	819	820	822	825	826	831	844	852	856	857	861	883	897	911	912	928	931	949	955	956	958	961	968	979	983	984	988	991	1005	1024	1060	1078	1080	1085	1086	1089	1090	1103	1105	1108	1113	1137	1141	1146	1151	1158	1160	1161	1163	1170	1181	1183	1184	1191	1199	1207	1215	1225	1235	1240	1256	1263	1277	1278	1284	1288	1291	1292	1303	1313	1315	1349	1362	1367	1373	1384	1413	1416	1426	1429	1438	1474	1485	1501	1502	1507	1512	1522	1525	1537	1559	1561	1565	1586	1592	1608	1621	1639	1654	1670	1671	1674	1690	1692	1697	1708	1752	1782	1796	1798	1813	1827	1839	1845	1850	1856	1875	1889	1893	1894	1898	1905	1916	1926	1932	1937	1950	1954	1966	1977	1986	1991	1998	2007	2014	2043	2048	2056	2078	2094	2096	2100	2101	2104	2111	2112	2114	2117	2118	2124	2129	2143	2158	2165	2167	2168	2178	2184	2199	2211	2213	2222	2231	2244	2252	2254	2263	2267	2272	2301	2307	2313	2314	2352	2367	2378	2383	2387	2398	2404	2406	2411	2414	2415	2418	2419	2429	2434	2441	2442	2444	2450	2457	2458	2461	2465	2472	2481	2484	2486	2488	2494	2502	2514	2519	2520	2539	2547	2558	2568	2573	2575	2578	2582	2593	2607	2610	2618	2621	2624
9	7	18	21	22	28	29	38	49	63	74	80	84	86	89	96	101	117	127	136	138	174	183	189	190	200	213	223	224	227	243	256	257	258	259	268	272	287	292	297	301	302	316	319	329	335	343	351	361	363	367	372	376	384	393	404	428	430	441	449	468	472	482	488	491	496	505	510	520	537	539	542	550	552	556	558	559	574	575	594	597	598	599	600	601	605	610	616	632	640	645	652	674	681	687	701	704	722	723	738	753	760	764	774	779	784	788	796	803	806	807	814	817	824	828	829	838	839	841	865	867	876	882	895	900	921	933	935	941	948	951	954	968	980	1001	1007	1013	1019	1039	1042	1061	1063	1071	1073	1080	1083	1095	1098	1110	1117	1120	1127	1129	1138	1154	1162	1172	1178	1192	1225	1248	1249	1260	1278	1286	1295	1297	1332	1339	1343	1361	1372	1373	1388	1389	1391	1394	1396	1400	1401	1406	1412	1423	1429	1450	1452	1471	1473	1480	1490	1499	1502	1511	1551	1552	1573	1582	1600	1604	1609	1617	1620	1626	1643	1645	1647	1655	1663	1664	1710	1712	1732	1734	1742	1750	1751	1752	1763	1769	1791	1795	1801	1808	1818	1821	1825	1840	1859	1860	1864	1867	1889	1901	1908	1909	1912	1913	1921	1938	1948	1953	1957	1961	1967	1992	2000	2002	2006	2017	2024	2046	2056	2058	2066	2071	2076	2079	2093	2109	2120	2146	2152	2159	2164	2169	2175	2182	2186	2187	2198	2212	2235	2244	2265	2271	2278	2279	2283	2308	2311	2318	2330	2332	2337	2351	2363	2373	2380	2386	2399	2405	2407	2423	2431	2436	2439	2441	2444	2447	2450	2456	2457	2463	2465	2467	2473	2475	2477	2483	2488	2500	2503	2507	2511	2514	2515	2527	2538	2541	2551	2566	2569	2572	2581	2583	2591	2596	2599	2612	2617	2619	2621	2622	2624	2625
10	3	7	37	39	42	47	67	71	76	82	96	118	119	121	131	138	145	152	172	184	194	210	220	224	238	256	277	281	282	296	304	305	313	315	318	321	353	355	357	371	392	396	397	413	426	427	442	453	456	465	470	477	485	487	519	529	531	535	538	539	547	555	574	582	590	594	599	602	603	606	613	618	622	626	631	651	656	665	667	679	684	689	691	704	711	721	723	732	733	738	764	771	777	779	781	784	787	788	790	793	794	798	811	812	817	818	822	827	842	846	854	859	870	892	897	901	907	914	922	925	936	939	951	971	973	975	981	982	985	995	1003	1005	1006	1010	1016	1020	1026	1030	1034	1051	1090	1098	1122	1134	1138	1143	1151	1152	1171	1172	1175	1177	1181	1183	1193	1196	1198	1214	1224	1232	1247	1250	1258	1260	1281	1286	1287	1297	1303	1307	1312	1327	1330	1331	1338	1342	1355	1358	1382	1392	1395	1412	1425	1432	1435	1436	1447	1455	1465	1466	1473	1478	1480	1504	1509	1514	1516	1519	1537	1569	1579	1581	1593	1600	1612	1613	1618	1624	1631	1632	1638	1639	1640	1641	1644	1645	1648	1659	1661	1663	1672	1677	1687	1717	1731	1755	1789	1792	1802	1808	1809	1810	1831	1861	1863	1872	1874	1877	1883	1894	1907	1945	1948	1956	1959	1971	1972	1984	1990	1998	2003	2027	2042	2050	2051	2056	2074	2098	2100	2104	2107	2116	2127	2128	2131	2156	2159	2164	2177	2180	2183	2188	2189	2191	2192	2195	2206	2210	2223	2231	2234	2247	2255	2268	2271	2287	2288	2291	2298	2320	2333	2356	2362	2363	2378	2380	2381	2388	2392	2395	2407	2420	2421	2426	2430	2436	2439	2441	2444	2445	2446	2447	2456	2462	2471	2474	2480	2485	2508	2512	2519	2532	2535	2546	2556	2560	2570	2585	2594	2608	2615	2623	2631
11	6	8	13	15	27	39	43	50	52	54	55	61	79	80	86	96	110	113	121	123	135	140	143	160	164	168	173	175	179	192	195	204	206	211	218	219	225	236	240	243	256	259	262	265	275	281	293	302	309	315	328	338	340	344	351	364	365	385	393	406	415	417	423	427	440	448	450	451	475	484	502	521	527	541	551	553	558	560	577	579	591	596	609	621	637	663	680	684	689	693	698	704	705	707	731	736	738	746	748	750	758	759	770	790	793	800	810	817	824	840	841	856	864	865	866	867	880	888	890	900	918	923	924	933	937	943	944	950	966	970	981	982	991	994	1001	1004	1008	1026	1031	1034	1037	1051	1052	1065	1067	1075	1076	1082	1085	1098	1108	1110	1113	1122	1123	1138	1143	1153	1154	1157	1159	1160	1162	1165	1197	1204	1207	1208	1216	1220	1221	1238	1246	1254	1259	1271	1279	1288	1290	1295	1299	1303	1306	1308	1312	1313	1321	1342	1344	1345	1362	1363	1365	1366	1368	1371	1383	1389	1403	1418	1429	1438	1450	1459	1460	1473	1474	1476	1484	1486	1496	1506	1507	1511	1520	1522	1523	1546	1549	1550	1557	1559	1560	1569	1572	1597	1606	1643	1653	1657	1672	1685	1693	1694	1697	1699	1707	1720	1724	1731	1732	1750	1755	1758	1794	1799	1805	1806	1809	1816	1820	1823	1828	1830	1836	1863	1864	1890	1893	1912	1947	1948	1949	1951	1965	1967	1974	1979	1983	1984	2006	2018	2020	2021	2023	2028	2032	2041	2052	2053	2054	2058	2060	2063	2069	2070	2072	2074	2078	2080	2085	2088	2089	2096	2097	2110	2124	2127	2131	2135	2161	2162	2172	2178	2181	2207	2227	2236	2237	2238	2239	2247	2253	2261	2263	2265	2274	2278	2283	2286	2298	2303	2308	2352	2372	2376	2395	2406	2409	2419	2421	2428	2443	2445	2447	2450	2452	2470	2476	2477	2492	2512	2514	2522	2526	2528	2537	2546	2556	2569	2574	2582	2584	2595	2603	2604	2610	2617	2619	2620
12	0	5	10	58	61	64	66	70	83	85	91	108	111	113	115	122	128	130	132	158	162	168	213	219	221	233	238	242	254	262	268	275	278	284	301	308	313	326	328	330	371	376	391	399	405	411	416	423	433	434	438	442	445	451	470	521	526	534	535	543	564	568	579	583	589	598	602	611	612	616	625	630	640	645	657	663	671	676	687	721	727	731	762	768	772	778	785	786	795	802	805	806	824	830	839	841	846	866	875	880	882	885	887	896	898	919	946	958	962	963	985	987	1000	1007	1011	1022	1028	1031	1036	1067	1071	1072	1076	1081	1082	1085	1103	1104	1114	1128	1134	1136	1158	1159	1163	1174	1190	1195	1202	1219	1232	1257	1267	1269	1281	1287	1298	1315	1316	1328	1343	1354	1380	1381	1388	1395	1396	1397	1398	1399	1402	1409	1421	1433	1434	1441	1445	1458	1460	1462	1473	1495	1497	1512	1523	1528	1539	1544	1559	1563	1565	1571	1586	1588	1592	1597	1605	1610	1613	1614	1623	1627	1629	1669	1670	1685	1709	1717	1728	1738	1743	1746	1748	1756	1758	1761	1785	1797	1818	1822	1824	1830	1856	1858	1862	1865	1869	1900	1904	1928	1931	1939	1940	1949	1954	1962	1976	1984	2001	2010	2015	2017	2029	2031	2038	2044	2046	2048	2066	2077	2106	2114	2123	2134	2138	2141	2143	2149	2150	2171	2215	2217	2258	2264	2268	2269	2280	2282	2300	2303	2308	2312	2326	2334	2338	2342	2343	2345	2364	2372	2385	2396	2398	2433	2443	2449	2455	2462	2468	2480	2495	2510	2517	2520	2521	2529	2532	2536	2541	2544	2546	2553	2554	2562	2583	2584	2596	2603	2606	2610	2614
13	9	15	25	30	43	54	55	57	64	70	89	97	98	100	107	115	161	164	169	183	187	189	191	199	209	213	214	224	229	245	252	260	264	272	286	294	301	302	313	316	339	353	372	385	395	399	402	407	409	416	419	428	429	437	451	465	469	472	506	520	561	578	579	583	585	587	609	624	628	638	650	655	668	673	681	697	698	699	714	715	718	726	741	745	747	763	770	776	781	782	785	798	802	818	825	837	867	868	871	886	890	902	903	911	914	917	926	932	936	951	953	960	978	989	999	1004	1014	1022	1025	1027	1036	1044	1047	1048	1057	1059	1067	1078	1081	1086	1092	1104	1111	1118	1119	1125	1131	1139	1140	1143	1164	1178	1188	1194	1203	1209	1215	1218	1225	1242	1248	1254	1263	1267	1283	1285	1291	1307	1333	1352	1361	1374	1384	1395	1397	1398	1405	1430	1431	1442	1445	1454	1455	1456	1463	1473	1490	1502	1504	1528	1541	1554	1571	1580	1588	1617	1619	1624	1636	1637	1641	1647	1651	1653	1660	1661	1668	1669	1682	1704	1711	1713	1719	1727	1731	1735	1739	1767	1776	1777	1808	1809	1822	1827	1835	1840	1851	1857	1869	1875	1876	1881	1884	1895	1901	1903	1914	1915	1917	1920	1927	1935	1939	1943	1951	1961	1968	1973	1980	1985	1995	2012	2031	2032	2036	2039	2040	2049	2061	2068	2071	2087	2095	2108	2116	2130	2132	2135	2138	2141	2150	2156	2163	2192	2198	2204	2217	2224	2250	2253	2264	2268	2269	2278	2284	2296	2328	2330	2348	2363	2367	2387	2405	2425	2428	2429	2433	2454	2461	2467	2496	2504	2509	2516	2524	2527	2535	2537	2538	2548	2549	2550	2557	2563	2569	2572	2574	2580	2586	2587	2596	2600	2603	2605	2612	2625	2631
14	9	17	29	47	65	81	82	90	91	108	120	146	149	198	203	209	213	217	223	236	245	252	263	265	271	281	282	284	290	291	294	297	300	306	316	317	330	343	355	365	367	372	376	380	384	412	417	419	435	445	447	467	476	479	482	499	501	512	521	529	532	549	552	554	561	582	583	590	593	599	620	629	642	651	654	665	666	687	696	697	698	699	713	725	740	742	743	749	754	757	761	767	776	796	813	820	851	858	869	879	885	892	898	900	906	915	925	932	942	946	947	958	966	979	984	992	997	1002	1020	1021	1023	1041	1044	1047	1060	1061	1084	1093	1095	1099	1100	1106	1111	1114	1119	1127	1135	1148	1153	1156	1164	1177	1189	1191	1199	1219	1220	1227	1239	1240	1269	1281	1287	1289	1313	1319	1321	1326	1327	1328	1341	1351	1356	1361	1371	1385	1390	1392	1416	1440	1448	1472	1481	1482	1488	1495	1500	1503	1504	1509	1515	1528	1545	1547	1548	1554	1556	1558	1559	1570	1582	1593	1607	1611	1621	1625	1627	1629	1652	1656	1657	1677	1686	1689	1692	1702	1728	1732	1733	1737	1755	1786	1788	1796	1798	1814	1815	1825	1830	1832	1834	1887	1896	1904	1911	1920	1924	1934	1937	1956	1968	1989	2003	2010	2033	2036	2044	2057	2086	2088	2090	2095	2101	2119	2130	2144	2160	2167	2169	2185	2190	2191	2192	2216	2218	2222	2226	2228	2263	2276	2282	2289	2295	2304	2307	2313	2327	2330	2331	2333	2350	2361	2369	2376	2380	2387	2401	2402	2408	2410	2462	2464	2472	2474	2482	2489	2492	2497	2499	2500	2515	2525	2531	2534	2548	2551	2566	2581	2582	2583	2589
15	3	7	15	16	27	50	51	59	66	76	82	96	97	102	103	124	138	146	147	155	184	193	200	227	246	289	303	306	321	322	323	326	332	336	345	348	363	370	377	391	414	421	450	457	461	467	471	485	503	517	533	543	556	567	593	597	607	614	653	667	681	690	703	707	708	711	716	718	719	737	759	763	767	770	772	774	793	836	840	843	844	845	846	853	855	858	871	883	884	885	899	902	905	908	925	930	935	944	953	955	959	972	992	1001	1006	1008	1016	1019	1054	1062	1074	1076	1079	1082	1091	1099	1109	1118	1120	1145	1156	1169	1179	1183	1185	1190	1201	1207	1214	1217	1224	1232	1239	1241	1246	1250	1255	1266	1269	1271	1285	1288	1296	1302	1303	1312	1321	1327	1338	1343	1355	1367	1375	1396	1399	1406	1418	1421	1425	1465	1471	1476	1478	1481	1496	1517	1523	1538	1546	1556	1562	1565	1579	1581	1590	1594	1599	1607	1620	1627	1638	1644	1652	1654	1660	1674	1683	1695	1698	1699	1707	1714	1734	1747	1749	1766	1778	1785	1790	1802	1805	1810	1813	1831	1836	1841	1844	1847	1856	1858	1862	1873	1875	1897	1898	1901	1919	1924	1935	1950	1955	1959	1971	1972	1976	1978	1997	1999	2011	2022	2065	2070	2093	2105	2117	2134	2135	2140	2144	2145	2149	2152	2155	2157	2171	2173	2177	2181	2185	2190	2192	2199	2200	2207	2209	2215	2233	2248	2259	2268	2272	2275	2279	2320	2323	2331	2343	2344	2354	2369	2379	2393	2411	2433	2441	2442	2446	2452	2463	2465	2481	2482	2492	2493	2498	2499	2505	2515	2534	2543	2544	2559	2563	2577	2578	2580	2598	2602	2611	2615	2623	2627
16	14	16	18	21	26	31	32	36	65	70	73	93	95	99	108	125	146	166	187	189	198	205	208	214	221	228	232	242	246	254	287	289	290	291	296	316	335	336	344	345	354	361	370	378	379	392	396	415	422	442	458	470	471	486	490	492	493	495	505	525	527	533	537	539	548	561	564	565	573	581	603	611	639	652	680	682	693	694	700	721	729	734	735	751	768	777	791	793	805	823	827	833	848	850	853	866	876	877	883	887	890	898	929	933	952	963	970	972	975	977	983	988	994	995	1002	1005	1015	1026	1030	1032	1037	1055	1061	1065	1073	1077	1087	1093	1094	1096	1114	1115	1122	1123	1126	1129	1132	1133	1146	1152	1159	1163	1165	1172	1182	1190	1197	1212	1220	1233	1241	1243	1259	1264	1270	1272	1274	1279	1319	1325	1332	1335	1343	1347	1348	1356	1363	1371	1381	1393	1399	1401	1414	1418	1423	1425	1431	1432	1442	1453	1454	1455	1481	1487	1490	1495	1510	1513	1535	1536	1541	1543	1556	1562	1566	1567	1578	1583	1585	1586	1587	1594	1595	1628	1629	1632	1636	1639	1645	1654	1658	1675	1689	1705	1718	1736	1745	1747	1762	1772	1774	1793	1797	1799	1805	1816	1821	1824	1834	1843	1854	1871	1872	1876	1882	1897	1898	1908	1914	1917	1933	1936	1942	1969	1971	1975	1994	1998	2008	2010	2019	2026	2034	2045	2049	2058	2074	2084	2094	2118	2120	2121	2128	2131	2139	2141	2149	2159	2171	2189	2192	2195	2203	2205	2208	2213	2216	2223	2251	2254	2256	2260	2263	2265	2273	2277	2279	2281	2289	2296	2320	2324	2327	2331	2337	2342	2349	2359	2377	2379	2384	2394	2422	2423	2426	2431	2445	2448	2452	2463	2471	2478	2486	2495	2510	2513	2516	2529	2533	2541	2554	2576	2581	2590	2594	2600	2610	2619	2628
17	7	13	27	44	51	56	58	75	87	93	103	104	107	109	118	119	133	135	145	173	177	184	188	207	215	232	242	248	260	263	264	266	270	281	284	288	291	293	298	299	314	323	325	327	330	337	341	342	368	373	377	380	381	389	411	413	422	431	439	442	444	461	466	478	484	524	526	540	546	548	561	565	570	580	584	585	591	594	596	600	603	606	611	619	622	625	638	651	652	656	662	674	701	710	711	720	724	731	733	743	745	746	766	785	788	811	830	832	843	849	861	871	879	885	894	900	904	913	917	920	926	934	958	966	987	997	1000	1004	1009	1013	1026	1031	1038	1042	1049	1050	1053	1059	1071	1074	1084	1086	1088	1109	1124	1130	1142	1144	1169	1170	1178	1186	1201	1204	1229	1238	1239	1241	1249	1250	1252	1253	1272	1295	1318	1324	1326	1330	1331	1336	1350	1361	1362	1365	1372	1374	1379	1387	1408	1410	1422	1423	1426	1440	1456	1460	1468	1469	1484	1501	1508	1513	1518	1519	1548	1570	1574	1576	1592	1599	1601	1604	1606	1610	1621	1633	1639	1648	1651	1654	1664	1670	1681	1685	1701	1720	1728	1733	1740	1746	1769	1771	1777	1780	1783	1799	1803	1805	1807	1820	1822	1825	1829	1842	1852	1863	1866	1880	1881	1899	1906	1935	1980	1994	1995	2003	2004	2007	2014	2017	2020	2022	2025	2037	2039	2047	2066	2072	2076	2077	2080	2085	2092	2097	2125	2131	2149	2158	2163	2166	2170	2178	2188	2194	2197	2200	2202	2204	2214	2220	2225	2238	2248	2257	2271	2279	2290	2295	2299	2307	2316	2317	2341	2343	2352	2362	2372	2374	2397	2398	2399	2413	2419	2432	2451	2455	2456	2478	2488	2489	2494	2521	2542	2550	2557	2564	2566	2567	2577	2586	2590	2603	2627	2629
18	26	31	37	38	54	63	88	106	112	116	129	142	143	153	158	170	171	184	189	190	204	210	219	222	225	232	239	255	266	272	278	282	290	322	324	329	335	336	338	343	352	357	361	377	386	400	410	412	420	433	453	462	464	484	497	500	504	507	508	511	513	520	521	522	525	529	540	560	567	575	583	592	594	608	609	613	627	630	637	677	690	692	702	725	726	730	742	771	782	801	803	805	825	855	868	871	886	894	906	924	926	934	935	940	943	976	985	990	991	992	1000	1014	1015	1023	1025	1039	1045	1062	1081	1084	1087	1092	1093	1097	1100	1116	1121	1125	1132	1146	1154	1158	1165	1176	1177	1182	1195	1203	1205	1209	1213	1242	1266	1275	1289	1309	1313	1357	1364	1366	1394	1407	1409	1419	1422	1424	1425	1427	1443	1464	1465	1467	1480	1482	1483	1484	1505	1512	1524	1532	1552	1564	1570	1573	1574	1575	1577	1587	1593	1596	1601	1602	1603	1619	1625	1630	1631	1634	1675	1678	1679	1681	1692	1693	1697	1698	1707	1719	1724	1739	1749	1752	1756	1760	1761	1763	1771	1781	1785	1788	1789	1798	1799	1804	1811	1813	1822	1823	1826	1836	1837	1844	1846	1851	1875	1884	1885	1893	1895	1907	1911	1918	1922	1923	1942	1948	1965	1973	1998	1999	2009	2025	2027	2038	2040	2055	2063	2067	2068	2082	2084	2089	2098	2101	2103	2105	2128	2131	2141	2153	2164	2169	2172	2211	2240	2255	2260	2261	2266	2294	2296	2298	2327	2329	2332	2338	2340	2347	2348	2369	2371	2375	2385	2388	2397	2402	2418	2421	2453	2461	2473	2476	2479	2485	2490	2497	2504	2505	2515	2518	2530	2534	2539	2588	2592	2597	2598	2611	2613	2621
19	4	20	32	57	65	81	87	95	130	155	156	157	165	202	214	219	228	232	241	251	262	266	271	279	281	285	291	292	305	314	333	334	337	338	344	349	356	373	409	414	418	419	431	437	440	448	459	462	469	471	485	487	504	518	531	534	546	553	559	563	576	580	581	582	591	595	597	601	618	624	627	631	643	659	668	678	686	688	701	714	716	723	728	746	780	791	804	832	852	853	882	888	905	919	924	933	941	949	953	954	964	970	981	991	1017	1019	1029	1030	1031	1035	1036	1050	1065	1066	1075	1076	1078	1079	1086	1106	1116	1120	1124	1127	1130	1134	1142	1152	1157	1167	1200	1203	1204	1212	1219	1231	1236	1254	1265	1276	1277	1302	1341	1353	1357	1358	1363	1370	1374	1379	1396	1400	1401	1402	1406	1408	1414	1429	1449	1456	1470	1483	1490	1493	1504	1518	1520	1521	1536	1540	1541	1568	1572	1575	1589	1600	1609	1611	1620	1625	1627	1629	1631	1633	1649	1659	1661	1665	1670	1671	1693	1704	1709	1712	1713	1717	1735	1744	1757	1758	1764	1767	1783	1788	1794	1797	1802	1804	1805	1816	1823	1829	1850	1858	1862	1865	1869	1874	1878	1887	1905	1908	1931	1935	1943	1949	1951	1955	1957	1964	1966	1968	1970	1985	1988	1991	2019	2032	2035	2038	2042	2057	2060	2061	2072	2075	2092	2106	2108	2113	2127	2129	2139	2146	2148	2150	2162	2163	2169	2170	2171	2176	2180	2194	2197	2199	2202	2211	2213	2216	2219	2222	2223	2225	2232	2246	2252	2258	2270	2297	2302	2308	2309	2317	2319	2321	2332	2341	2344	2345	2351	2353	2356	2360	2361	2370	2373	2375	2407	2410	2411	2412	2422	2433	2445	2452	2458	2464	2484	2492	2498	2529	2531	2539	2541	2547	2552	2554	2563	2565	2571	2580	2589	2618	2622	2623	2626	2630	2632
20	1	6	7	12	33	37	54	61	89	103	107	119	134	135	146	150	154	166	178	187	226	234	235	274	283	287	293	302	307	311	317	337	341	351	362	365	374	376	380	383	387	390	395	422	441	451	471	475	489	494	505	513	524	537	544	545	552	569	579	584	591	607	624	637	639	646	655	667	673	677	691	694	718	723	735	739	740	741	744	751	760	767	785	792	794	799	804	822	826	832	837	844	854	855	856	858	865	871	877	893	908	921	922	932	951	969	972	997	1008	1010	1017	1018	1030	1033	1038	1039	1042	1051	1052	1053	1055	1058	1091	1099	1121	1124	1131	1138	1143	1150	1158	1165	1189	1197	1203	1208	1236	1238	1239	1241	1244	1256	1261	1268	1279	1282	1284	1301	1320	1323	1328	1348	1362	1365	1368	1383	1394	1405	1415	1438	1439	1450	1457	1461	1471	1474	1517	1520	1533	1534	1544	1545	1551	1555	1561	1567	1572	1575	1578	1587	1607	1634	1642	1652	1653	1659	1677	1679	1695	1700	1711	1712	1713	1729	1740	1761	1786	1803	1806	1807	1812	1818	1820	1824	1840	1841	1842	1843	1853	1859	1888	1898	1913	1918	1924	1929	1932	1951	1954	1955	1956	1983	2025	2029	2032	2034	2035	2036	2052	2077	2083	2085	2086	2095	2099	2102	2106	2115	2116	2119	2121	2122	2128	2139	2144	2164	2173	2176	2179	2191	2201	2212	2223	2226	2234	2244	2248	2256	2278	2284	2298	2303	2304	2305	2316	2325	2349	2360	2367	2374	2383	2384	2389	2408	2420	2425	2428	2460	2464	2488	2510	2516	2528	2531	2534	2536	2540	2545	2547	2548	2553	2556	2560	2566	2567	2568	2579	2582	2585	2593	2595	2620	2621	2622	2623	2628	2630	2631
21	4	16	22	31	42	57	70	72	76	83	86	114	133	161	167	172	194	201	211	216	217	230	239	243	244	249	255	291	308	312	320	326	352	373	379	385	390	391	411	436	438	450	452	474	482	484	497	498	506	509	514	524	559	568	578	580	592	594	602	604	605	619	638	647	662	669	692	709	720	722	735	756	770	778	803	809	812	827	834	838	841	856	863	866	870	873	892	901	908	914	917	934	935	978	1002	1018	1040	1044	1054	1076	1077	1085	1096	1104	1108	1122	1133	1147	1148	1160	1164	1178	1188	1201	1203	1224	1235	1247	1259	1261	1293	1299	1309	1333	1335	1344	1353	1375	1382	1383	1393	1427	1440	1450	1452	1453	1457	1459	1462	1475	1482	1491	1493	1499	1510	1527	1530	1538	1549	1566	1609	1617	1619	1626	1655	1663	1668	1683	1693	1698	1702	1706	1717	1723	1727	1735	1749	1751	1756	1783	1787	1795	1800	1806	1807	1813	1814	1899	1900	1910	1932	1944	1945	1949	1950	1962	1963	1973	1976	1980	1981	1984	1985	1994	1997	2022	2054	2063	2077	2084	2090	2102	2115	2124	2130	2136	2155	2162	2175	2179	2239	2242	2243	2253	2273	2277	2279	2282	2284	2299	2301	2307	2313	2314	2320	2328	2343	2351	2355	2357	2371	2394	2403	2410	2416	2424	2426	2450	2470	2486	2487	2532	2537	2544	2545	2548	2553	2555	2570	2571	2572	2577	2579	2587	2598	2601	2604	2613	2614	2629
22	2	9	14	35	44	71	77	79	83	98	104	110	112	116	119	120	125	142	145	147	151	159	165	175	176	179	195	202	203	225	227	229	253	260	262	280	290	299	304	311	338	341	352	356	369	375	378	387	395	404	417	418	444	450	457	470	472	474	483	487	503	508	511	515	534	539	540	541	547	549	569	574	587	595	612	617	620	628	633	647	651	653	671	677	703	704	711	713	717	719	720	728	750	760	765	769	792	800	801	804	806	807	809	816	826	830	839	842	845	849	852	860	868	882	886	889	895	903	907	908	918	928	957	958	959	963	965	966	969	973	976	978	989	990	995	998	1006	1009	1011	1018	1044	1053	1056	1062	1064	1076	1079	1085	1103	1107	1109	1115	1132	1135	1143	1144	1147	1151	1152	1156	1163	1166	1206	1222	1225	1228	1229	1250	1253	1256	1260	1266	1267	1272	1273	1284	1310	1311	1315	1320	1322	1343	1344	1345	1348	1359	1360	1377	1378	1380	1382	1384	1389	1394	1397	1405	1407	1412	1417	1437	1445	1451	1466	1476	1479	1498	1511	1513	1517	1522	1525	1527	1535	1543	1549	1562	1563	1575	1583	1588	1590	1595	1599	1602	1618	1620	1645	1652	1666	1678	1690	1703	1724	1725	1728	1737	1738	1743	1744	1749	1752	1753	1774	1778	1781	1787	1812	1833	1838	1843	1852	1879	1887	1891	1899	1917	1921	1933	1936	1937	1943	1945	1948	1954	1956	1961	1963	1978	1988	1995	2003	2015	2021	2037	2044	2047	2052	2053	2057	2061	2062	2065	2067	2069	2076	2103	2109	2114	2118	2122	2137	2153	2156	2167	2180	2210	2219	2221	2238	2243	2248	2255	2285	2293	2309	2316	2326	2339	2344	2345	2358	2362	2366	2368	2373	2376	2378	2387	2391	2395	2396	2398	2417	2438	2446	2447	2455	2457	2465	2469	2483	2501	2508	2514	2521	2523	2529	2568	2573	2577	2579	2586	2600	2614	2619
23	5	35	46	51	72	73	95	100	112	116	121	129	131	133	134	139	142	143	159	176	188	199	207	208	233	234	249	255	259	275	279	280	287	299	300	312	314	321	333	339	373	380	382	395	407	408	426	433	435	449	452	480	482	490	515	519	536	539	542	550	553	557	565	585	587	596	607	613	623	639	650	665	675	678	682	693	697	700	702	717	721	725	728	729	736	738	741	748	767	778	781	786	792	801	812	816	818	824	839	847	859	878	880	881	884	893	914	936	937	950	956	959	960	964	967	973	983	1016	1017	1027	1039	1045	1051	1073	1080	1102	1103	1106	1107	1111	1125	1129	1136	1147	1154	1157	1163	1171	1173	1174	1186	1187	1193	1194	1226	1229	1231	1237	1245	1247	1261	1266	1290	1298	1300	1301	1306	1314	1322	1335	1349	1350	1355	1382	1386	1393	1413	1416	1419	1434	1435	1445	1446	1449	1458	1480	1483	1485	1491	1494	1498	1509	1528	1530	1538	1539	1544	1550	1561	1586	1600	1610	1622	1626	1630	1637	1648	1682	1685	1688	1723	1730	1744	1748	1757	1765	1768	1776	1780	1787	1788	1793	1802	1804	1817	1826	1843	1855	1857	1862	1868	1873	1902	1925	1926	1930	1943	1947	1958	1962	1983	1993	1994	1995	2010	2011	2016	2021	2038	2045	2059	2076	2093	2107	2112	2121	2123	2143	2146	2151	2156	2161	2167	2171	2174	2187	2199	2236	2240	2241	2246	2248	2251	2275	2277	2290	2312	2313	2315	2316	2318	2330	2333	2340	2349	2355	2357	2358	2365	2376	2384	2388	2410	2414	2415	2419	2437	2460	2474	2479	2518	2542	2549	2550	2556	2560	2572	2578	2584	2586	2590	2606	2613
24	6	24	26	28	42	45	52	53	55	59	65	81	83	85	86	91	107	120	131	144	157	162	163	188	218	233	235	250	252	253	258	261	264	266	273	278	279	298	308	313	322	331	347	350	362	363	366	368	371	386	388	392	400	409	412	426	458	461	475	481	491	494	504	509	520	524	529	535	536	543	544	545	557	559	567	575	576	601	610	615	622	632	644	646	653	662	676	695	701	703	706	726	735	739	745	748	753	764	779	780	807	818	823	824	829	833	834	843	859	872	884	887	890	891	899	923	928	950	955	960	962	972	974	976	984	985	986	987	994	997	998	1010	1016	1018	1022	1023	1033	1054	1056	1070	1086	1087	1092	1101	1110	1112	1140	1145	1148	1149	1158	1175	1176	1180	1186	1192	1201	1205	1206	1211	1214	1215	1219	1222	1236	1243	1253	1262	1275	1280	1296	1297	1301	1319	1322	1331	1339	1349	1371	1380	1392	1394	1396	1400	1401	1404	1413	1420	1430	1432	1438	1443	1452	1457	1466	1477	1485	1492	1500	1503	1507	1508	1514	1531	1560	1561	1581	1583	1591	1593	1601	1605	1608	1612	1616	1617	1635	1664	1694	1697	1722	1740	1751	1755	1768	1769	1770	1794	1806	1812	1815	1819	1833	1838	1843	1848	1849	1872	1874	1882	1895	1899	1903	1913	1915	1923	1940	1951	1970	1981	1992	2008	2009	2012	2028	2038	2043	2047	2051	2054	2059	2066	2069	2090	2097	2099	2100	2109	2122	2126	2148	2154	2163	2168	2172	2184	2192	2200	2206	2207	2219	2222	2229	2243	2255	2261	2267	2276	2277	2286	2293	2299	2300	2302	2330	2336	2342	2346	2348	2359	2360	2371	2392	2403	2408	2409	2410	2423	2442	2459	2468	2470	2481	2491	2503	2506	2521	2533	2552	2565	2599	2603	2615	2627	2632
25	3	13	15	16	19	22	23	33	35	37	69	71	76	78	81	88	104	105	114	123	126	127	131	136	138	149	151	153	158	161	164	165	171	175	177	179	182	201	205	212	215	228	233	235	237	243	247	263	276	289	297	301	303	320	327	334	338	341	344	350	351	355	358	382	395	398	403	405	426	459	467	473	490	491	505	510	512	518	519	525	530	531	533	538	550	551	554	561	569	573	604	606	612	618	624	630	634	635	636	638	646	647	649	661	706	724	727	732	736	762	763	775	780	797	798	799	820	826	845	847	870	874	876	881	915	922	929	947	958	962	968	975	978	982	983	995	1010	1011	1017	1019	1021	1035	1041	1042	1045	1046	1056	1066	1072	1081	1091	1113	1124	1126	1148	1155	1165	1180	1183	1196	1198	1218	1221	1223	1230	1257	1263	1272	1294	1304	1305	1308	1325	1350	1356	1370	1374	1376	1390	1394	1410	1413	1414	1428	1435	1444	1449	1467	1471	1481	1482	1486	1497	1504	1506	1515	1528	1529	1533	1534	1539	1577	1597	1606	1607	1625	1628	1632	1638	1649	1665	1680	1684	1692	1700	1733	1735	1740	1741	1747	1750	1751	1758	1759	1767	1768	1782	1790	1793	1803	1810	1821	1824	1833	1835	1841	1855	1859	1863	1867	1880	1883	1884	1891	1892	1907	1928	1932	1934	1938	1966	1972	1978	1989	2004	2022	2026	2033	2035	2041	2067	2072	2081	2083	2084	2095	2096	2097	2101	2113	2116	2119	2130	2134	2153	2154	2157	2165	2166	2172	2174	2183	2189	2203	2210	2225	2226	2229	2230	2231	2234	2238	2252	2285	2299	2301	2303	2315	2329	2333	2350	2353	2366	2368	2377	2381	2386	2387	2389	2391	2397	2401	2406	2422	2433	2438	2450	2456	2460	2461	2467	2469	2474	2485	2487	2493	2512	2513	2514	2519	2522	2524	2530	2531	2540	2547	2550	2578	2588	2600	2605	2607	2613	2617	2620	2625
26	5	10	21	31	32	38	40	41	45	50	51	53	58	67	69	71	77	79	89	93	99	101	122	129	130	141	143	144	146	150	165	168	195	199	217	220	221	222	224	225	227	240	251	253	257	283	298	299	308	314	336	340	349	359	364	376	380	394	400	410	418	423	432	443	444	454	461	473	475	483	488	492	503	504	513	522	525	538	547	550	557	558	563	575	580	581	588	590	591	603	614	616	621	659	669	676	681	691	694	699	700	704	707	724	730	741	752	754	762	765	774	782	786	789	794	797	808	819	850	851	854	858	869	873	874	893	910	912	918	926	940	943	959	962	989	990	1012	1023	1028	1029	1033	1038	1062	1068	1089	1093	1097	1100	1102	1104	1128	1129	1137	1141	1155	1159	1163	1169	1184	1191	1192	1202	1210	1224	1227	1230	1234	1237	1245	1248	1262	1265	1274	1277	1288	1292	1299	1310	1311	1313	1317	1320	1324	1329	1337	1338	1354	1365	1369	1378	1385	1393	1406	1411	1418	1419	1421	1423	1428	1450	1464	1467	1468	1469	1472	1495	1499	1505	1512	1529	1542	1553	1557	1564	1582	1584	1585	1589	1590	1598	1604	1613	1621	1628	1635	1642	1643	1647	1655	1656	1660	1661	1674	1682	1683	1684	1700	1706	1708	1709	1716	1732	1745	1746	1747	1750	1755	1762	1763	1765	1767	1772	1785	1800	1820	1839	1844	1853	1893	1897	1904	1910	1925	1928	1958	1960	1974	1990	2008	2013	2019	2028	2058	2062	2068	2105	2110	2113	2119	2124	2145	2153	2157	2168	2180	2184	2188	2200	2202	2203	2210	2214	2228	2240	2245	2248	2255	2258	2259	2264	2273	2290	2298	2309	2312	2315	2324	2328	2334	2335	2346	2361	2363	2382	2383	2386	2400	2404	2411	2417	2418	2435	2445	2464	2465	2468	2472	2478	2479	2493	2494	2505	2508	2510	2520	2522	2523	2524	2525	2538	2560	2563	2589	2594	2597	2602	2605	2613	2629
27	5	8	22	30	34	45	52	55	56	59	88	99	105	107	108	111	116	126	130	134	141	142	147	156	162	170	182	185	190	199	210	217	222	228	231	234	239	250	264	267	271	273	294	315	329	340	350	353	354	357	359	367	377	381	383	392	404	409	418	421	426	428	433	436	443	450	455	456	460	464	474	486	491	493	507	513	522	528	533	546	561	565	582	583	584	588	605	616	630	633	655	656	667	669	672	685	687	688	690	692	707	725	736	739	747	754	756	760	773	787	791	795	796	798	814	815	830	831	839	842	843	860	864	874	931	936	946	965	970	972	980	1014	1015	1016	1033	1043	1048	1074	1094	1102	1115	1119	1127	1139	1141	1153	1156	1168	1171	1175	1177	1189	1197	1202	1210	1212	1214	1218	1230	1249	1254	1264	1272	1297	1301	1302	1304	1305	1314	1317	1323	1337	1375	1376	1387	1408	1410	1411	1433	1454	1457	1458	1486	1495	1496	1517	1524	1526	1529	1531	1533	1541	1542	1555	1558	1617	1621	1623	1628	1654	1668	1670	1677	1693	1715	1726	1729	1730	1740	1748	1756	1757	1768	1769	1776	1780	1783	1784	1785	1790	1798	1800	1825	1830	1835	1842	1844	1846	1854	1858	1859	1868	1870	1872	1902	1904	1910	1912	1921	1926	1950	1964	1965	1969	1982	1988	1993	1997	2005	2012	2014	2033	2036	2040	2041	2053	2069	2074	2080	2090	2098	2103	2114	2119	2132	2152	2176	2179	2182	2190	2201	2206	2217	2220	2229	2252	2254	2255	2280	2295	2311	2316	2318	2322	2348	2366	2369	2384	2388	2390	2393	2395	2404	2426	2434	2436	2437	2444	2455	2460	2466	2469	2471	2477	2500	2507	2508	2514	2516	2524	2555	2561	2563	2566	2572	2579	2601	2602	2608	2615	2619
28	3	24	25	28	30	34	54	59	60	62	66	79	82	85	94	120	124	125	128	132	133	134	159	165	178	205	206	217	233	238	244	288	303	305	306	316	320	322	346	359	360	373	374	380	381	384	385	390	394	407	415	443	445	446	447	448	452	459	465	473	478	482	501	503	516	522	548	549	551	564	571	572	588	602	614	632	634	639	645	658	666	668	670	673	688	699	706	708	720	726	737	742	747	755	756	757	766	771	779	786	789	793	796	811	817	849	853	854	862	863	864	874	888	904	909	919	931	932	937	955	971	979	980	993	1001	1002	1040	1043	1049	1051	1053	1057	1063	1068	1074	1081	1087	1095	1103	1107	1118	1124	1137	1140	1146	1150	1167	1171	1172	1181	1189	1204	1240	1250	1252	1253	1270	1283	1285	1294	1298	1314	1315	1316	1318	1325	1338	1340	1342	1343	1352	1360	1364	1365	1367	1374	1381	1398	1403	1415	1430	1439	1442	1443	1449	1457	1461	1463	1472	1479	1498	1503	1513	1518	1529	1537	1544	1558	1568	1581	1583	1586	1589	1590	1597	1599	1600	1607	1632	1648	1656	1673	1679	1686	1688	1701	1708	1715	1722	1730	1731	1736	1737	1742	1745	1751	1754	1771	1793	1794	1797	1801	1819	1821	1841	1848	1849	1857	1885	1903	1918	1925	1960	2000	2005	2006	2007	2021	2024	2026	2028	2042	2046	2061	2064	2070	2093	2096	2101	2110	2118	2124	2132	2180	2188	2189	2201	2210	2211	2214	2229	2233	2242	2251	2256	2294	2308	2310	2313	2319	2322	2325	2334	2338	2342	2347	2363	2366	2368	2369	2375	2388	2401	2409	2416	2417	2432	2439	2440	2443	2473	2475	2476	2477	2480	2489	2504	2507	2519	2520	2528	2540	2541	2545	2549	2552	2559	2564	2565	2586	2592	2593	2595	2599	2608	2609	2616	2620	2630
29	1	9	11	19	21	25	26	36	43	49	72	75	87	92	94	106	118	122	154	162	169	174	190	198	207	212	226	231	232	238	249	269	301	305	308	317	321	359	364	375	386	387	391	400	403	404	408	443	447	448	449	452	454	455	495	502	510	516	517	520	526	527	543	548	562	571	589	620	623	624	625	641	671	679	686	700	706	710	722	727	732	740	760	763	769	778	783	811	812	822	825	847	849	855	864	868	891	895	904	906	913	919	932	939	961	963	988	989	992	1007	1028	1041	1043	1052	1058	1065	1069	1070	1074	1080	1088	1098	1101	1105	1126	1132	1134	1136	1137	1142	1149	1164	1168	1169	1178	1180	1196	1199	1205	1206	1217	1223	1231	1234	1251	1258	1259	1260	1261	1273	1281	1297	1320	1327	1329	1335	1347	1350	1357	1363	1364	1366	1375	1376	1377	1389	1390	1416	1424	1427	1436	1455	1468	1469	1478	1481	1496	1510	1511	1522	1523	1527	1530	1543	1547	1554	1559	1562	1568	1580	1592	1599	1602	1603	1604	1608	1610	1614	1629	1636	1643	1662	1680	1697	1703	1704	1722	1725	1726	1729	1743	1766	1768	1772	1773	1777	1786	1791	1792	1795	1811	1819	1823	1839	1845	1852	1853	1862	1868	1871	1873	1880	1888	1892	1895	1902	1909	1920	1923	1927	1937	1940	1942	1944	1950	1958	1960	1964	1966	1970	1977	1978	1990	1991	1992	2002	2005	2006	2013	2025	2056	2057	2068	2071	2087	2094	2104	2112	2129	2144	2147	2151	2161	2162	2163	2170	2179	2185	2205	2219	2221	2224	2238	2239	2241	2247	2251	2257	2274	2281	2285	2288	2294	2295	2297	2306	2323	2335	2343	2350	2357	2359	2378	2387	2391	2392	2407	2408	2409	2421	2427	2433	2436	2438	2454	2458	2468	2497	2518	2521	2523	2527	2534	2551	2558	2576	2581	2584	2592	2598	2599	2601	2611	2612	2623	2624	2632
30	0	3	4	17	42	49	65	73	80	93	117	124	131	136	148	150	155	164	178	181	209	212	216	234	240	246	247	248	257	261	267	273	278	282	299	322	344	363	364	366	375	378	383	394	396	402	416	420	429	437	456	467	470	477	483	502	509	512	520	530	553	557	560	563	566	572	575	576	591	593	597	603	605	620	628	632	634	637	641	643	645	658	659	660	663	664	683	702	716	717	735	744	750	753	774	787	789	792	822	823	831	834	836	837	838	850	867	891	928	944	948	952	961	967	969	986	987	996	1012	1017	1018	1029	1035	1057	1060	1062	1070	1075	1082	1108	1113	1135	1139	1151	1155	1185	1190	1193	1242	1248	1256	1258	1291	1304	1332	1334	1336	1345	1352	1353	1354	1368	1376	1382	1383	1385	1395	1397	1402	1404	1428	1436	1437	1443	1447	1449	1451	1462	1472	1477	1496	1498	1500	1508	1511	1533	1540	1542	1557	1572	1574	1576	1577	1582	1585	1591	1615	1622	1634	1636	1642	1649	1656	1660	1663	1665	1667	1674	1678	1682	1686	1687	1688	1692	1709	1724	1725	1737	1743	1756	1757	1762	1773	1781	1786	1799	1801	1806	1821	1826	1849	1851	1857	1874	1886	1892	1902	1905	1909	1916	1923	1930	1933	1944	1978	1984	1989	1990	1997	1999	2001	2012	2040	2046	2050	2060	2069	2072	2131	2139	2142	2145	2166	2169	2176	2194	2205	2215	2230	2232	2239	2247	2254	2267	2283	2289	2291	2304	2308	2339	2340	2341	2342	2347	2351	2352	2357	2370	2377	2389	2394	2405	2415	2437	2438	2448	2449	2450	2451	2452	2453	2457	2458	2476	2478	2495	2498	2499	2501	2506	2507	2508	2509	2515	2517	2522	2526	2527	2528	2545	2549	2552	2553	2554	2569	2575	2590	2618	2625
31	1	2	5	20	28	33	52	60	67	69	81	83	89	91	94	97	102	109	112	113	121	156	167	170	172	181	202	218	224	225	241	245	247	253	267	277	280	296	298	307	311	324	328	332	346	347	354	358	360	366	367	369	379	393	405	410	414	418	420	424	436	438	439	442	443	455	463	486	508	521	530	546	558	560	580	582	611	614	617	619	626	632	635	636	651	654	658	666	678	696	699	705	708	709	713	720	723	726	728	734	747	749	751	753	754	755	759	785	792	810	812	813	815	823	824	829	833	855	865	871	873	878	885	890	900	906	909	915	923	931	944	945	950	965	969	974	987	996	1002	1009	1032	1053	1057	1064	1069	1094	1112	1120	1125	1127	1137	1138	1145	1164	1166	1167	1170	1175	1180	1183	1195	1240	1242	1245	1250	1255	1262	1264	1271	1279	1293	1304	1308	1316	1319	1334	1335	1337	1340	1346	1358	1359	1367	1368	1370	1372	1379	1386	1403	1415	1426	1429	1433	1453	1456	1469	1475	1479	1489	1492	1495	1498	1501	1504	1531	1532	1560	1567	1574	1578	1594	1596	1608	1613	1616	1624	1626	1631	1636	1637	1645	1646	1659	1661	1666	1688	1691	1695	1715	1743	1748	1759	1762	1770	1782	1800	1803	1813	1828	1829	1831	1834	1837	1855	1866	1867	1874	1878	1879	1890	1892	1895	1898	1903	1919	1921	1922	1925	1926	1930	1936	1938	1939	1942	1947	1959	1969	1972	1986	2003	2008	2013	2017	2019	2024	2027	2034	2043	2049	2051	2054	2061	2067	2075	2079	2083	2111	2137	2150	2160	2181	2182	2184	2186	2191	2204	2219	2227	2276	2285	2286	2290	2297	2306	2327	2332	2335	2346	2354	2362	2377	2378	2379	2381	2395	2396	2397	2411	2414	2421	2427	2435	2437	2439	2446	2448	2462	2474	2475	2484	2511	2530	2533	2536	2560	2581	2591
32	2	8	9	16	20	24	30	31	32	33	35	40	42	48	68	75	77	104	115	117	124	132	141	167	177	181	196	211	250	254	255	259	267	268	276	289	294	300	309	343	347	348	352	353	357	378	382	390	392	400	401	408	413	415	433	439	451	454	467	481	497	501	502	517	521	551	568	602	605	609	631	642	643	663	687	694	706	718	728	744	757	783	819	829	834	835	836	837	843	851	859	879	881	884	887	895	896	911	915	917	923	930	937	941	943	944	949	951	954	957	965	981	987	996	1022	1023	1039	1040	1049	1058	1060	1067	1069	1073	1077	1088	1091	1102	1112	1116	1125	1128	1133	1147	1153	1159	1166	1169	1173	1197	1199	1202	1208	1209	1216	1221	1251	1259	1265	1270	1296	1298	1305	1306	1319	1329	1336	1337	1342	1346	1348	1352	1359	1384	1386	1391	1398	1412	1418	1420	1423	1428	1432	1441	1451	1462	1464	1484	1485	1487	1493	1494	1503	1507	1509	1514	1520	1537	1543	1566	1570	1596	1615	1619	1633	1634	1635	1641	1658	1673	1690	1698	1702	1705	1706	1710	1716	1720	1729	1738	1742	1758	1762	1764	1770	1773	1782	1793	1811	1819	1821	1828	1832	1835	1847	1883	1891	1897	1903	1911	1914	1915	1931	1946	1954	1962	1974	1977	2015	2023	2033	2044	2048	2054	2073	2091	2094	2113	2125	2126	2133	2138	2141	2165	2193	2194	2195	2203	2212	2224	2233	2235	2258	2260	2274	2277	2280	2281	2286	2287	2291	2296	2299	2315	2316	2344	2353	2355	2365	2370	2372	2376	2382	2390	2401	2424	2425	2430	2442	2449	2467	2472	2487	2498	2527	2535	2542	2567	2583	2596	2598	2604	2605	2606	2607	2611	2616	2629	2630
33	2	6	12	16	23	30	42	49	50	54	65	70	73	78	84	85	90	95	114	127	130	132	135	137	152	154	171	174	179	181	187	190	201	240	249	259	273	276	277	285	286	287	301	305	306	321	334	346	347	356	362	372	375	377	397	400	401	402	406	420	421	430	431	435	446	458	462	468	486	493	495	497	515	517	523	531	535	536	545	564	572	586	597	615	621	641	644	655	657	660	663	671	672	676	688	689	695	698	705	708	710	732	738	742	743	749	752	761	771	784	788	799	808	813	820	855	876	877	883	908	910	917	932	935	959	966	968	978	986	998	1012	1027	1038	1041	1046	1047	1055	1057	1058	1059	1077	1078	1079	1084	1088	1089	1102	1104	1114	1118	1126	1133	1134	1139	1158	1161	1162	1167	1179	1185	1191	1192	1194	1200	1206	1209	1211	1222	1223	1226	1235	1238	1251	1252	1254	1257	1260	1288	1289	1290	1303	1316	1322	1325	1366	1385	1393	1398	1402	1404	1424	1431	1434	1461	1471	1472	1484	1486	1492	1501	1507	1515	1521	1547	1557	1567	1568	1571	1575	1593	1594	1596	1597	1603	1605	1609	1618	1630	1631	1640	1646	1649	1667	1669	1677	1682	1684	1690	1702	1705	1711	1721	1739	1761	1771	1773	1779	1782	1785	1796	1797	1803	1804	1812	1822	1836	1841	1846	1857	1860	1864	1878	1879	1887	1906	1909	1910	1929	1941	1945	1955	1982	2000	2011	2013	2018	2024	2029	2030	2037	2045	2055	2079	2082	2083	2092	2099	2100	2113	2115	2116	2118	2126	2127	2134	2142	2147	2166	2174	2195	2201	2203	2205	2208	2220	2236	2237	2242	2252	2269	2306	2309	2312	2319	2322	2325	2326	2336	2341	2353	2356	2359	2360	2371	2372	2380	2383	2399	2408	2412	2415	2418	2426	2430	2445	2453	2457	2461	2463	2473	2478	2482	2489	2490	2496	2505	2508	2510	2546	2553	2570	2593	2598	2602	2606	2626
34	4	18	57	68	69	74	96	100	101	103	109	113	117	120	125	139	149	161	167	171	191	196	199	200	206	218	221	224	227	228	229	231	241	244	246	247	248	251	254	258	263	279	285	294	295	309	310	314	328	332	339	340	345	374	381	391	397	403	408	414	417	421	425	454	469	489	498	508	516	538	559	568	571	575	589	611	623	627	631	633	638	648	658	660	671	672	676	689	692	696	712	715	717	722	725	730	733	736	754	757	758	759	763	765	766	769	775	781	784	803	805	809	810	811	814	816	826	828	829	841	848	859	862	869	872	907	914	929	954	956	961	963	964	970	971	980	986	999	1000	1004	1006	1017	1024	1035	1039	1043	1055	1056	1080	1084	1088	1105	1107	1109	1110	1123	1134	1136	1142	1144	1146	1149	1164	1180	1183	1184	1185	1198	1207	1215	1216	1227	1235	1242	1244	1246	1261	1269	1270	1278	1282	1284	1291	1295	1302	1307	1318	1330	1336	1368	1373	1379	1409	1421	1431	1436	1446	1448	1454	1463	1470	1489	1493	1494	1505	1544	1549	1556	1563	1573	1594	1619	1624	1626	1630	1632	1633	1658	1672	1676	1678	1683	1687	1696	1700	1720	1721	1722	1729	1759	1766	1779	1787	1795	1796	1810	1819	1831	1838	1850	1854	1858	1860	1866	1869	1876	1890	1896	1929	1931	1944	1946	1955	1985	1986	1996	2003	2005	2008	2009	2034	2046	2061	2062	2071	2075	2089	2096	2102	2121	2151	2154	2174	2175	2179	2196	2217	2224	2228	2230	2236	2237	2241	2252	2257	2259	2278	2284	2286	2297	2305	2306	2317	2324	2325	2326	2328	2336	2338	2347	2349	2353	2366	2385	2402	2413	2414	2416	2431	2453	2460	2481	2493	2495	2499	2502	2511	2520	2533	2542	2544	2551	2561
35	2	21	23	27	35	38	39	43	53	66	90	95	99	100	106	118	121	123	125	126	139	154	161	183	197	230	242	264	270	273	275	277	280	295	304	305	327	333	337	339	342	346	348	350	362	368	374	382	395	411	420	429	432	453	457	463	468	476	480	491	493	498	512	527	537	538	547	555	557	559	569	571	578	584	587	588	604	610	613	615	617	620	630	633	654	656	675	683	684	708	741	778	806	815	819	826	848	858	861	865	869	870	880	902	924	930	934	936	937	940	950	952	957	960	1009	1014	1016	1023	1025	1026	1034	1042	1049	1064	1066	1070	1089	1090	1097	1100	1105	1106	1108	1110	1121	1130	1137	1141	1159	1184	1186	1217	1221	1224	1228	1232	1235	1239	1272	1273	1283	1308	1324	1331	1334	1338	1339	1349	1358	1373	1377	1388	1397	1399	1402	1409	1410	1425	1443	1446	1447	1448	1458	1479	1489	1497	1498	1509	1532	1549	1554	1566	1569	1572	1579	1587	1614	1622	1625	1635	1643	1651	1654	1657	1665	1666	1671	1689	1695	1696	1702	1703	1710	1722	1745	1770	1778	1786	1792	1800	1808	1817	1818	1823	1827	1831	1842	1849	1850	1861	1873	1876	1881	1890	1913	1916	1939	1941	1942	1953	1970	1973	1992	1994	1995	1998	2006	2031	2036	2041	2063	2070	2080	2082	2087	2095	2102	2109	2112	2129	2132	2140	2147	2149	2160	2162	2212	2223	2228	2250	2273	2280	2283	2306	2319	2320	2339	2355	2358	2359	2378	2390	2392	2407	2413	2427	2428	2432	2444	2451	2452	2454	2458	2466	2499	2511	2513	2526	2528	2532	2546	2549	2555	2562	2567	2570	2573	2575	2589	2592	2602	2617	2629	2631
36	8	12	17	20	26	35	57	80	84	85	92	93	104	123	132	143	151	170	185	190	197	204	207	208	216	218	229	236	237	261	265	274	283	288	309	319	324	355	356	368	416	422	438	458	463	464	466	474	479	481	482	483	486	488	503	504	549	553	555	556	564	570	576	577	578	585	594	596	598	641	648	653	661	680	683	685	688	692	698	715	732	734	739	740	755	756	758	763	766	803	811	813	823	834	847	852	853	856	861	870	879	891	898	918	928	930	934	937	941	945	953	960	970	986	993	1008	1020	1031	1032	1034	1047	1052	1063	1065	1097	1100	1101	1117	1131	1135	1140	1151	1154	1162	1167	1170	1199	1202	1205	1207	1217	1242	1244	1245	1277	1286	1296	1301	1305	1307	1309	1311	1316	1317	1323	1340	1349	1352	1360	1361	1367	1371	1372	1395	1397	1401	1403	1414	1415	1418	1420	1421	1427	1434	1437	1464	1477	1480	1489	1494	1516	1518	1530	1535	1546	1550	1578	1580	1585	1602	1611	1617	1623	1651	1656	1663	1692	1706	1708	1719	1739	1752	1756	1760	1765	1769	1773	1781	1783	1787	1791	1801	1811	1812	1838	1847	1868	1871	1879	1884	1890	1892	1894	1907	1912	1913	1927	1933	1935	1940	1943	1945	1955	1959	1964	1973	1976	1992	2004	2005	2006	2014	2016	2028	2033	2037	2050	2058	2062	2064	2073	2076	2081	2085	2086	2091	2092	2106	2123	2126	2142	2151	2153	2162	2175	2185	2211	2212	2234	2241	2249	2256	2258	2262	2267	2272	2275	2305	2310	2320	2322	2327	2335	2362	2364	2370	2374	2392	2401	2414	2427	2435	2438	2440	2451	2491	2497	2506	2509	2512	2522	2526	2534	2539	2543	2544	2548	2554	2562	2570	2582	2586	2595	2609	2611
37	1	19	23	41	44	46	47	51	58	60	66	84	109	110	114	115	137	139	140	142	151	152	163	164	177	181	186	187	208	209	229	232	235	236	241	243	245	261	267	269	272	285	287	289	304	310	313	324	325	348	358	359	366	370	382	388	402	406	428	434	449	455	478	489	490	500	506	512	514	532	546	551	552	586	595	596	612	614	636	647	661	667	685	703	712	713	716	718	745	747	766	782	783	785	788	793	794	801	806	807	812	821	828	837	843	850	864	893	894	910	913	919	920	940	941	942	951	955	969	980	995	998	1005	1013	1024	1025	1030	1035	1041	1054	1061	1070	1092	1099	1107	1124	1125	1144	1149	1150	1182	1185	1188	1199	1206	1212	1213	1228	1231	1234	1238	1248	1255	1264	1269	1275	1286	1316	1331	1332	1339	1377	1378	1380	1386	1420	1425	1440	1452	1468	1473	1476	1493	1503	1506	1518	1524	1527	1545	1547	1561	1565	1569	1577	1592	1598	1612	1615	1638	1640	1641	1644	1655	1658	1675	1676	1686	1688	1691	1696	1700	1703	1720	1726	1727	1730	1736	1759	1760	1766	1770	1771	1784	1786	1788	1803	1815	1816	1820	1829	1830	1832	1837	1844	1848	1861	1867	1881	1882	1883	1898	1901	1906	1911	1915	1919	1924	1930	1941	1944	1953	1963	1987	1989	2010	2011	2020	2039	2042	2049	2098	2104	2117	2127	2128	2140	2155	2185	2218	2230	2240	2244	2261	2266	2270	2271	2274	2283	2289	2292	2294	2297	2301	2303	2306	2309	2321	2331	2342	2347	2350	2354	2359	2362	2364	2380	2403	2412	2417	2418	2431	2435	2456	2463	2467	2485	2488	2496	2498	2501	2525	2533	2535	2536	2540	2547	2556	2558	2564	2577	2579	2583	2584	2593	2597	2601	2602	2604	2605	2607	2614	2617	2618	2619	2621	2625	2627	2629
38	2	12	17	18	28	29	32	40	41	53	63	64	73	76	77	84	90	112	114	126	127	130	138	143	148	167	175	176	180	186	189	196	197	200	206	223	231	237	239	250	260	268	274	276	302	303	308	310	311	312	327	330	331	343	350	356	377	384	386	388	389	399	407	413	427	441	455	465	466	489	510	512	527	533	541	542	549	565	566	576	586	587	599	600	612	645	648	649	654	655	657	670	680	681	684	686	688	694	697	729	735	749	755	771	789	818	825	844	845	850	857	860	885	896	897	899	909	910	914	920	938	942	947	954	971	990	991	999	1009	1014	1026	1104	1116	1117	1120	1141	1144	1145	1153	1156	1174	1177	1185	1193	1194	1197	1200	1223	1227	1249	1262	1266	1273	1276	1285	1294	1301	1306	1308	1321	1329	1333	1335	1339	1340	1347	1354	1364	1365	1369	1379	1390	1391	1392	1396	1403	1407	1408	1416	1430	1433	1437	1442	1447	1461	1466	1471	1472	1485	1487	1508	1515	1518	1521	1525	1533	1543	1551	1553	1557	1566	1571	1579	1583	1598	1633	1635	1648	1650	1652	1668	1675	1699	1704	1710	1713	1714	1715	1721	1723	1729	1734	1743	1749	1763	1776	1777	1782	1791	1802	1809	1815	1827	1828	1839	1851	1853	1855	1862	1868	1873	1882	1900	1907	1916	1934	1938	1952	1954	1965	1969	1971	1983	2002	2007	2017	2018	2025	2030	2034	2050	2060	2083	2086	2087	2089	2091	2094	2099	2103	2112	2117	2127	2143	2158	2166	2194	2195	2211	2218	2224	2245	2271	2272	2300	2304	2319	2348	2375	2382	2388	2390	2394	2424	2436	2441	2442	2448	2459	2481	2491	2496	2509	2525	2527	2537	2539	2549	2571	2582	2592	2608	2618	2628
39	12	17	22	32	33	36	38	41	45	68	77	100	110	111	115	156	163	169	182	192	196	208	214	217	220	230	234	235	240	255	259	270	281	284	293	307	315	318	325	342	357	358	365	369	381	419	424	432	441	446	449	456	464	473	476	479	480	485	489	491	494	502	509	517	529	573	582	584	588	604	610	615	641	646	649	651	660	662	666	675	682	684	696	713	716	725	730	731	739	749	759	776	779	796	802	803	804	819	821	835	863	864	867	878	889	902	903	905	911	941	944	953	957	961	966	968	974	976	977	994	1002	1003	1014	1029	1032	1036	1037	1046	1068	1082	1083	1091	1096	1111	1115	1118	1127	1128	1131	1155	1171	1173	1182	1193	1201	1213	1228	1229	1234	1254	1276	1277	1282	1289	1290	1310	1314	1322	1328	1330	1334	1341	1353	1359	1369	1372	1373	1378	1400	1404	1407	1414	1417	1428	1441	1451	1452	1464	1468	1482	1483	1486	1490	1491	1499	1517	1521	1538	1541	1547	1548	1555	1571	1577	1579	1595	1601	1606	1626	1635	1642	1650	1657	1659	1664	1681	1686	1703	1711	1713	1714	1718	1723	1727	1731	1732	1736	1739	1754	1759	1763	1775	1779	1789	1827	1828	1840	1876	1889	1899	1900	1904	1909	1922	1946	1956	1963	1974	1987	1989	1993	1999	2001	2018	2023	2047	2049	2064	2065	2070	2071	2081	2091	2099	2105	2107	2130	2136	2168	2170	2173	2202	2204	2209	2215	2230	2260	2262	2265	2280	2289	2307	2317	2334	2339	2352	2364	2372	2385	2395	2407	2412	2421	2451	2453	2459	2490	2492	2495	2502	2517	2530	2551	2552	2557	2561	2565	2571	2574	2575	2590	2594	2596	2599	2607	2624	2628
40	0	3	7	18	20	21	22	24	29	36	50	52	64	67	97	106	110	119	128	140	141	148	150	152	155	156	159	175	180	183	198	215	220	221	230	238	243	253	258	271	279	282	294	303	307	325	337	342	345	365	368	374	383	389	394	402	411	412	415	418	420	424	434	438	440	445	454	456	466	495	499	502	514	523	524	526	528	540	550	556	562	564	566	568	569	573	577	586	592	601	608	616	617	618	626	634	639	649	659	661	665	685	690	717	721	743	757	760	775	777	789	802	808	817	821	835	842	849	853	892	897	904	925	928	939	945	949	955	964	972	975	995	999	1019	1022	1027	1029	1032	1033	1043	1055	1064	1067	1077	1096	1115	1123	1131	1135	1152	1160	1161	1168	1181	1187	1192	1214	1217	1218	1222	1230	1237	1241	1251	1262	1266	1270	1273	1280	1281	1299	1304	1305	1346	1351	1368	1370	1381	1382	1384	1391	1392	1411	1435	1445	1448	1455	1474	1476	1483	1488	1527	1539	1553	1556	1563	1596	1598	1604	1605	1620	1628	1630	1639	1646	1665	1671	1676	1679	1691	1705	1719	1731	1747	1748	1754	1779	1780	1798	1799	1808	1817	1826	1845	1848	1850	1878	1882	1886	1889	1893	1916	1917	1920	1922	1924	1936	1938	1957	1959	1975	1977	1982	1988	1991	1993	1996	2015	2024	2029	2052	2084	2088	2105	2110	2121	2122	2126	2135	2142	2151	2158	2165	2169	2184	2186	2187	2201	2213	2218	2225	2243	2246	2253	2258	2259	2263	2275	2298	2305	2310	2319	2321	2324	2330	2341	2354	2360	2373	2386	2405	2409	2414	2415	2416	2419	2422	2423	2424	2431	2437	2446	2466	2467	2480	2482	2485	2488	2489	2490	2492	2504	2511	2532	2533	2550	2557	2562	2585	2589	2606	2621	2622	2627
41	4	14	36	45	55	68	74	78	81	92	103	117	119	124	134	136	137	152	172	189	201	205	207	209	211	219	220	223	227	230	231	246	262	265	270	277	300	310	313	323	348	354	355	361	362	370	379	405	413	414	423	426	429	439	444	460	464	472	475	478	486	488	507	514	523	525	526	544	547	555	573	574	577	579	595	609	626	629	631	634	636	643	658	672	680	686	697	707	712	724	732	752	758	764	770	772	775	778	784	789	797	816	825	830	833	844	851	877	878	880	894	903	906	915	916	925	926	927	929	940	954	964	969	973	1006	1011	1021	1027	1034	1037	1044	1046	1068	1069	1073	1091	1092	1102	1110	1111	1119	1121	1122	1132	1136	1139	1143	1148	1161	1162	1166	1167	1175	1187	1188	1217	1236	1243	1248	1256	1264	1265	1267	1276	1278	1280	1282	1309	1332	1346	1351	1363	1380	1386	1405	1417	1434	1448	1456	1462	1465	1466	1469	1470	1474	1477	1500	1502	1511	1519	1523	1530	1532	1534	1536	1540	1545	1551	1554	1562	1565	1568	1569	1576	1596	1599	1600	1607	1611	1620	1646	1647	1659	1661	1671	1677	1687	1691	1699	1701	1704	1711	1716	1734	1737	1740	1744	1753	1757	1775	1777	1783	1784	1789	1841	1842	1846	1870	1886	1887	1889	1906	1915	1919	1920	1921	1931	1952	1962	1964	1966	1971	1975	1981	1983	1999	2022	2029	2037	2044	2045	2051	2059	2066	2073	2086	2089	2093	2110	2111	2120	2129	2133	2134	2139	2143	2157	2172	2176	2182	2190	2193	2199	2210	2214	2217	2227	2231	2245	2246	2263	2268	2288	2294	2323	2328	2329	2339	2354	2356	2361	2369	2370	2373	2389	2399	2400	2420	2425	2428	2435	2442	2444	2475	2479	2484	2497	2509	2511	2513	2524	2528	2529	2532	2536	2538	2569	2573	2583	2609	2628
42	10	11	13	25	48	58	68	74	86	89	92	98	101	106	110	136	139	140	144	147	150	165	166	168	169	192	193	194	195	203	209	211	219	241	244	264	265	269	277	286	292	295	319	323	331	334	338	372	425	439	446	448	451	460	468	476	481	484	488	503	528	530	534	536	542	574	578	618	629	642	650	656	657	665	671	672	673	674	689	702	715	720	721	724	728	743	746	761	765	774	776	779	786	799	801	808	810	815	816	832	840	845	850	852	865	873	876	880	889	896	901	903	904	909	913	921	922	930	933	938	939	956	975	977	981	988	1025	1035	1041	1044	1049	1050	1051	1096	1099	1101	1114	1117	1123	1133	1150	1157	1160	1170	1174	1176	1190	1195	1226	1229	1231	1234	1237	1244	1245	1249	1286	1292	1299	1302	1330	1345	1357	1371	1374	1381	1387	1400	1401	1403	1405	1419	1422	1424	1439	1440	1450	1452	1458	1460	1488	1491	1497	1519	1526	1530	1531	1532	1537	1567	1569	1570	1572	1574	1580	1582	1585	1591	1610	1614	1623	1649	1658	1666	1675	1683	1689	1705	1710	1716	1719	1721	1723	1726	1734	1735	1741	1759	1763	1772	1777	1807	1811	1844	1849	1854	1860	1865	1868	1875	1876	1882	1885	1896	1906	1918	1919	1923	1941	1946	1947	1952	1958	1962	1965	1970	1972	1979	1981	1985	1987	1990	1996	2002	2005	2007	2016	2027	2030	2035	2039	2042	2048	2050	2053	2056	2068	2070	2079	2082	2085	2090	2100	2145	2155	2156	2181	2183	2190	2196	2221	2235	2236	2249	2264	2280	2284	2287	2288	2292	2293	2295	2300	2322	2331	2336	2346	2358	2364	2365	2368	2371	2374	2376	2377	2379	2393	2394	2419	2456	2494	2496	2501	2539	2555	2558	2564	2567	2574	2585	2588	2590	2606
43	5	12	19	25	34	37	44	47	48	49	61	64	74	98	108	109	129	135	149	157	162	163	180	181	186	191	193	197	198	200	207	216	230	244	246	249	250	254	256	268	274	279	283	290	309	335	341	351	352	362	363	366	396	398	399	403	406	410	413	427	431	439	447	449	453	460	461	471	492	500	501	505	510	515	516	518	531	534	541	548	554	556	588	600	611	620	627	633	639	640	644	650	659	670	681	697	699	701	709	715	741	744	751	752	759	765	775	800	809	810	820	831	835	836	844	854	857	862	866	872	874	881	882	889	903	905	907	924	934	939	945	946	947	949	957	959	963	967	973	974	977	985	996	999	1003	1005	1036	1040	1053	1054	1060	1063	1068	1069	1075	1080	1086	1094	1095	1120	1161	1168	1172	1177	1179	1181	1187	1188	1201	1210	1220	1221	1226	1228	1230	1244	1255	1258	1259	1265	1267	1285	1286	1292	1305	1307	1308	1311	1312	1337	1342	1356	1358	1359	1360	1363	1380	1384	1385	1387	1400	1412	1417	1427	1432	1437	1441	1457	1459	1461	1482	1487	1499	1512	1515	1516	1519	1520	1525	1533	1538	1544	1551	1553	1564	1573	1575	1588	1611	1616	1622	1634	1640	1656	1671	1680	1683	1685	1690	1694	1705	1707	1710	1718	1721	1765	1776	1815	1820	1823	1833	1838	1847	1853	1867	1879	1889	1932	1933	1947	1953	1974	1982	1986	2008	2012	2030	2032	2043	2044	2046	2066	2075	2077	2081	2082	2083	2086	2111	2115	2123	2125	2133	2142	2155	2158	2174	2177	2189	2196	2197	2205	2208	2215	2220	2228	2231	2242	2246	2249	2253	2262	2270	2274	2287	2291	2300	2302	2310	2315	2321	2326	2337	2344	2345	2346	2348	2360	2365	2375	2383	2393	2408	2409	2413	2429	2434	2440	2449	2455	2464	2472	2475	2476	2482	2484	2486	2517	2518	2561	2573	2578	2580	2591	2622	2631	2632
44	10	14	23	26	29	68	75	78	82	91	92	97	113	114	122	127	129	149	156	157	160	179	180	182	183	186	200	205	212	222	226	229	231	248	249	252	254	255	261	266	271	274	288	289	304	310	322	331	342	349	354	364	371	387	393	406	409	410	414	419	430	474	483	485	493	513	523	538	551	552	578	583	606	610	613	624	635	664	674	679	682	690	691	695	712	719	726	727	740	745	750	781	800	802	805	807	822	833	834	841	846	875	879	883	886	909	910	912	916	927	933	952	957	960	967	974	975	982	983	984	985	993	1007	1009	1031	1045	1058	1063	1081	1128	1131	1147	1160	1168	1173	1186	1195	1196	1200	1232	1233	1243	1246	1247	1263	1265	1275	1279	1284	1289	1290	1306	1309	1318	1324	1350	1360	1378	1388	1390	1391	1409	1411	1415	1424	1426	1431	1445	1455	1459	1462	1465	1487	1494	1507	1510	1513	1516	1531	1545	1548	1560	1577	1584	1586	1589	1592	1593	1613	1615	1644	1645	1658	1660	1667	1672	1673	1676	1678	1699	1707	1713	1715	1721	1766	1767	1773	1774	1775	1781	1802	1827	1846	1848	1859	1865	1870	1885	1902	1907	1928	1932	1934	1937	1957	1958	1967	1977	1980	1996	2001	2002	2009	2012	2016	2020	2021	2024	2025	2039	2058	2067	2091	2093	2097	2108	2111	2117	2133	2148	2159	2160	2173	2182	2186	2201	2209	2222	2223	2226	2232	2238	2239	2257	2269	2292	2302	2304	2307	2311	2317	2318	2325	2333	2343	2349	2350	2357	2397	2399	2400	2405	2425	2432	2439	2443	2462	2470	2475	2480	2489	2491	2494	2500	2502	2503	2504	2519	2522	2524	2538	2540	2543	2557	2558	2560	2561	2570	2575	2576	2579	2580	2588	2594	2600	2601	2617	2624	2626	2630
45	4	14	38	48	61	77	79	80	111	113	171	172	173	177	214	223	233	265	282	284	288	298	299	303	317	318	325	327	330	331	371	372	397	403	423	427	431	432	441	447	448	458	459	465	469	477	478	479	481	488	489	497	519	532	534	537	539	567	590	616	617	619	621	623	625	626	627	647	655	659	673	674	677	683	690	695	712	713	723	727	729	748	752	762	773	776	783	784	788	790	798	821	827	836	847	851	857	863	873	886	912	923	927	929	942	948	962	968	971	974	977	986	1012	1013	1015	1020	1028	1048	1078	1083	1090	1095	1097	1108	1140	1151	1154	1179	1210	1214	1215	1241	1243	1247	1263	1273	1295	1299	1300	1310	1314	1323	1326	1337	1338	1339	1347	1395	1415	1420	1432	1467	1475	1485	1492	1502	1515	1516	1526	1534	1552	1563	1567	1573	1581	1584	1605	1621	1623	1634	1664	1668	1684	1688	1698	1707	1716	1724	1726	1728	1738	1744	1764	1784	1792	1805	1817	1829	1831	1833	1836	1837	1842	1851	1854	1871	1881	1891	1908	1910	1911	1914	1924	1930	1936	1965	1973	1980	1986	1987	1988	1993	2000	2001	2015	2016	2023	2031	2033	2055	2079	2102	2107	2110	2125	2126	2136	2140	2152	2159	2163	2167	2181	2197	2202	2203	2206	2208	2216	2220	2229	2231	2233	2240	2243	2244	2247	2288	2292	2302	2309	2314	2322	2335	2339	2355	2356	2363	2374	2379	2386	2391	2393	2406	2423	2434	2466	2471	2493	2506	2507	2521	2523	2555	2557	2565	2576	2604	2626	2630
46	24	34	44	48	57	60	63	74	94	97	133	149	153	157	160	161	166	167	169	188	193	197	198	199	206	211	239	257	284	286	290	296	297	306	307	317	318	319	341	345	355	382	383	387	388	401	405	424	433	460	462	485	487	499	511	532	544	549	562	563	569	572	598	605	606	607	635	640	648	656	663	666	679	687	714	719	737	765	767	769	781	795	817	828	838	848	872	888	892	896	898	901	938	940	952	981	998	1001	1003	1004	1015	1021	1028	1038	1040	1048	1055	1056	1057	1072	1089	1098	1101	1109	1111	1113	1122	1133	1142	1144	1146	1174	1175	1181	1205	1210	1231	1237	1243	1251	1252	1283	1284	1287	1290	1292	1293	1324	1329	1334	1366	1383	1387	1389	1390	1399	1411	1413	1419	1422	1428	1436	1441	1444	1477	1489	1508	1513	1519	1521	1522	1526	1531	1535	1539	1542	1546	1547	1558	1576	1584	1589	1610	1611	1618	1624	1625	1627	1640	1641	1643	1650	1662	1665	1696	1699	1728	1737	1738	1741	1746	1770	1776	1801	1804	1810	1814	1817	1824	1829	1832	1852	1856	1857	1869	1877	1878	1881	1891	1894	1896	1900	1901	1926	1928	1952	1953	1956	1960	1975	1988	1997	2001	2009	2023	2031	2043	2057	2064	2065	2069	2077	2094	2109	2150	2159	2172	2177	2186	2187	2189	2190	2191	2198	2216	2218	2221	2225	2240	2241	2251	2254	2257	2260	2266	2276	2277	2291	2296	2301	2311	2365	2370	2375	2413	2434	2439	2447	2466	2469	2476	2477	2481	2487	2523	2525	2530	2542	2543	2550	2555	2568	2569	2591	2595	2608	2610	2614	2625
47	0	31	36	41	46	56	62	72	99	101	107	118	121	137	155	158	163	168	170	176	178	184	191	196	205	215	251	256	272	273	274	275	286	288	292	314	316	320	340	346	351	354	361	369	389	394	398	399	401	417	427	436	437	450	456	458	464	472	480	492	501	511	515	518	527	529	532	533	542	547	552	553	558	562	563	567	570	571	600	607	609	615	619	628	635	650	652	662	668	682	686	711	719	737	764	768	773	775	780	790	791	831	832	833	837	846	861	863	869	872	883	889	899	904	911	913	916	929	930	931	942	973	984	992	1001	1010	1013	1019	1021	1024	1038	1048	1061	1078	1083	1087	1114	1116	1126	1128	1129	1155	1169	1178	1180	1191	1192	1196	1200	1206	1207	1211	1215	1218	1223	1238	1244	1261	1268	1281	1287	1293	1310	1314	1320	1328	1353	1354	1369	1370	1387	1404	1422	1430	1440	1444	1458	1460	1481	1483	1488	1503	1510	1522	1524	1525	1526	1528	1529	1545	1546	1556	1570	1576	1588	1603	1612	1614	1619	1622	1629	1631	1637	1642	1650	1662	1680	1684	1696	1703	1712	1716	1717	1718	1726	1751	1754	1762	1764	1778	1779	1784	1790	1800	1814	1832	1845	1846	1847	1855	1858	1860	1864	1871	1872	1886	1894	1905	1906	1914	1916	1923	1927	1934	1940	1942	1950	1957	1967	1968	1969	1972	1974	1981	1991	1997	2010	2014	2026	2030	2037	2045	2048	2055	2057	2059	2068	2075	2078	2081	2095	2114	2121	2132	2137	2144	2146	2148	2156	2160	2165	2176	2178	2184	2207	2224	2239	2245	2247	2250	2281	2282	2293	2297	2313	2323	2331	2332	2345	2366	2367	2379	2390	2392	2400	2402	2412	2429	2430	2431	2436	2441	2459	2468	2483	2490	2491	2516	2517	2526	2530	2536	2559	2571	2588	2611	2616
48	6	13	40	44	47	52	55	62	69	72	76	87	88	99	102	117	123	132	141	151	153	158	160	174	184	185	193	204	215	236	261	262	268	276	293	300	312	315	329	331	333	337	339	353	360	361	370	376	378	383	390	403	425	428	430	434	454	457	469	472	496	497	498	507	508	523	528	546	550	593	595	598	607	612	621	627	628	638	642	643	647	648	654	658	664	665	678	693	717	750	753	761	773	791	795	809	813	814	818	827	856	860	877	878	888	902	905	911	921	938	971	976	977	993	997	1008	1022	1045	1046	1066	1068	1092	1099	1117	1119	1121	1189	1212	1216	1219	1220	1222	1234	1240	1246	1252	1274	1276	1278	1280	1283	1285	1298	1302	1312	1326	1340	1341	1344	1364	1375	1381	1388	1389	1406	1414	1420	1426	1429	1439	1442	1444	1446	1447	1490	1496	1500	1505	1516	1523	1535	1538	1541	1561	1562	1565	1573	1580	1583	1606	1608	1609	1615	1624	1630	1637	1641	1662	1667	1669	1680	1689	1702	1706	1709	1718	1719	1727	1755	1757	1764	1769	1792	1797	1819	1830	1834	1835	1840	1851	1853	1856	1859	1864	1872	1873	1877	1880	1886	1925	1927	1929	1949	1952	1959	1968	1985	1987	1991	2009	2013	2021	2031	2035	2042	2047	2065	2078	2087	2101	2103	2106	2111	2116	2120	2134	2137	2143	2148	2153	2154	2170	2195	2196	2197	2204	2216	2226	2235	2237	2243	2245	2265	2267	2273	2274	2279	2286	2291	2299	2312	2314	2321	2328	2365	2368	2385	2394	2396	2400	2404	2413	2420	2422	2434	2470	2471	2483	2503	2512	2513	2518	2531	2540	2542	2559	2561	2566	2573	2574	2581	2597	2613	2623
49	10	20	24	43	45	61	62	70	73	78	79	80	92	102	135	137	158	159	162	176	178	192	196	210	213	235	247	253	263	269	270	280	283	311	323	334	344	350	360	371	374	375	378	384	385	387	394	398	404	422	429	434	462	463	496	500	506	511	514	515	519	522	530	541	544	554	566	567	570	573	577	585	586	590	618	621	622	626	632	637	664	668	669	672	678	679	696	701	702	710	712	718	730	737	749	750	755	756	761	766	769	776	777	782	787	797	823	840	846	858	875	881	887	891	894	905	912	915	916	943	965	990	994	1004	1006	1007	1015	1020	1021	1030	1032	1036	1037	1046	1052	1056	1063	1082	1085	1101	1116	1130	1140	1145	1157	1162	1168	1174	1191	1194	1210	1216	1223	1225	1227	1228	1257	1258	1264	1267	1268	1271	1276	1277	1280	1283	1291	1294	1306	1310	1324	1332	1341	1353	1356	1357	1362	1391	1405	1407	1417	1422	1442	1443	1470	1478	1487	1497	1501	1517	1527	1534	1555	1595	1598	1601	1603	1609	1632	1638	1642	1644	1651	1653	1657	1669	1673	1676	1679	1685	1687	1720	1733	1736	1746	1750	1753	1760	1768	1774	1781	1787	1788	1789	1790	1791	1793	1794	1798	1806	1850	1866	1870	1880	1886	1888	1893	1918	1925	1927	1946	1951	1952	1960	1967	1975	1979	1984	2014	2047	2049	2051	2059	2060	2063	2071	2074	2079	2084	2090	2092	2096	2107	2109	2129	2141	2161	2164	2166	2175	2178	2187	2196	2197	2198	2208	2209	2218	2227	2230	2249	2250	2259	2262	2269	2270	2271	2272	2273	2275	2281	2285	2293	2305	2310	2324	2329	2333	2341	2358	2381	2383	2386	2391	2401	2403	2406	2416	2429	2432	2440	2448	2454	2473	2485	2486	2499	2507	2512	2516	2535	2547	2593	2601	2614	2616	2618	2620	2631
