# Per-draw consecutive pairs (e.g. 12-13, 25-26)
# pairs_count: number of consecutive pairs, pairs: the actual pairs found
date	pairs_count	pairs
1955-10-09	1	12-13
1955-10-16	0	
1955-10-23	1	23-24
1955-10-30	0	
1955-11-06	1	5-6
1955-11-13	0	
1955-11-20	0	
1955-11-27	0	
1955-12-04	1	20-21
1955-12-11	0	
1955-12-18	0	
1955-12-25	1	38-39
1956-01-01	0	
1956-01-08	2	21-22,41-42
1956-01-15	0	
1956-01-22	0	
1956-01-29	1	5-6
1956-02-05	2	35-36,42-43
1956-02-12	0	
1956-02-19	0	
1956-02-26	0	
1956-03-04	0	
1956-03-11	0	
1956-03-18	0	
1956-03-25	1	18-19
1956-04-02	0	
1956-04-08	0	
1956-04-15	1	31-32
1956-04-22	0	
1956-04-29	0	
1956-05-06	0	
1956-05-13	1	31-32
1956-05-21	0	
1956-05-27	1	35-36
1956-06-03	3	33-34,34-35,35-36
1956-06-10	0	
1956-06-17	0	
1956-06-24	0	
1956-07-01	0	
1956-07-08	2	42-43,47-48
1956-07-15	0	
1956-07-22	0	
1956-07-29	1	9-10
1956-08-05	0	
1956-08-12	1	10-11
1956-08-19	2	5-6,33-34
1956-08-26	0	
1956-09-02	1	48-49
1956-09-09	1	27-28
1956-09-16	1	17-18
1956-09-23	2	5-6,21-22
1956-09-30	1	9-10
1956-10-07	0	
1956-10-14	2	10-11,11-12
1956-10-21	1	1-2
1956-10-28	0	
1956-11-04	1	38-39
1956-11-11	0	
1956-11-18	1	39-40
1956-11-25	0	
1956-12-02	1	9-10
1956-12-09	1	6-7
1956-12-16	0	
1956-12-23	0	
1957-01-06	0	
1957-01-13	3	15-16,16-17,19-20
1957-01-20	1	6-7
1957-01-27	0	
1957-02-03	0	
1957-02-10	2	17-18,18-19
1957-02-17	0	
1957-02-24	1	15-16
1957-03-03	0	
1957-03-10	1	35-36
1957-03-17	0	
1957-03-24	0	
1957-03-31	1	26-27
1957-04-07	0	
1957-04-14	0	
1957-04-22	1	44-45
1957-04-28	0	
1957-05-05	0	
1957-05-12	0	
1957-05-19	2	28-29,29-30
1957-05-26	0	
1957-06-02	1	3-4
1957-06-10	1	7-8
1957-06-16	0	
1957-06-23	0	
1957-06-30	1	36-37
1957-07-07	1	5-6
1957-07-14	1	40-41
1957-07-21	2	1-2,2-3
1957-07-28	0	
1957-08-04	1	42-43
1957-08-11	0	
1957-08-18	1	40-41
1957-08-25	1	30-31
1957-09-01	0	
1957-09-08	1	20-21
1957-09-15	0	
1957-09-22	1	9-10
1957-09-29	2	20-21,21-22
1957-10-06	1	25-26
1957-10-13	1	29-30
1957-10-20	1	35-36
1957-10-27	1	22-23
1957-11-03	1	45-46
1957-11-10	1	45-46
1957-11-17	0	
1957-11-24	1	25-26
1957-12-01	1	26-27
1957-12-08	0	
1957-12-15	0	
1957-12-22	1	22-23
1957-12-29	2	45-46,46-47
1958-01-05	0	
1958-01-12	2	22-23,36-37
1958-01-19	0	
1958-01-26	1	6-7
1958-02-02	1	38-39
1958-02-09	0	
1958-02-16	1	36-37
1958-02-23	1	2-3
1958-03-02	0	
1958-03-09	1	10-11
1958-03-16	1	17-18
1958-03-23	0	
1958-03-30	0	
1958-04-07	1	23-24
1958-04-13	1	28-29
1958-04-20	0	
1958-04-27	0	
1958-05-04	1	31-32
1958-05-11	0	
1958-05-18	0	
1958-05-25	1	37-38
1958-06-01	2	24-25,30-31
1958-06-08	1	8-9
1958-06-15	1	32-33
1958-06-22	0	
1958-06-29	2	8-9,9-10
1958-07-06	0	
1958-07-13	2	17-18,18-19
1958-07-20	2	3-4,29-30
1958-07-27	2	41-42,47-48
1958-08-03	0	
1958-08-10	0	
1958-08-17	0	
1958-08-24	0	
1958-08-31	1	31-32
1958-09-07	1	44-45
1958-09-14	0	
1958-09-21	1	13-14
1958-09-28	0	
1958-10-05	0	
1958-10-12	1	19-20
1958-10-19	2	45-46,48-49
1958-10-26	1	33-34
1958-11-02	1	7-8
1958-11-09	1	11-12
1958-11-16	1	21-22
1958-11-23	1	18-19
1958-11-30	1	18-19
1958-12-07	1	27-28
1958-12-14	0	
1958-12-21	0	
1958-12-28	0	
1959-01-04	0	
1959-01-11	2	44-45,45-46
1959-01-18	1	40-41
1959-01-25	1	27-28
1959-02-01	1	25-26
1959-02-08	0	
1959-02-15	0	
1959-02-22	0	
1959-03-01	0	
1959-03-08	1	10-11
1959-03-15	0	
1959-03-22	0	
1959-03-29	0	
1959-04-05	1	18-19
1959-04-12	0	
1959-04-19	0	
1959-04-26	1	14-15
1959-05-03	1	30-31
1959-05-10	2	42-43,43-44
1959-05-17	0	
1959-05-24	1	4-5
1959-05-31	0	
1959-06-07	1	10-11
1959-06-14	0	
1959-06-21	1	23-24
1959-06-28	2	3-4,42-43
1959-07-05	0	
1959-07-12	0	
1959-07-19	0	
1959-07-26	1	30-31
1959-08-02	0	
1959-08-09	1	35-36
1959-08-16	1	15-16
1959-08-23	1	41-42
1959-08-30	1	35-36
1959-09-06	1	8-9
1959-09-13	1	15-16
1959-09-20	1	45-46
1959-09-27	0	
1959-10-04	2	15-16,16-17
1959-10-11	1	5-6
1959-10-18	0	
1959-10-25	1	18-19
1959-11-01	0	
1959-11-08	1	19-20
1959-11-15	0	
1959-11-22	0	
1959-11-29	2	3-4,4-5
1959-12-06	2	1-2,20-21
1959-12-13	0	
1959-12-20	0	
1959-12-27	1	47-48
1960-01-03	2	39-40,42-43
1960-01-10	1	27-28
1960-01-17	1	14-15
1960-01-24	1	42-43
1960-01-31	2	29-30,40-41
1960-02-07	0	
1960-02-14	0	
1960-02-21	1	25-26
1960-02-28	2	3-4,12-13
1960-03-06	0	
1960-03-13	0	
1960-03-20	1	47-48
1960-03-27	1	4-5
1960-04-03	1	9-10
1960-04-10	0	
1960-04-18	0	
1960-04-24	0	
1960-05-01	0	
1960-05-08	1	32-33
1960-05-15	0	
1960-05-22	0	
1960-05-29	1	28-29
1960-06-06	1	31-32
1960-06-12	0	
1960-06-19	1	40-41
1960-06-26	0	
1960-07-03	0	
1960-07-10	1	15-16
1960-07-17	1	29-30
1960-07-24	1	22-23
1960-07-31	1	32-33
1960-08-07	1	34-35
1960-08-14	0	
1960-08-21	2	10-11,11-12
1960-08-28	0	
1960-09-04	1	45-46
1960-09-11	1	41-42
1960-09-18	0	
1960-09-25	2	7-8,17-18
1960-10-02	1	3-4
1960-10-09	0	
1960-10-16	0	
1960-10-23	1	5-6
1960-10-30	0	
1960-11-06	2	9-10,18-19
1960-11-13	0	
1960-11-20	1	13-14
1960-11-27	1	46-47
1960-12-04	2	3-4,4-5
1960-12-11	1	23-24
1960-12-18	2	45-46,46-47
1960-12-26	0	
1961-01-01	0	
1961-01-08	1	38-39
1961-01-15	0	
1961-01-22	0	
1961-01-29	0	
1961-02-05	1	15-16
1961-02-12	1	41-42
1961-02-19	0	
1961-02-26	1	35-36
1961-03-05	2	1-2,8-9
1961-03-12	0	
1961-03-19	1	40-41
1961-03-26	1	6-7
1961-04-03	1	32-33
1961-04-09	1	20-21
1961-04-16	2	27-28,28-29
1961-04-23	2	15-16,16-17
1961-04-30	0	
1961-05-07	0	
1961-05-14	1	21-22
1961-05-22	0	
1961-05-28	0	
1961-06-04	1	1-2
1961-06-11	0	
1961-06-18	1	21-22
1961-06-25	1	28-29
1961-07-02	0	
1961-07-09	1	25-26
1961-07-16	1	1-2
1961-07-23	1	42-43
1961-07-30	0	
1961-08-06	0	
1961-08-13	0	
1961-08-20	1	33-34
1961-08-27	1	17-18
1961-09-03	0	
1961-09-10	1	15-16
1961-09-17	0	
1961-09-24	0	
1961-10-01	0	
1961-10-08	0	
1961-10-15	0	
1961-10-22	1	47-48
1961-10-29	0	
1961-11-05	1	5-6
1961-11-12	1	11-12
1961-11-19	1	13-14
1961-11-26	2	1-2,39-40
1961-12-03	2	7-8,16-17
1961-12-10	0	
1961-12-17	0	
1961-12-26	1	31-32
1961-12-31	2	1-2,26-27
1962-01-07	0	
1962-01-14	1	26-27
1962-01-21	0	
1962-01-28	1	48-49
1962-02-04	1	25-26
1962-02-11	0	
1962-02-18	0	
1962-02-25	0	
1962-03-04	0	
1962-03-11	0	
1962-03-18	1	21-22
1962-03-25	2	24-25,44-45
1962-04-01	0	
1962-04-08	1	9-10
1962-04-15	0	
1962-04-23	1	35-36
1962-04-29	1	48-49
1962-05-06	1	12-13
1962-05-13	1	3-4
1962-05-20	1	26-27
1962-05-27	1	2-3
1962-06-03	0	
1962-06-11	0	
1962-06-17	0	
1962-06-24	0	
1962-07-01	1	32-33
1962-07-08	1	15-16
1962-07-15	1	46-47
1962-07-22	1	11-12
1962-07-29	0	
1962-08-05	0	
1962-08-12	0	
1962-08-19	1	10-11
1962-08-26	0	
1962-09-02	1	7-8
1962-09-09	1	8-9
1962-09-16	1	21-22
1962-09-23	0	
1962-09-30	1	6-7
1962-10-07	0	
1962-10-14	1	6-7
1962-10-21	1	1-2
1962-10-28	1	24-25
1962-11-04	1	18-19
1962-11-11	1	9-10
1962-11-18	0	
1962-11-25	1	48-49
1962-12-02	2	15-16,16-17
1962-12-09	1	46-47
1962-12-16	1	6-7
1962-12-23	0	
1962-12-30	1	23-24
1963-01-06	0	
1963-01-13	1	25-26
1963-01-20	0	
1963-01-27	0	
1963-02-03	1	15-16
1963-02-10	2	10-11,25-26
1963-02-17	2	42-43,43-44
1963-02-24	0	
1963-03-03	0	
1963-03-10	1	26-27
1963-03-17	1	11-12
1963-03-24	1	48-49
1963-03-31	0	
1963-04-07	1	1-2
1963-04-15	0	
1963-04-21	0	
1963-04-28	0	
1963-05-05	0	
1963-05-12	0	
1963-05-19	2	4-5,10-11
1963-05-26	0	
1963-06-03	0	
1963-06-09	1	30-31
1963-06-16	1	22-23
1963-06-23	1	35-36
1963-06-30	0	
1963-07-07	1	48-49
1963-07-14	2	23-24,37-38
1963-07-21	1	31-32
1963-07-28	0	
1963-08-04	1	30-31
1963-08-11	1	19-20
1963-08-18	1	36-37
1963-08-25	0	
1963-09-01	0	
1963-09-08	0	
1963-09-15	0	
1963-09-22	0	
1963-09-29	1	2-3
1963-10-06	1	39-40
1963-10-13	2	18-19,34-35
1963-10-20	1	3-4
1963-10-27	1	10-11
1963-11-03	1	33-34
1963-11-10	0	
1963-11-17	1	31-32
1963-11-24	0	
1963-12-01	1	14-15
1963-12-08	0	
1963-12-15	0	
1963-12-22	0	
1963-12-29	1	5-6
1964-01-05	1	42-43
1964-01-12	0	
1964-01-19	1	47-48
1964-01-26	0	
1964-02-02	1	2-3
1964-02-09	0	
1964-02-16	1	21-22
1964-02-23	0	
1964-03-01	0	
1964-03-08	0	
1964-03-15	1	16-17
1964-03-22	1	9-10
1964-03-30	0	
1964-04-05	1	23-24
1964-04-12	0	
1964-04-19	0	
1964-04-26	2	38-39,39-40
1964-05-03	1	4-5
1964-05-10	1	11-12
1964-05-18	0	
1964-05-24	0	
1964-05-31	1	21-22
1964-06-07	1	4-5
1964-06-14	1	22-23
1964-06-21	0	
1964-06-28	1	10-11
1964-07-05	2	12-13,22-23
1964-07-12	1	35-36
1964-07-19	1	37-38
1964-07-26	0	
1964-08-02	0	
1964-08-09	0	
1964-08-16	1	45-46
1964-08-23	0	
1964-08-30	1	35-36
1964-09-06	0	
1964-09-13	0	
1964-09-20	1	42-43
1964-09-27	1	41-42
1964-10-04	1	46-47
1964-10-11	0	
1964-10-18	1	33-34
1964-10-25	1	18-19
1964-11-01	0	
1964-11-08	0	
1964-11-15	1	23-24
1964-11-22	0	
1964-11-29	1	31-32
1964-12-06	0	
1964-12-13	0	
1964-12-20	1	29-30
1964-12-27	1	15-16
1965-01-03	0	
1965-01-10	0	
1965-01-17	1	17-18
1965-01-24	0	
1965-01-31	0	
1965-02-07	0	
1965-02-14	0	
1965-02-21	0	
1965-02-28	0	
1965-03-07	0	
1965-03-14	1	3-4
1965-03-21	0	
1965-03-28	1	36-37
1965-04-04	1	27-28
1965-04-11	0	
1965-04-19	3	1-2,2-3,47-48
1965-04-25	0	
1965-05-02	0	
1965-05-09	1	36-37
1965-05-16	1	11-12
1965-05-23	0	
1965-05-30	0	
1965-06-07	0	
1965-06-13	0	
1965-06-20	1	20-21
1965-06-27	1	37-38
1965-07-04	0	
1965-07-11	2	9-10,46-47
1965-07-18	0	
1965-07-25	1	19-20
1965-08-01	0	
1965-08-08	1	31-32
1965-08-15	0	
1965-08-22	1	3-4
1965-08-29	2	16-17,38-39
1965-09-04	2	35-36,45-46
1965-09-11	0	
1965-09-18	2	37-38,42-43
1965-09-25	0	
1965-10-02	1	33-34
1965-10-09	0	
1965-10-16	1	35-36
1965-10-23	0	
1965-10-30	0	
1965-11-06	0	
1965-11-13	1	43-44
1965-11-20	0	
1965-11-27	0	
1965-12-04	2	12-13,13-14
1965-12-11	1	41-42
1965-12-18	0	
1965-12-25	1	35-36
1966-01-01	0	
1966-01-08	1	9-10
1966-01-15	1	39-40
1966-01-22	0	
1966-01-29	0	
1966-02-05	1	1-2
1966-02-12	2	33-34,41-42
1966-02-19	0	
1966-02-26	1	29-30
1966-03-05	0	
1966-03-12	2	28-29,29-30
1966-03-19	0	
1966-03-26	0	
1966-04-02	0	
1966-04-09	1	25-26
1966-04-16	0	
1966-04-23	2	40-41,41-42
1966-04-30	1	34-35
1966-05-07	0	
1966-05-14	0	
1966-05-21	0	
1966-05-28	1	36-37
1966-06-04	0	
1966-06-11	1	2-3
1966-06-18	1	4-5
1966-06-25	2	17-18,33-34
1966-07-02	0	
1966-07-09	1	36-37
1966-07-16	0	
1966-07-23	0	
1966-07-30	0	
1966-08-06	0	
1966-08-13	1	23-24
1966-08-20	0	
1966-08-27	0	
1966-09-03	1	42-43
1966-09-10	1	27-28
1966-09-17	0	
1966-09-24	0	
1966-10-01	0	
1966-10-08	2	33-34,34-35
1966-10-15	0	
1966-10-22	0	
1966-10-29	0	
1966-11-05	1	42-43
1966-11-12	0	
1966-11-19	0	
1966-11-26	1	42-43
1966-12-03	2	10-11,11-12
1966-12-10	0	
1966-12-17	3	38-39,39-40,40-41
1966-12-25	1	15-16
1967-01-01	1	40-41
1967-01-07	1	31-32
1967-01-14	2	5-6,6-7
1967-01-21	0	
1967-01-28	1	6-7
1967-02-04	1	7-8
1967-02-11	0	
1967-02-18	0	
1967-02-25	0	
1967-03-04	0	
1967-03-11	0	
1967-03-18	2	21-22,22-23
1967-03-25	0	
1967-04-01	0	
1967-04-08	1	1-2
1967-04-15	1	11-12
1967-04-22	0	
1967-04-29	0	
1967-05-06	0	
1967-05-13	1	29-30
1967-05-20	0	
1967-05-27	0	
1967-06-03	1	2-3
1967-06-10	1	44-45
1967-06-17	0	
1967-06-24	0	
1967-07-01	0	
1967-07-08	0	
1967-07-15	0	
1967-07-22	1	9-10
1967-07-29	2	2-3,40-41
1967-08-05	0	
1967-08-12	1	8-9
1967-08-19	1	22-23
1967-08-26	1	21-22
1967-09-02	1	43-44
1967-09-09	2	15-16,35-36
1967-09-16	1	20-21
1967-09-23	0	
1967-09-30	2	35-36,36-37
1967-10-07	0	
1967-10-14	1	44-45
1967-10-21	1	22-23
1967-10-28	1	47-48
1967-11-04	1	39-40
1967-11-11	1	41-42
1967-11-18	0	
1967-11-25	1	9-10
1967-12-02	0	
1967-12-09	1	32-33
1967-12-16	0	
1967-12-23	2	11-12,38-39
1967-12-30	0	
1968-01-06	1	14-15
1968-01-13	1	29-30
1968-01-20	0	
1968-01-27	1	27-28
1968-02-03	0	
1968-02-10	0	
1968-02-17	2	37-38,38-39
1968-02-24	0	
1968-03-02	0	
1968-03-09	1	21-22
1968-03-16	0	
1968-03-23	0	
1968-03-30	0	
1968-04-06	1	47-48
1968-04-13	1	15-16
1968-04-20	1	31-32
1968-04-27	2	11-12,45-46
1968-05-04	2	9-10,32-33
1968-05-11	1	14-15
1968-05-18	0	
1968-05-25	0	
1968-06-01	1	47-48
1968-06-08	1	24-25
1968-06-15	0	
1968-06-22	0	
1968-06-29	1	46-47
1968-07-06	1	48-49
1968-07-13	0	
1968-07-20	2	26-27,45-46
1968-07-27	0	
1968-08-03	0	
1968-08-10	0	
1968-08-17	0	
1968-08-24	1	25-26
1968-08-31	0	
1968-09-07	1	35-36
1968-09-14	0	
1968-09-21	1	28-29
1968-09-28	1	21-22
1968-10-05	1	19-20
1968-10-12	1	27-28
1968-10-19	1	39-40
1968-10-26	0	
1968-11-02	1	8-9
1968-11-09	0	
1968-11-16	0	
1968-11-23	0	
1968-11-30	0	
1968-12-07	1	32-33
1968-12-14	2	4-5,39-40
1968-12-21	2	2-3,34-35
1968-12-28	2	16-17,17-18
1969-01-04	1	38-39
1969-01-11	1	39-40
1969-01-18	3	14-15,35-36,36-37
1969-01-25	1	9-10
1969-02-01	2	9-10,10-11
1969-02-08	0	
1969-02-15	1	14-15
1969-02-22	1	26-27
1969-03-01	0	
1969-03-08	1	41-42
1969-03-15	0	
1969-03-22	0	
1969-03-29	1	29-30
1969-04-05	0	
1969-04-12	1	15-16
1969-04-19	1	8-9
1969-04-26	0	
1969-05-03	1	25-26
1969-05-10	1	48-49
1969-05-17	0	
1969-05-24	2	11-12,12-13
1969-05-31	0	
1969-06-07	0	
1969-06-14	0	
1969-06-21	0	
1969-06-28	0	
1969-07-05	1	21-22
1969-07-12	0	
1969-07-19	0	
1969-07-26	1	48-49
1969-08-02	0	
1969-08-09	0	
1969-08-16	0	
1969-08-23	0	
1969-08-30	1	3-4
1969-09-06	2	11-12,39-40
1969-09-13	2	26-27,40-41
1969-09-20	1	24-25
1969-09-27	0	
1969-10-04	0	
1969-10-11	1	6-7
1969-10-18	0	
1969-10-25	0	
1969-11-01	0	
1969-11-08	0	
1969-11-15	0	
1969-11-22	3	36-37,37-38,38-39
1969-11-29	0	
1969-12-06	0	
1969-12-13	1	44-45
1969-12-20	1	48-49
1969-12-27	0	
1970-01-03	1	42-43
1970-01-10	1	21-22
1970-01-17	1	44-45
1970-01-24	0	
1970-01-31	1	35-36
1970-02-07	0	
1970-02-14	0	
1970-02-21	0	
1970-02-28	0	
1970-03-07	2	23-24,24-25
1970-03-14	1	6-7
1970-03-21	1	21-22
1970-03-28	0	
1970-04-04	2	28-29,38-39
1970-04-11	0	
1970-04-18	1	35-36
1970-04-25	1	11-12
1970-05-02	0	
1970-05-09	0	
1970-05-16	2	5-6,38-39
1970-05-23	0	
1970-05-30	0	
1970-06-06	2	30-31,46-47
1970-06-13	1	1-2
1970-06-20	0	
1970-06-27	1	29-30
1970-07-04	0	
1970-07-11	0	
1970-07-18	0	
1970-07-25	0	
1970-08-01	0	
1970-08-08	2	16-17,17-18
1970-08-15	1	16-17
1970-08-22	1	43-44
1970-08-29	0	
1970-09-05	0	
1970-09-12	0	
1970-09-19	0	
1970-09-26	1	46-47
1970-10-03	0	
1970-10-10	1	36-37
1970-10-17	1	43-44
1970-10-24	0	
1970-10-31	1	18-19
1970-11-07	1	35-36
1970-11-14	1	1-2
1970-11-21	0	
1970-11-28	0	
1970-12-05	1	33-34
1970-12-12	0	
1970-12-19	1	30-31
1970-12-26	1	7-8
1971-01-02	0	
1971-01-09	0	
1971-01-16	1	30-31
1971-01-23	0	
1971-01-30	1	3-4
1971-02-06	0	
1971-02-13	0	
1971-02-20	0	
1971-02-27	1	25-26
1971-03-06	0	
1971-03-13	1	3-4
1971-03-20	2	17-18,18-19
1971-03-27	0	
1971-04-03	0	
1971-04-10	2	35-36,36-37
1971-04-17	1	37-38
1971-04-24	1	19-20
1971-05-01	0	
1971-05-08	1	21-22
1971-05-15	0	
1971-05-22	0	
1971-05-29	2	34-35,48-49
1971-06-05	1	4-5
1971-06-12	0	
1971-06-19	2	15-16,16-17
1971-06-26	1	45-46
1971-07-03	0	
1971-07-10	1	36-37
1971-07-17	0	
1971-07-24	3	46-47,47-48,48-49
1971-07-31	0	
1971-08-07	1	16-17
1971-08-14	2	17-18,18-19
1971-08-21	0	
1971-08-28	0	
1971-09-04	0	
1971-09-11	2	1-2,24-25
1971-09-18	1	48-49
1971-09-25	1	10-11
1971-10-02	0	
1971-10-09	0	
1971-10-16	1	30-31
1971-10-23	1	45-46
1971-10-30	0	
1971-11-06	0	
1971-11-13	0	
1971-11-20	1	28-29
1971-11-27	2	30-31,35-36
1971-12-04	0	
1971-12-11	1	41-42
1971-12-18	1	1-2
1971-12-25	1	6-7
1972-01-01	0	
1972-01-08	0	
1972-01-15	1	21-22
1972-01-22	1	34-35
1972-01-29	1	48-49
1972-02-05	0	
1972-02-12	1	30-31
1972-02-19	0	
1972-02-26	1	40-41
1972-03-04	0	
1972-03-11	0	
1972-03-18	1	23-24
1972-03-25	0	
1972-04-01	0	
1972-04-08	0	
1972-04-15	1	17-18
1972-04-22	1	26-27
1972-04-29	0	
1972-05-06	0	
1972-05-13	2	18-19,19-20
1972-05-20	2	31-32,32-33
1972-05-27	1	10-11
1972-06-03	0	
1972-06-10	1	19-20
1972-06-17	0	
1972-06-24	1	28-29
1972-07-01	1	3-4
1972-07-08	1	6-7
1972-07-15	0	
1972-07-22	1	41-42
1972-07-29	1	2-3
1972-08-05	0	
1972-08-12	0	
1972-08-19	0	
1972-08-26	2	41-42,46-47
1972-09-02	0	
1972-09-09	2	37-38,45-46
1972-09-16	1	42-43
1972-09-23	1	4-5
1972-09-30	1	24-25
1972-10-07	0	
1972-10-14	2	3-4,16-17
1972-10-21	2	18-19,45-46
1972-10-28	0	
1972-11-04	2	21-22,32-33
1972-11-11	0	
1972-11-18	1	45-46
1972-11-25	0	
1972-12-02	1	11-12
1972-12-09	0	
1972-12-16	0	
1972-12-23	1	25-26
1972-12-30	0	
1973-01-06	0	
1973-01-13	1	7-8
1973-01-20	0	
1973-01-27	0	
1973-02-03	0	
1973-02-10	0	
1973-02-17	1	3-4
1973-02-24	1	32-33
1973-03-03	0	
1973-03-10	1	20-21
1973-03-17	1	8-9
1973-03-24	0	
1973-03-31	1	25-26
1973-04-07	0	
1973-04-14	0	
1973-04-21	1	47-48
1973-04-28	0	
1973-05-05	2	21-22,22-23
1973-05-12	0	
1973-05-19	0	
1973-05-26	0	
1973-06-02	0	
1973-06-09	0	
1973-06-16	0	
1973-06-23	0	
1973-06-30	2	26-27,37-38
1973-07-07	1	23-24
1973-07-14	0	
1973-07-21	2	20-21,30-31
1973-07-28	0	
1973-08-04	0	
1973-08-11	1	16-17
1973-08-18	2	35-36,38-39
1973-08-25	1	4-5
1973-09-01	2	8-9,25-26
1973-09-08	0	
1973-09-15	0	
1973-09-22	0	
1973-09-29	1	34-35
1973-10-06	1	23-24
1973-10-13	0	
1973-10-20	2	31-32,32-33
1973-10-27	1	20-21
1973-11-03	0	
1973-11-10	0	
1973-11-17	0	
1973-11-24	2	24-25,39-40
1973-12-01	0	
1973-12-08	0	
1973-12-15	2	31-32,32-33
1973-12-22	1	24-25
1973-12-29	2	20-21,24-25
1974-01-05	1	37-38
1974-01-12	0	
1974-01-19	0	
1974-01-26	0	
1974-02-02	1	38-39
1974-02-09	1	31-32
1974-02-16	2	2-3,25-26
1974-02-23	1	7-8
1974-03-02	1	2-3
1974-03-09	2	38-39,39-40
1974-03-16	1	7-8
1974-03-23	2	12-13,17-18
1974-03-30	0	
1974-04-06	1	21-22
1974-04-13	0	
1974-04-20	1	41-42
1974-04-27	1	26-27
1974-05-04	0	
1974-05-11	1	44-45
1974-05-18	1	36-37
1974-05-25	2	10-11,28-29
1974-06-01	0	
1974-06-08	1	21-22
1974-06-15	1	3-4
1974-06-22	0	
1974-06-29	0	
1974-07-06	1	1-2
1974-07-13	1	25-26
1974-07-20	2	1-2,26-27
1974-07-27	1	19-20
1974-08-03	0	
1974-08-10	0	
1974-08-17	1	30-31
1974-08-24	0	
1974-08-31	1	30-31
1974-09-07	1	22-23
1974-09-14	0	
1974-09-21	1	36-37
1974-09-28	1	3-4
1974-10-05	0	
1974-10-12	1	27-28
1974-10-19	1	21-22
1974-10-26	0	
1974-11-02	1	38-39
1974-11-09	0	
1974-11-16	1	28-29
1974-11-23	2	27-28,41-42
1974-11-30	0	
1974-12-07	0	
1974-12-14	0	
1974-12-21	1	9-10
1974-12-28	2	6-7,22-23
1975-01-04	1	40-41
1975-01-11	2	37-38,42-43
1975-01-18	0	
1975-01-25	0	
1975-02-01	0	
1975-02-08	0	
1975-02-15	0	
1975-02-22	0	
1975-03-01	0	
1975-03-08	0	
1975-03-15	0	
1975-03-22	1	11-12
1975-03-29	0	
1975-04-05	0	
1975-04-12	0	
1975-04-19	1	38-39
1975-04-26	0	
1975-05-03	0	
1975-05-10	0	
1975-05-17	2	9-10,10-11
1975-05-24	0	
1975-05-31	0	
1975-06-07	0	
1975-06-14	1	30-31
1975-06-21	1	25-26
1975-06-28	0	
1975-07-05	1	29-30
1975-07-12	0	
1975-07-19	0	
1975-07-26	1	39-40
1975-08-02	1	48-49
1975-08-09	0	
1975-08-16	2	2-3,45-46
1975-08-23	1	31-32
1975-08-30	1	38-39
1975-09-06	0	
1975-09-13	1	18-19
1975-09-20	0	
1975-09-27	1	16-17
1975-10-04	0	
1975-10-11	0	
1975-10-18	0	
1975-10-25	0	
1975-11-01	2	32-33,33-34
1975-11-08	1	11-12
1975-11-15	0	
1975-11-22	1	4-5
1975-11-29	1	19-20
1975-12-06	0	
1975-12-13	0	
1975-12-20	0	
1975-12-27	1	45-46
1976-01-03	0	
1976-01-10	0	
1976-01-17	2	9-10,46-47
1976-01-24	0	
1976-01-31	0	
1976-02-07	0	
1976-02-14	1	10-11
1976-02-21	1	23-24
1976-02-28	0	
1976-03-06	0	
1976-03-13	0	
1976-03-20	0	
1976-03-27	0	
1976-04-03	2	10-11,40-41
1976-04-10	0	
1976-04-17	1	41-42
1976-04-24	0	
1976-05-01	0	
1976-05-08	1	9-10
1976-05-15	2	43-44,44-45
1976-05-22	1	17-18
1976-05-29	0	
1976-06-05	1	45-46
1976-06-12	0	
1976-06-19	0	
1976-06-26	2	19-20,24-25
1976-07-03	1	14-15
1976-07-10	2	5-6,32-33
1976-07-17	0	
1976-07-24	2	25-26,26-27
1976-07-31	2	42-43,43-44
1976-08-07	0	
1976-08-14	0	
1976-08-21	1	19-20
1976-08-28	1	8-9
1976-09-04	1	16-17
1976-09-11	1	11-12
1976-09-18	0	
1976-09-25	0	
1976-10-02	1	47-48
1976-10-09	0	
1976-10-16	2	1-2,33-34
1976-10-23	0	
1976-10-30	0	
1976-11-06	0	
1976-11-13	0	
1976-11-20	0	
1976-11-27	0	
1976-12-04	0	
1976-12-11	1	1-2
1976-12-18	1	45-46
1976-12-25	1	43-44
1977-01-01	2	23-24,24-25
1977-01-08	1	30-31
1977-01-15	1	38-39
1977-01-22	1	2-3
1977-01-29	0	
1977-02-05	1	8-9
1977-02-12	2	23-24,24-25
1977-02-19	2	9-10,15-16
1977-02-26	0	
1977-03-05	2	9-10,39-40
1977-03-12	2	8-9,9-10
1977-03-19	1	21-22
1977-03-26	1	13-14
1977-04-02	1	17-18
1977-04-09	0	
1977-04-16	1	48-49
1977-04-23	1	16-17
1977-04-30	0	
1977-05-07	1	16-17
1977-05-14	1	36-37
1977-05-21	0	
1977-05-28	1	12-13
1977-06-04	1	29-30
1977-06-11	0	
1977-06-18	1	17-18
1977-06-25	1	40-41
1977-07-02	0	
1977-07-09	0	
1977-07-16	0	
1977-07-23	0	
1977-07-30	0	
1977-08-06	1	36-37
1977-08-13	2	9-10,20-21
1977-08-20	0	
1977-08-27	0	
1977-09-03	1	28-29
1977-09-10	0	
1977-09-17	1	32-33
1977-09-24	3	10-11,11-12,12-13
1977-10-01	0	
1977-10-08	1	44-45
1977-10-15	0	
1977-10-22	2	1-2,2-3
1977-10-29	1	34-35
1977-11-05	1	42-43
1977-11-12	1	33-34
1977-11-19	1	35-36
1977-11-26	1	46-47
1977-12-03	1	25-26
1977-12-10	0	
1977-12-17	0	
1977-12-24	0	
1977-12-31	1	14-15
1978-01-07	0	
1978-01-14	1	25-26
1978-01-21	0	
1978-01-28	1	8-9
1978-02-04	1	25-26
1978-02-11	1	40-41
1978-02-18	1	35-36
1978-02-25	1	3-4
1978-03-04	1	34-35
1978-03-11	0	
1978-03-18	0	
1978-03-25	0	
1978-04-01	1	47-48
1978-04-08	0	
1978-04-15	1	42-43
1978-04-22	0	
1978-04-29	0	
1978-05-06	1	7-8
1978-05-13	2	30-31,44-45
1978-05-20	1	32-33
1978-05-27	0	
1978-06-03	1	33-34
1978-06-10	1	30-31
1978-06-17	0	
1978-06-24	0	
1978-07-01	0	
1978-07-08	0	
1978-07-15	3	4-5,5-6,10-11
1978-07-22	2	47-48,48-49
1978-07-29	0	
1978-08-05	0	
1978-08-12	2	15-16,33-34
1978-08-19	1	35-36
1978-08-26	0	
1978-09-02	1	42-43
1978-09-09	0	
1978-09-16	1	14-15
1978-09-23	2	3-4,4-5
1978-09-30	1	4-5
1978-10-07	0	
1978-10-14	1	34-35
1978-10-21	1	29-30
1978-10-28	0	
1978-11-04	1	45-46
1978-11-11	0	
1978-11-18	1	23-24
1978-11-25	1	21-22
1978-12-02	0	
1978-12-09	1	38-39
1978-12-16	1	18-19
1978-12-23	0	
1978-12-30	0	
1979-01-06	0	
1979-01-13	1	8-9
1979-01-20	0	
1979-01-27	0	
1979-02-03	0	
1979-02-10	1	1-2
1979-02-17	0	
1979-02-24	2	23-24,41-42
1979-03-03	0	
1979-03-10	2	41-42,42-43
1979-03-17	0	
1979-03-24	1	7-8
1979-03-31	0	
1979-04-07	1	15-16
1979-04-14	1	25-26
1979-04-21	1	23-24
1979-04-28	1	37-38
1979-05-05	1	44-45
1979-05-12	0	
1979-05-19	1	48-49
1979-05-26	0	
1979-06-02	1	47-48
1979-06-09	1	34-35
1979-06-16	1	33-34
1979-06-23	1	40-41
1979-06-30	1	46-47
1979-07-07	0	
1979-07-14	1	6-7
1979-07-21	1	45-46
1979-07-28	0	
1979-08-04	0	
1979-08-11	0	
1979-08-18	2	43-44,44-45
1979-08-25	0	
1979-09-01	1	27-28
1979-09-08	0	
1979-09-15	1	4-5
1979-09-22	0	
1979-09-29	1	11-12
1979-10-06	3	16-17,17-18,18-19
1979-10-13	0	
1979-10-20	3	22-23,23-24,24-25
1979-10-27	1	19-20
1979-11-03	1	9-10
1979-11-10	1	1-2
1979-11-17	0	
1979-11-24	1	5-6
1979-12-01	0	
1979-12-08	2	14-15,22-23
1979-12-15	0	
1979-12-22	0	
1979-12-29	2	7-8,8-9
1980-01-05	1	18-19
1980-01-12	1	30-31
1980-01-19	1	30-31
1980-01-26	0	
1980-02-02	1	26-27
1980-02-09	2	16-17,36-37
1980-02-16	0	
1980-02-23	0	
1980-03-01	1	39-40
1980-03-08	1	14-15
1980-03-15	0	
1980-03-22	0	
1980-03-29	1	42-43
1980-04-05	0	
1980-04-12	2	19-20,20-21
1980-04-19	2	10-11,24-25
1980-04-26	0	
1980-05-03	2	9-10,18-19
1980-05-10	0	
1980-05-17	0	
1980-05-24	0	
1980-05-31	1	2-3
1980-06-07	1	42-43
1980-06-14	1	41-42
1980-06-21	0	
1980-06-28	0	
1980-07-05	2	15-16,25-26
1980-07-12	0	
1980-07-19	0	
1980-07-26	0	
1980-08-02	0	
1980-08-09	0	
1980-08-16	3	21-22,22-23,42-43
1980-08-23	1	16-17
1980-08-30	0	
1980-09-06	0	
1980-09-13	1	11-12
1980-09-20	0	
1980-09-27	1	21-22
1980-10-04	1	29-30
1980-10-11	0	
1980-10-18	0	
1980-10-25	1	7-8
1980-11-01	2	21-22,26-27
1980-11-08	2	12-13,15-16
1980-11-15	0	
1980-11-22	1	30-31
1980-11-29	0	
1980-12-06	0	
1980-12-13	0	
1980-12-20	1	32-33
1980-12-27	0	
1981-01-03	0	
1981-01-10	0	
1981-01-17	1	28-29
1981-01-24	0	
1981-01-31	1	11-12
1981-02-07	1	47-48
1981-02-14	1	33-34
1981-02-21	0	
1981-02-28	0	
1981-03-07	1	34-35
1981-03-14	1	10-11
1981-03-21	1	2-3
1981-03-28	0	
1981-04-04	0	
1981-04-11	1	27-28
1981-04-18	0	
1981-04-25	1	26-27
1981-05-02	0	
1981-05-09	1	5-6
1981-05-16	0	
1981-05-23	0	
1981-05-30	0	
1981-06-06	1	12-13
1981-06-13	0	
1981-06-20	0	
1981-06-27	0	
1981-07-04	1	29-30
1981-07-11	0	
1981-07-18	0	
1981-07-25	1	37-38
1981-08-01	0	
1981-08-08	0	
1981-08-15	1	23-24
1981-08-22	1	41-42
1981-08-29	0	
1981-09-05	1	27-28
1981-09-12	2	1-2,33-34
1981-09-19	1	36-37
1981-09-26	0	
1981-10-03	0	
1981-10-10	0	
1981-10-17	1	17-18
1981-10-24	1	37-38
1981-10-31	0	
1981-11-07	1	1-2
1981-11-14	0	
1981-11-21	1	45-46
1981-11-28	0	
1981-12-05	1	47-48
1981-12-12	0	
1981-12-19	2	21-22,22-23
1981-12-26	1	19-20
1982-01-02	0	
1982-01-09	0	
1982-01-16	0	
1982-01-23	1	26-27
1982-01-30	2	23-24,24-25
1982-02-06	1	40-41
1982-02-13	0	
1982-02-20	1	16-17
1982-02-27	1	46-47
1982-03-06	2	27-28,35-36
1982-03-13	0	
1982-03-20	0	
1982-03-27	1	38-39
1982-04-03	0	
1982-04-10	1	41-42
1982-04-17	0	
1982-04-24	0	
1982-05-01	0	
1982-05-08	0	
1982-05-15	1	31-32
1982-05-22	1	37-38
1982-05-29	1	3-4
1982-06-05	0	
1982-06-12	0	
1982-06-19	1	1-2
1982-06-26	1	13-14
1982-07-03	0	
1982-07-10	0	
1982-07-17	1	27-28
1982-07-24	0	
1982-07-31	1	18-19
1982-08-07	0	
1982-08-14	0	
1982-08-21	1	34-35
1982-08-28	1	27-28
1982-09-04	1	34-35
1982-09-11	0	
1982-09-18	1	6-7
1982-09-25	0	
1982-10-02	0	
1982-10-09	0	
1982-10-16	0	
1982-10-23	0	
1982-10-30	1	22-23
1982-11-06	1	10-11
1982-11-13	1	19-20
1982-11-20	1	28-29
1982-11-27	0	
1982-12-04	0	
1982-12-11	0	
1982-12-18	1	24-25
1982-12-25	2	20-21,21-22
1983-01-01	1	6-7
1983-01-08	1	5-6
1983-01-15	0	
1983-01-22	1	9-10
1983-01-29	0	
1983-02-05	1	43-44
1983-02-12	0	
1983-02-19	0	
1983-02-26	0	
1983-03-05	1	26-27
1983-03-12	1	31-32
1983-03-19	0	
1983-03-26	1	26-27
1983-04-02	1	4-5
1983-04-09	0	
1983-04-16	0	
1983-04-23	0	
1983-04-30	1	38-39
1983-05-07	0	
1983-05-14	2	42-43,43-44
1983-05-21	1	1-2
1983-05-28	0	
1983-06-04	0	
1983-06-11	0	
1983-06-18	0	
1983-06-25	3	4-5,31-32,32-33
1983-07-02	0	
1983-07-09	1	32-33
1983-07-16	0	
1983-07-23	0	
1983-07-30	1	41-42
1983-08-06	2	14-15,31-32
1983-08-13	0	
1983-08-20	0	
1983-08-27	1	18-19
1983-09-03	0	
1983-09-10	1	45-46
1983-09-17	0	
1983-09-24	0	
1983-10-01	1	15-16
1983-10-08	1	19-20
1983-10-15	0	
1983-10-22	0	
1983-10-29	0	
1983-11-05	0	
1983-11-12	0	
1983-11-19	1	2-3
1983-11-26	1	16-17
1983-12-03	0	
1983-12-10	1	19-20
1983-12-17	1	7-8
1983-12-24	1	31-32
1983-12-31	0	
1984-01-07	1	40-41
1984-01-14	1	32-33
1984-01-21	0	
1984-01-28	0	
1984-02-04	1	36-37
1984-02-11	1	14-15
1984-02-18	0	
1984-02-25	1	30-31
1984-03-03	1	44-45
1984-03-10	0	
1984-03-17	0	
1984-03-24	0	
1984-03-31	1	13-14
1984-04-07	0	
1984-04-14	1	20-21
1984-04-21	1	36-37
1984-04-28	0	
1984-05-05	2	1-2,6-7
1984-05-12	1	23-24
1984-05-19	0	
1984-05-26	1	34-35
1984-06-02	0	
1984-06-09	0	
1984-06-16	1	36-37
1984-06-23	1	35-36
1984-06-30	0	
1984-07-07	0	
1984-07-14	0	
1984-07-21	0	
1984-07-28	0	
1984-08-04	0	
1984-08-11	0	
1984-08-18	0	
1984-08-25	0	
1984-09-01	1	47-48
1984-09-08	0	
1984-09-15	0	
1984-09-22	0	
1984-09-29	0	
1984-10-06	0	
1984-10-13	0	
1984-10-20	0	
1984-10-27	2	32-33,33-34
1984-11-03	0	
1984-11-10	1	11-12
1984-11-17	1	9-10
1984-11-24	0	
1984-12-01	0	
1984-12-08	2	36-37,37-38
1984-12-15	0	
1984-12-22	1	17-18
1984-12-29	0	
1985-01-05	0	
1985-01-12	2	37-38,38-39
1985-01-19	2	40-41,48-49
1985-01-26	1	38-39
1985-02-02	2	16-17,42-43
1985-02-09	1	6-7
1985-02-16	0	
1985-02-23	1	32-33
1985-03-02	0	
1985-03-09	0	
1985-03-16	0	
1985-03-23	1	22-23
1985-03-30	1	16-17
1985-04-06	2	45-46,46-47
1985-04-13	1	35-36
1985-04-20	0	
1985-04-27	0	
1985-05-04	1	38-39
1985-05-11	1	3-4
1985-05-18	1	44-45
1985-05-25	1	32-33
1985-06-01	0	
1985-06-08	0	
1985-06-15	1	6-7
1985-06-22	0	
1985-06-29	1	4-5
1985-07-06	1	10-11
1985-07-13	2	2-3,31-32
1985-07-20	1	15-16
1985-07-27	1	39-40
1985-08-03	1	1-2
1985-08-10	0	
1985-08-17	1	18-19
1985-08-24	0	
1985-08-31	0	
1985-09-07	0	
1985-09-14	2	33-34,34-35
1985-09-21	1	37-38
1985-09-28	0	
1985-10-05	2	30-31,37-38
1985-10-12	1	34-35
1985-10-19	0	
1985-10-26	1	38-39
1985-11-02	0	
1985-11-09	1	19-20
1985-11-16	1	10-11
1985-11-23	1	38-39
1985-11-30	0	
1985-12-07	0	
1985-12-14	1	19-20
1985-12-21	1	36-37
1985-12-28	0	
1986-01-04	2	31-32,32-33
1986-01-11	2	7-8,31-32
1986-01-18	1	28-29
1986-01-25	0	
1986-02-01	1	42-43
1986-02-08	3	29-30,30-31,48-49
1986-02-15	0	
1986-02-22	0	
1986-03-01	1	41-42
1986-03-08	0	
1986-03-15	1	35-36
1986-03-22	2	5-6,18-19
1986-03-29	0	
1986-04-05	0	
1986-04-12	1	46-47
1986-04-19	1	23-24
1986-04-26	0	
1986-05-03	1	37-38
1986-05-10	1	41-42
1986-05-17	1	22-23
1986-05-24	0	
1986-05-31	1	30-31
1986-06-07	2	13-14,38-39
1986-06-14	1	17-18
1986-06-21	0	
1986-06-28	0	
1986-07-05	1	5-6
1986-07-12	1	22-23
1986-07-19	1	28-29
1986-07-26	2	27-28,28-29
1986-08-02	1	32-33
1986-08-09	0	
1986-08-16	1	2-3
1986-08-23	0	
1986-08-30	0	
1986-09-06	2	15-16,31-32
1986-09-13	0	
1986-09-20	0	
1986-09-27	0	
1986-10-04	1	20-21
1986-10-11	1	26-27
1986-10-18	1	30-31
1986-10-25	0	
1986-11-01	0	
1986-11-08	0	
1986-11-15	1	45-46
1986-11-22	2	11-12,16-17
1986-11-29	1	5-6
1986-12-06	0	
1986-12-13	0	
1986-12-20	0	
1986-12-27	0	
1987-01-03	0	
1987-01-10	0	
1987-01-17	1	39-40
1987-01-24	0	
1987-01-31	0	
1987-02-07	1	9-10
1987-02-14	1	30-31
1987-02-21	1	46-47
1987-02-28	1	4-5
1987-03-07	1	48-49
1987-03-14	3	14-15,32-33,33-34
1987-03-21	0	
1987-03-28	2	41-42,42-43
1987-04-04	0	
1987-04-11	1	14-15
1987-04-18	0	
1987-04-25	0	
1987-05-02	1	21-22
1987-05-09	0	
1987-05-16	1	15-16
1987-05-23	0	
1987-05-30	0	
1987-06-06	1	22-23
1987-06-13	2	15-16,19-20
1987-06-20	0	
1987-06-27	1	25-26
1987-07-04	0	
1987-07-11	1	22-23
1987-07-18	1	42-43
1987-07-25	2	6-7,45-46
1987-08-01	1	48-49
1987-08-08	0	
1987-08-15	0	
1987-08-22	0	
1987-08-29	1	35-36
1987-09-05	1	27-28
1987-09-12	1	40-41
1987-09-19	0	
1987-09-26	0	
1987-10-03	2	46-47,47-48
1987-10-10	0	
1987-10-17	1	3-4
1987-10-24	2	18-19,19-20
1987-10-31	0	
1987-11-07	2	21-22,22-23
1987-11-14	0	
1987-11-21	0	
1987-11-28	2	9-10,10-11
1987-12-05	0	
1987-12-12	0	
1987-12-19	1	31-32
1987-12-26	0	
1988-01-02	0	
1988-01-09	1	30-31
1988-01-16	1	36-37
1988-01-23	4	24-25,25-26,30-31,31-32
1988-01-30	0	
1988-02-06	0	
1988-02-13	0	
1988-02-20	0	
1988-02-27	1	44-45
1988-03-05	1	33-34
1988-03-12	0	
1988-03-19	1	11-12
1988-03-26	1	10-11
1988-04-02	0	
1988-04-09	0	
1988-04-16	0	
1988-04-23	1	43-44
1988-04-30	0	
1988-05-07	1	19-20
1988-05-14	0	
1988-05-21	2	19-20,40-41
1988-05-28	0	
1988-06-04	2	18-19,19-20
1988-06-11	1	35-36
1988-06-18	1	43-44
1988-06-25	0	
1988-07-02	1	38-39
1988-07-09	1	18-19
1988-07-16	0	
1988-07-23	0	
1988-07-30	1	39-40
1988-08-06	0	
1988-08-13	0	
1988-08-20	1	47-48
1988-08-27	1	21-22
1988-09-03	0	
1988-09-10	1	14-15
1988-09-17	1	19-20
1988-09-24	0	
1988-10-01	0	
1988-10-08	1	8-9
1988-10-15	0	
1988-10-22	1	29-30
1988-10-29	0	
1988-11-05	0	
1988-11-12	1	26-27
1988-11-19	0	
1988-11-26	1	10-11
1988-12-03	0	
1988-12-10	0	
1988-12-17	3	34-35,47-48,48-49
1988-12-24	0	
1988-12-31	0	
1989-01-07	0	
1989-01-14	2	6-7,35-36
1989-01-21	2	12-13,16-17
1989-01-28	0	
1989-02-04	0	
1989-02-11	2	40-41,43-44
1989-02-18	1	37-38
1989-02-25	1	41-42
1989-03-04	1	17-18
1989-03-11	3	19-20,42-43,43-44
1989-03-18	2	5-6,6-7
1989-03-25	2	37-38,38-39
1989-04-01	0	
1989-04-08	0	
1989-04-15	2	2-3,41-42
1989-04-22	0	
1989-04-29	0	
1989-05-06	1	11-12
1989-05-13	1	17-18
1989-05-20	2	5-6,35-36
1989-05-27	0	
1989-06-03	1	22-23
1989-06-10	0	
1989-06-17	1	40-41
1989-06-24	0	
1989-07-01	0	
1989-07-08	2	2-3,3-4
1989-07-15	0	
1989-07-22	1	12-13
1989-07-29	1	2-3
1989-08-05	0	
1989-08-12	1	16-17
1989-08-19	1	13-14
1989-08-26	0	
1989-09-02	1	25-26
1989-09-09	1	46-47
1989-09-16	0	
1989-09-23	1	6-7
1989-09-30	1	28-29
1989-10-07	0	
1989-10-14	0	
1989-10-21	1	20-21
1989-10-28	1	24-25
1989-11-04	0	
1989-11-11	0	
1989-11-18	2	2-3,32-33
1989-11-25	1	7-8
1989-12-02	2	46-47,47-48
1989-12-09	0	
1989-12-16	0	
1989-12-23	1	38-39
1989-12-30	1	15-16
1990-01-06	2	44-45,45-46
1990-01-13	0	
1990-01-20	1	17-18
1990-01-27	1	9-10
1990-02-03	0	
1990-02-10	1	20-21
1990-02-17	0	
1990-02-24	0	
1990-03-03	1	42-43
1990-03-10	0	
1990-03-17	0	
1990-03-24	0	
1990-03-31	2	6-7,9-10
1990-04-07	0	
1990-04-14	1	23-24
1990-04-21	1	25-26
1990-04-28	1	19-20
1990-05-05	1	7-8
1990-05-12	1	3-4
1990-05-19	1	40-41
1990-05-26	0	
1990-06-02	1	34-35
1990-06-09	1	36-37
1990-06-16	1	17-18
1990-06-23	0	
1990-06-30	2	4-5,27-28
1990-07-07	1	42-43
1990-07-14	0	
1990-07-21	0	
1990-07-28	1	23-24
1990-08-04	1	29-30
1990-08-11	0	
1990-08-18	0	
1990-08-25	2	16-17,40-41
1990-09-01	0	
1990-09-08	0	
1990-09-15	0	
1990-09-22	1	2-3
1990-09-29	1	46-47
1990-10-06	1	31-32
1990-10-13	0	
1990-10-20	1	24-25
1990-10-27	1	25-26
1990-11-03	0	
1990-11-10	0	
1990-11-17	1	14-15
1990-11-24	0	
1990-12-01	0	
1990-12-08	0	
1990-12-15	1	7-8
1990-12-22	1	24-25
1990-12-29	0	
1991-01-05	0	
1991-01-12	0	
1991-01-19	1	5-6
1991-01-26	0	
1991-02-02	1	48-49
1991-02-09	0	
1991-02-16	1	37-38
1991-02-23	1	5-6
1991-03-02	0	
1991-03-09	1	21-22
1991-03-16	0	
1991-03-23	0	
1991-03-30	1	4-5
1991-04-06	1	26-27
1991-04-13	0	
1991-04-20	1	37-38
1991-04-27	1	34-35
1991-05-04	1	35-36
1991-05-11	0	
1991-05-18	1	21-22
1991-05-25	2	40-41,41-42
1991-06-01	0	
1991-06-08	0	
1991-06-15	1	25-26
1991-06-22	0	
1991-06-29	1	4-5
1991-07-06	0	
1991-07-13	1	31-32
1991-07-20	0	
1991-07-27	0	
1991-08-03	0	
1991-08-10	1	22-23
1991-08-17	1	7-8
1991-08-24	1	31-32
1991-08-31	0	
1991-09-07	2	44-45,48-49
1991-09-14	1	32-33
1991-09-21	2	17-18,18-19
1991-09-28	0	
1991-10-05	1	16-17
1991-10-12	2	8-9,13-14
1991-10-19	2	33-34,38-39
1991-10-26	0	
1991-11-02	1	23-24
1991-11-09	0	
1991-11-16	1	31-32
1991-11-23	0	
1991-11-30	1	15-16
1991-12-07	2	16-17,41-42
1991-12-14	1	43-44
1991-12-21	0	
1991-12-28	2	35-36,45-46
1992-01-04	0	
1992-01-11	0	
1992-01-18	1	31-32
1992-01-25	1	40-41
1992-02-01	0	
1992-02-08	1	40-41
1992-02-15	0	
1992-02-22	2	3-4,39-40
1992-02-29	0	
1992-03-07	1	42-43
1992-03-14	1	45-46
1992-03-21	2	19-20,20-21
1992-03-28	1	36-37
1992-04-04	0	
1992-04-11	0	
1992-04-18	1	40-41
1992-04-25	1	4-5
1992-05-02	0	
1992-05-09	1	3-4
1992-05-16	0	
1992-05-23	0	
1992-05-30	1	32-33
1992-06-06	0	
1992-06-13	0	
1992-06-20	1	27-28
1992-06-27	1	14-15
1992-07-04	0	
1992-07-11	0	
1992-07-18	1	36-37
1992-07-25	0	
1992-08-01	0	
1992-08-08	2	9-10,25-26
1992-08-15	1	11-12
1992-08-22	1	39-40
1992-08-29	0	
1992-09-05	0	
1992-09-12	2	14-15,19-20
1992-09-19	0	
1992-09-26	2	12-13,18-19
1992-10-03	2	7-8,18-19
1992-10-10	2	11-12,41-42
1992-10-17	0	
1992-10-24	0	
1992-10-31	0	
1992-11-07	1	27-28
1992-11-14	2	17-18,18-19
1992-11-21	0	
1992-11-28	0	
1992-12-05	1	4-5
1992-12-12	0	
1992-12-19	1	10-11
1992-12-26	0	
1993-01-02	1	15-16
1993-01-09	0	
1993-01-16	1	10-11
1993-01-23	0	
1993-01-30	1	8-9
1993-02-06	0	
1993-02-13	1	18-19
1993-02-20	2	9-10,23-24
1993-02-27	0	
1993-03-06	1	17-18
1993-03-13	1	40-41
1993-03-20	0	
1993-03-27	0	
1993-04-03	0	
1993-04-10	0	
1993-04-17	1	22-23
1993-04-24	1	17-18
1993-05-01	1	1-2
1993-05-08	0	
1993-05-15	1	30-31
1993-05-22	2	6-7,28-29
1993-05-29	1	29-30
1993-06-05	0	
1993-06-12	1	34-35
1993-06-19	1	7-8
1993-06-26	0	
1993-07-03	0	
1993-07-10	2	26-27,40-41
1993-07-17	1	46-47
1993-07-24	0	
1993-07-31	2	2-3,21-22
1993-08-07	0	
1993-08-14	0	
1993-08-21	1	8-9
1993-08-28	0	
1993-09-04	1	25-26
1993-09-11	1	26-27
1993-09-18	1	22-23
1993-09-25	0	
1993-10-02	0	
1993-10-09	1	34-35
1993-10-16	0	
1993-10-23	0	
1993-10-30	1	27-28
1993-11-06	1	48-49
1993-11-13	0	
1993-11-20	0	
1993-11-27	1	5-6
1993-12-04	0	
1993-12-11	0	
1993-12-18	0	
1993-12-25	0	
1994-01-01	1	41-42
1994-01-08	0	
1994-01-15	0	
1994-01-22	0	
1994-01-29	0	
1994-02-05	0	
1994-02-12	2	16-17,39-40
1994-02-19	0	
1994-02-26	0	
1994-03-05	0	
1994-03-12	0	
1994-03-19	0	
1994-03-26	0	
1994-04-02	1	48-49
1994-04-09	0	
1994-04-16	0	
1994-04-23	1	16-17
1994-04-30	0	
1994-05-07	0	
1994-05-14	1	38-39
1994-05-21	0	
1994-05-28	0	
1994-06-04	0	
1994-06-11	0	
1994-06-18	1	44-45
1994-06-25	2	1-2,29-30
1994-07-02	0	
1994-07-09	2	17-18,27-28
1994-07-16	0	
1994-07-23	0	
1994-07-30	0	
1994-08-06	0	
1994-08-13	1	16-17
1994-08-20	1	40-41
1994-08-27	2	8-9,9-10
1994-09-03	1	16-17
1994-09-10	0	
1994-09-17	1	14-15
1994-09-24	1	6-7
1994-10-01	1	8-9
1994-10-08	1	35-36
1994-10-15	0	
1994-10-22	1	45-46
1994-10-29	0	
1994-11-05	0	
1994-11-12	0	
1994-11-19	2	3-4,46-47
1994-11-26	1	13-14
1994-12-03	0	
1994-12-10	1	2-3
1994-12-17	3	35-36,36-37,37-38
1994-12-24	0	
1994-12-31	0	
1995-01-07	1	47-48
1995-01-14	0	
1995-01-21	0	
1995-01-28	0	
1995-02-04	0	
1995-02-11	1	41-42
1995-02-18	0	
1995-02-25	0	
1995-03-04	1	36-37
1995-03-11	1	25-26
1995-03-18	2	7-8,32-33
1995-03-25	0	
1995-04-01	1	32-33
1995-04-08	0	
1995-04-15	0	
1995-04-22	1	25-26
1995-04-29	1	25-26
1995-05-06	1	38-39
1995-05-13	0	
1995-05-20	0	
1995-05-27	0	
1995-06-03	1	10-11
1995-06-10	1	20-21
1995-06-17	0	
1995-06-24	0	
1995-07-01	1	28-29
1995-07-08	2	9-10,21-22
1995-07-15	0	
1995-07-22	1	12-13
1995-07-29	1	11-12
1995-08-05	0	
1995-08-12	1	48-49
1995-08-19	0	
1995-08-26	0	
1995-09-02	0	
1995-09-09	1	41-42
1995-09-16	0	
1995-09-23	1	27-28
1995-09-30	1	14-15
1995-10-07	1	9-10
1995-10-14	0	
1995-10-21	1	36-37
1995-10-28	0	
1995-11-04	0	
1995-11-11	1	38-39
1995-11-18	0	
1995-11-25	1	48-49
1995-12-02	1	25-26
1995-12-09	1	38-39
1995-12-16	0	
1995-12-23	1	6-7
1995-12-30	0	
1996-01-06	0	
1996-01-13	0	
1996-01-20	2	8-9,42-43
1996-01-27	0	
1996-02-03	0	
1996-02-10	1	47-48
1996-02-17	0	
1996-02-24	0	
1996-03-02	1	34-35
1996-03-09	1	18-19
1996-03-16	1	35-36
1996-03-23	1	24-25
1996-03-30	0	
1996-04-06	1	43-44
1996-04-13	2	9-10,10-11
1996-04-20	0	
1996-04-27	1	27-28
1996-05-04	1	10-11
1996-05-11	0	
1996-05-18	0	
1996-05-25	1	27-28
1996-06-01	0	
1996-06-08	0	
1996-06-15	2	32-33,36-37
1996-06-22	1	11-12
1996-06-29	2	1-2,2-3
1996-07-06	0	
1996-07-13	1	40-41
1996-07-20	1	47-48
1996-07-27	0	
1996-08-03	0	
1996-08-10	0	
1996-08-17	0	
1996-08-24	0	
1996-08-31	2	29-30,34-35
1996-09-07	1	29-30
1996-09-14	0	
1996-09-21	0	
1996-09-28	0	
1996-10-05	0	
1996-10-12	1	23-24
1996-10-19	1	24-25
1996-10-26	1	20-21
1996-11-02	1	9-10
1996-11-09	0	
1996-11-16	1	20-21
1996-11-23	1	38-39
1996-11-30	1	4-5
1996-12-07	0	
1996-12-14	0	
1996-12-21	1	10-11
1996-12-28	0	
1997-01-04	0	
1997-01-11	1	28-29
1997-01-18	0	
1997-01-25	0	
1997-02-01	0	
1997-02-08	0	
1997-02-15	0	
1997-02-22	0	
1997-03-01	0	
1997-03-08	0	
1997-03-15	1	7-8
1997-03-22	1	31-32
1997-03-29	0	
1997-04-05	1	26-27
1997-04-12	0	
1997-04-19	2	24-25,25-26
1997-04-26	0	
1997-05-03	2	13-14,14-15
1997-05-10	0	
1997-05-17	1	3-4
1997-05-24	0	
1997-05-31	0	
1997-06-07	0	
1997-06-14	1	16-17
1997-06-21	0	
1997-06-28	1	29-30
1997-07-05	0	
1997-07-12	1	29-30
1997-07-19	1	10-11
1997-07-26	0	
1997-08-02	0	
1997-08-09	0	
1997-08-16	1	39-40
1997-08-23	0	
1997-08-30	0	
1997-09-06	1	6-7
1997-09-13	2	35-36,36-37
1997-09-20	1	36-37
1997-09-27	1	15-16
1997-10-04	0	
1997-10-11	2	5-6,29-30
1997-10-18	1	29-30
1997-10-25	2	46-47,47-48
1997-11-01	0	
1997-11-08	2	26-27,27-28
1997-11-15	2	10-11,11-12
1997-11-22	1	47-48
1997-11-29	0	
1997-12-06	0	
1997-12-13	2	22-23,40-41
1997-12-20	1	34-35
1997-12-27	1	41-42
1998-01-03	1	15-16
1998-01-10	0	
1998-01-17	2	30-31,31-32
1998-01-24	0	
1998-01-31	1	5-6
1998-02-07	0	
1998-02-14	1	10-11
1998-02-21	0	
1998-02-28	1	44-45
1998-03-07	0	
1998-03-14	0	
1998-03-21	1	40-41
1998-03-28	1	10-11
1998-04-04	1	41-42
1998-04-11	0	
1998-04-18	1	45-46
1998-04-25	0	
1998-05-02	0	
1998-05-09	1	21-22
1998-05-16	1	36-37
1998-05-23	0	
1998-05-30	0	
1998-06-06	1	34-35
1998-06-13	0	
1998-06-20	0	
1998-06-27	1	11-12
1998-07-04	0	
1998-07-11	0	
1998-07-18	1	30-31
1998-07-25	1	13-14
1998-08-01	2	20-21,38-39
1998-08-08	0	
1998-08-15	1	19-20
1998-08-22	0	
1998-08-29	1	42-43
1998-09-05	0	
1998-09-12	1	28-29
1998-09-19	1	26-27
1998-09-26	1	12-13
1998-10-03	0	
1998-10-10	0	
1998-10-17	1	35-36
1998-10-24	0	
1998-10-31	1	5-6
1998-11-07	1	31-32
1998-11-14	1	32-33
1998-11-21	0	
1998-11-28	1	33-34
1998-12-05	0	
1998-12-12	0	
1998-12-19	1	32-33
1998-12-26	1	19-20
1999-01-02	0	
1999-01-09	0	
1999-01-16	0	
1999-01-23	0	
1999-01-30	1	4-5
1999-02-06	1	37-38
1999-02-13	0	
1999-02-20	0	
1999-02-27	0	
1999-03-06	0	
1999-03-13	1	19-20
1999-03-20	1	29-30
1999-03-27	0	
1999-04-03	0	
1999-04-10	4	2-3,3-4,4-5,5-6
1999-04-17	1	6-7
1999-04-24	0	
1999-05-01	1	12-13
1999-05-08	1	16-17
1999-05-15	0	
1999-05-22	0	
1999-05-29	3	11-12,12-13,42-43
1999-06-05	0	
1999-06-12	3	12-13,24-25,41-42
1999-06-19	2	30-31,34-35
1999-06-26	1	48-49
1999-07-03	2	23-24,24-25
1999-07-10	0	
1999-07-17	1	43-44
1999-07-24	2	27-28,34-35
1999-07-31	0	
1999-08-07	1	20-21
1999-08-14	0	
1999-08-21	1	23-24
1999-08-28	0	
1999-09-04	1	34-35
1999-09-11	2	34-35,35-36
1999-09-18	1	44-45
1999-09-25	0	
1999-10-02	0	
1999-10-09	1	19-20
1999-10-16	1	3-4
1999-10-23	1	34-35
1999-10-30	0	
1999-11-06	0	
1999-11-13	0	
1999-11-20	2	7-8,8-9
1999-11-27	0	
1999-12-04	1	43-44
1999-12-11	2	6-7,46-47
1999-12-18	0	
1999-12-25	1	23-24
2000-01-01	1	1-2
2000-01-08	0	
2000-01-15	2	31-32,32-33
2000-01-22	0	
2000-01-29	0	
2000-02-05	1	26-27
2000-02-12	0	
2000-02-19	1	9-10
2000-02-26	0	
2000-03-04	1	13-14
2000-03-11	0	
2000-03-18	1	4-5
2000-03-25	1	38-39
2000-04-01	0	
2000-04-08	1	44-45
2000-04-15	0	
2000-04-22	2	15-16,32-33
2000-04-29	1	38-39
2000-05-06	0	
2000-05-13	1	5-6
2000-05-20	1	31-32
2000-05-27	0	
2000-06-03	1	39-40
2000-06-10	0	
2000-06-17	0	
2000-06-24	2	28-29,42-43
2000-07-01	0	
2000-07-08	0	
2000-07-15	0	
2000-07-22	0	
2000-07-29	2	27-28,32-33
2000-08-05	0	
2000-08-12	1	38-39
2000-08-19	1	31-32
2000-08-26	1	27-28
2000-09-02	2	22-23,35-36
2000-09-09	2	39-40,40-41
2000-09-16	0	
2000-09-23	0	
2000-09-30	2	1-2,10-11
2000-10-07	0	
2000-10-14	2	37-38,38-39
2000-10-21	1	32-33
2000-10-28	0	
2000-11-04	0	
2000-11-11	1	26-27
2000-11-18	0	
2000-11-25	0	
2000-12-02	2	42-43,45-46
2000-12-06	2	8-9,29-30
2000-12-09	0	
2000-12-13	0	
2000-12-16	0	
2000-12-20	1	6-7
2000-12-23	0	
2000-12-27	0	
2000-12-30	0	
2001-01-03	0	
2001-01-06	0	
2001-01-10	2	3-4,27-28
2001-01-13	0	
2001-01-17	1	11-12
2001-01-20	2	47-48,48-49
2001-01-24	1	6-7
2001-01-27	1	12-13
2001-01-31	0	
2001-02-03	0	
2001-02-07	0	
2001-02-10	1	41-42
2001-02-14	1	25-26
2001-02-17	1	12-13
2001-02-21	2	4-5,25-26
2001-02-24	1	47-48
2001-02-28	0	
2001-03-03	2	41-42,42-43
2001-03-07	0	
2001-03-10	0	
2001-03-14	1	38-39
2001-03-17	0	
2001-03-21	0	
2001-03-24	0	
2001-03-28	1	24-25
2001-03-31	1	14-15
2001-04-04	1	21-22
2001-04-07	2	36-37,37-38
2001-04-11	0	
2001-04-14	0	
2001-04-18	0	
2001-04-21	0	
2001-04-25	0	
2001-04-28	0	
2001-05-02	0	
2001-05-05	1	41-42
2001-05-09	1	16-17
2001-05-12	1	28-29
2001-05-16	0	
2001-05-19	2	9-10,10-11
2001-05-23	0	
2001-05-26	1	42-43
2001-05-30	2	26-27,47-48
2001-06-02	1	34-35
2001-06-06	1	8-9
2001-06-09	1	48-49
2001-06-13	0	
2001-06-16	0	
2001-06-20	1	1-2
2001-06-23	0	
2001-06-27	0	
2001-06-30	0	
2001-07-04	0	
2001-07-07	1	39-40
2001-07-11	0	
2001-07-14	1	22-23
2001-07-18	2	11-12,44-45
2001-07-21	1	37-38
2001-07-25	1	12-13
2001-07-28	1	22-23
2001-08-01	0	
2001-08-04	0	
2001-08-08	1	40-41
2001-08-11	0	
2001-08-15	1	10-11
2001-08-18	1	6-7
2001-08-22	1	35-36
2001-08-25	0	
2001-08-29	1	34-35
2001-09-01	0	
2001-09-05	0	
2001-09-08	0	
2001-09-12	1	43-44
2001-09-15	1	26-27
2001-09-19	2	23-24,24-25
2001-09-22	1	32-33
2001-09-26	0	
2001-09-29	1	27-28
2001-10-03	0	
2001-10-06	1	41-42
2001-10-10	0	
2001-10-13	1	9-10
2001-10-17	1	34-35
2001-10-20	0	
2001-10-24	1	26-27
2001-10-27	1	22-23
2001-10-31	0	
2001-11-03	0	
2001-11-07	1	3-4
2001-11-10	2	14-15,15-16
2001-11-14	1	2-3
2001-11-17	1	1-2
2001-11-21	1	43-44
2001-11-24	0	
2001-11-28	1	36-37
2001-12-01	1	40-41
2001-12-05	0	
2001-12-08	0	
2001-12-12	0	
2001-12-15	1	39-40
2001-12-19	1	43-44
2001-12-22	2	47-48,48-49
2001-12-26	1	22-23
2001-12-29	0	
2002-01-02	1	34-35
2002-01-05	0	
2002-01-09	0	
2002-01-12	0	
2002-01-16	1	25-26
2002-01-19	0	
2002-01-23	1	31-32
2002-01-26	1	11-12
2002-01-30	0	
2002-02-02	0	
2002-02-06	1	33-34
2002-02-09	0	
2002-02-13	1	5-6
2002-02-16	1	8-9
2002-02-20	0	
2002-02-23	1	22-23
2002-02-27	0	
2002-03-02	0	
2002-03-06	0	
2002-03-09	2	4-5,43-44
2002-03-13	3	30-31,31-32,32-33
2002-03-16	0	
2002-03-20	0	
2002-03-23	2	17-18,47-48
2002-03-27	0	
2002-03-30	2	37-38,43-44
2002-04-03	0	
2002-04-06	1	23-24
2002-04-10	0	
2002-04-13	0	
2002-04-17	1	3-4
2002-04-20	1	6-7
2002-04-24	1	42-43
2002-04-27	0	
2002-05-01	0	
2002-05-04	1	38-39
2002-05-08	1	35-36
2002-05-11	0	
2002-05-15	1	26-27
2002-05-18	1	43-44
2002-05-22	0	
2002-05-25	0	
2002-05-29	0	
2002-06-01	0	
2002-06-05	0	
2002-06-08	0	
2002-06-12	0	
2002-06-15	1	36-37
2002-06-19	2	13-14,41-42
2002-06-22	1	7-8
2002-06-26	1	41-42
2002-06-29	2	5-6,29-30
2002-07-03	2	12-13,13-14
2002-07-06	0	
2002-07-10	1	47-48
2002-07-13	1	1-2
2002-07-17	2	26-27,27-28
2002-07-20	0	
2002-07-24	3	11-12,18-19,41-42
2002-07-27	2	39-40,40-41
2002-07-31	0	
2002-08-03	1	26-27
2002-08-07	0	
2002-08-10	1	9-10
2002-08-14	0	
2002-08-17	1	4-5
2002-08-21	0	
2002-08-24	0	
2002-08-28	1	36-37
2002-08-31	2	39-40,40-41
2002-09-04	0	
2002-09-07	3	16-17,17-18,18-19
2002-09-11	2	23-24,24-25
2002-09-14	0	
2002-09-18	1	24-25
2002-09-21	1	36-37
2002-09-25	1	3-4
2002-09-28	1	28-29
2002-10-02	0	
2002-10-05	0	
2002-10-09	0	
2002-10-12	2	6-7,16-17
2002-10-16	0	
2002-10-19	1	42-43
2002-10-23	1	13-14
2002-10-26	1	15-16
2002-10-30	1	30-31
2002-11-02	0	
2002-11-06	1	43-44
2002-11-09	0	
2002-11-13	0	
2002-11-16	1	13-14
2002-11-20	0	
2002-11-23	1	43-44
2002-11-27	0	
2002-11-30	2	9-10,10-11
2002-12-04	0	
2002-12-07	1	8-9
2002-12-11	1	32-33
2002-12-14	0	
2002-12-18	1	36-37
2002-12-21	1	11-12
2002-12-25	0	
2002-12-28	0	
2003-01-01	1	41-42
2003-01-04	2	17-18,18-19
2003-01-08	2	30-31,31-32
2003-01-11	0	
2003-01-15	0	
2003-01-18	0	
2003-01-22	0	
2003-01-25	0	
2003-01-29	0	
2003-02-01	1	43-44
2003-02-05	1	11-12
2003-02-08	1	32-33
2003-02-12	1	41-42
2003-02-15	0	
2003-02-19	1	23-24
2003-02-22	1	22-23
2003-02-26	1	10-11
2003-03-01	0	
2003-03-05	0	
2003-03-08	1	45-46
2003-03-12	2	6-7,33-34
2003-03-15	1	46-47
2003-03-19	0	
2003-03-22	1	44-45
2003-03-26	1	15-16
2003-03-29	0	
2003-04-02	1	16-17
2003-04-05	0	
2003-04-09	0	
2003-04-12	1	13-14
2003-04-16	2	4-5,34-35
2003-04-19	1	3-4
2003-04-23	1	5-6
2003-04-26	0	
2003-04-30	1	22-23
2003-05-03	0	
2003-05-07	1	12-13
2003-05-10	0	
2003-05-14	0	
2003-05-17	0	
2003-05-21	1	28-29
2003-05-24	1	14-15
2003-05-28	1	39-40
2003-05-31	0	
2003-06-04	0	
2003-06-07	1	37-38
2003-06-11	0	
2003-06-14	0	
2003-06-18	1	12-13
2003-06-21	0	
2003-06-25	1	10-11
2003-06-28	1	13-14
2003-07-02	1	45-46
2003-07-05	1	45-46
2003-07-09	0	
2003-07-12	1	4-5
2003-07-16	0	
2003-07-19	0	
2003-07-23	1	41-42
2003-07-26	2	6-7,36-37
2003-07-30	1	39-40
2003-08-02	2	1-2,2-3
2003-08-06	0	
2003-08-09	2	1-2,11-12
2003-08-13	0	
2003-08-16	0	
2003-08-20	1	44-45
2003-08-23	1	6-7
2003-08-27	0	
2003-08-30	0	
2003-09-03	1	4-5
2003-09-06	1	15-16
2003-09-10	1	19-20
2003-09-13	1	18-19
2003-09-17	1	34-35
2003-09-20	1	26-27
2003-09-24	0	
2003-09-27	1	39-40
2003-10-01	0	
2003-10-04	0	
2003-10-08	1	15-16
2003-10-11	0	
2003-10-15	2	31-32,32-33
2003-10-18	0	
2003-10-22	0	
2003-10-25	1	24-25
2003-10-29	0	
2003-11-01	1	21-22
2003-11-05	0	
2003-11-08	0	
2003-11-12	0	
2003-11-15	0	
2003-11-19	0	
2003-11-22	0	
2003-11-26	3	26-27,27-28,28-29
2003-11-29	1	48-49
2003-12-03	1	47-48
2003-12-06	0	
2003-12-10	0	
2003-12-13	1	29-30
2003-12-17	1	39-40
2003-12-20	1	30-31
2003-12-24	0	
2003-12-27	1	35-36
2003-12-31	0	
2004-01-03	1	15-16
2004-01-07	1	44-45
2004-01-10	1	13-14
2004-01-14	0	
2004-01-17	1	34-35
2004-01-21	1	29-30
2004-01-24	0	
2004-01-28	1	17-18
2004-01-31	1	48-49
2004-02-04	1	1-2
2004-02-07	0	
2004-02-11	1	27-28
2004-02-14	0	
2004-02-18	0	
2004-02-21	0	
2004-02-25	0	
2004-02-28	0	
2004-03-03	0	
2004-03-06	1	37-38
2004-03-10	0	
2004-03-13	1	20-21
2004-03-17	0	
2004-03-20	0	
2004-03-24	1	8-9
2004-03-27	0	
2004-03-31	1	22-23
2004-04-03	1	1-2
2004-04-07	1	33-34
2004-04-10	0	
2004-04-14	1	12-13
2004-04-17	1	32-33
2004-04-21	2	32-33,46-47
2004-04-24	0	
2004-04-28	0	
2004-05-01	1	8-9
2004-05-05	0	
2004-05-08	1	43-44
2004-05-12	0	
2004-05-15	0	
2004-05-19	0	
2004-05-22	1	43-44
2004-05-26	0	
2004-05-29	1	3-4
2004-06-02	0	
2004-06-05	0	
2004-06-09	0	
2004-06-12	1	12-13
2004-06-16	0	
2004-06-19	1	26-27
2004-06-23	1	13-14
2004-06-26	1	30-31
2004-06-30	1	33-34
2004-07-03	1	16-17
2004-07-07	1	11-12
2004-07-10	1	39-40
2004-07-14	2	6-7,7-8
2004-07-17	2	23-24,24-25
2004-07-21	1	10-11
2004-07-24	0	
2004-07-28	0	
2004-07-31	0	
2004-08-04	0	
2004-08-07	0	
2004-08-11	0	
2004-08-14	1	48-49
2004-08-18	1	7-8
2004-08-21	0	
2004-08-25	0	
2004-08-28	0	
2004-09-01	3	31-32,41-42,42-43
2004-09-04	1	3-4
2004-09-08	1	38-39
2004-09-11	1	16-17
2004-09-15	3	26-27,27-28,28-29
2004-09-18	0	
2004-09-22	0	
2004-09-25	0	
2004-09-29	1	28-29
2004-10-02	1	28-29
2004-10-06	0	
2004-10-09	1	21-22
2004-10-13	2	11-12,12-13
2004-10-16	2	6-7,28-29
2004-10-20	1	6-7
2004-10-23	0	
2004-10-27	1	37-38
2004-10-30	1	39-40
2004-11-03	0	
2004-11-06	0	
2004-11-10	1	7-8
2004-11-13	2	41-42,42-43
2004-11-17	0	
2004-11-20	1	18-19
2004-11-24	2	7-8,35-36
2004-11-27	0	
2004-12-01	0	
2004-12-04	0	
2004-12-08	1	14-15
2004-12-11	0	
2004-12-15	0	
2004-12-18	0	
2004-12-22	2	15-16,19-20
2004-12-25	1	47-48
2004-12-29	2	4-5,25-26
2005-01-01	1	21-22
2005-01-05	0	
2005-01-08	0	
2005-01-12	1	5-6
2005-01-15	0	
2005-01-19	1	7-8
2005-01-22	0	
2005-01-26	0	
2005-01-29	0	
2005-02-02	0	
2005-02-05	1	17-18
2005-02-09	0	
2005-02-12	0	
2005-02-16	0	
2005-02-19	1	41-42
2005-02-23	2	37-38,38-39
2005-02-26	0	
2005-03-02	1	24-25
2005-03-05	0	
2005-03-09	0	
2005-03-12	1	2-3
2005-03-16	0	
2005-03-19	2	4-5,48-49
2005-03-23	1	32-33
2005-03-26	1	34-35
2005-03-30	0	
2005-04-02	0	
2005-04-06	0	
2005-04-09	2	29-30,39-40
2005-04-13	0	
2005-04-16	1	18-19
2005-04-20	0	
2005-04-23	0	
2005-04-27	1	5-6
2005-04-30	0	
2005-05-04	0	
2005-05-07	0	
2005-05-11	1	46-47
2005-05-14	1	37-38
2005-05-18	1	26-27
2005-05-21	1	40-41
2005-05-25	1	22-23
2005-05-28	2	6-7,28-29
2005-06-01	1	32-33
2005-06-04	0	
2005-06-08	0	
2005-06-11	1	29-30
2005-06-15	2	11-12,31-32
2005-06-18	2	26-27,27-28
2005-06-22	1	40-41
2005-06-25	1	20-21
2005-06-29	1	25-26
2005-07-02	1	40-41
2005-07-06	0	
2005-07-09	1	4-5
2005-07-13	0	
2005-07-16	1	30-31
2005-07-20	0	
2005-07-23	2	45-46,46-47
2005-07-27	1	15-16
2005-07-30	1	42-43
2005-08-03	0	
2005-08-06	1	23-24
2005-08-10	1	8-9
2005-08-13	2	25-26,34-35
2005-08-17	2	9-10,22-23
2005-08-20	2	1-2,17-18
2005-08-24	0	
2005-08-27	0	
2005-08-31	0	
2005-09-03	0	
2005-09-07	1	6-7
2005-09-10	0	
2005-09-14	0	
2005-09-17	2	16-17,28-29
2005-09-21	0	
2005-09-24	1	25-26
2005-09-28	0	
2005-10-01	0	
2005-10-05	0	
2005-10-08	1	5-6
2005-10-12	2	2-3,35-36
2005-10-15	0	
2005-10-19	1	23-24
2005-10-22	0	
2005-10-26	1	34-35
2005-10-29	1	30-31
2005-11-02	2	13-14,16-17
2005-11-05	1	46-47
2005-11-09	1	46-47
2005-11-12	0	
2005-11-16	1	16-17
2005-11-19	0	
2005-11-23	0	
2005-11-26	0	
2005-11-30	0	
2005-12-03	0	
2005-12-07	2	28-29,34-35
2005-12-10	0	
2005-12-14	2	39-40,40-41
2005-12-17	2	9-10,41-42
2005-12-21	0	
2005-12-24	0	
2005-12-28	1	40-41
2005-12-31	1	35-36
2006-01-04	2	11-12,12-13
2006-01-07	0	
2006-01-11	1	4-5
2006-01-14	0	
2006-01-18	2	12-13,13-14
2006-01-21	0	
2006-01-25	0	
2006-01-28	1	37-38
2006-02-01	1	22-23
2006-02-04	2	26-27,27-28
2006-02-08	1	5-6
2006-02-11	0	
2006-02-15	1	19-20
2006-02-18	2	4-5,5-6
2006-02-22	2	6-7,14-15
2006-02-25	2	9-10,17-18
2006-03-01	0	
2006-03-04	1	36-37
2006-03-08	0	
2006-03-11	0	
2006-03-15	1	9-10
2006-03-18	0	
2006-03-22	1	3-4
2006-03-25	0	
2006-03-29	1	16-17
2006-04-01	0	
2006-04-05	0	
2006-04-08	0	
2006-04-12	2	46-47,47-48
2006-04-15	1	4-5
2006-04-19	0	
2006-04-22	0	
2006-04-26	1	16-17
2006-04-29	1	37-38
2006-05-03	0	
2006-05-06	0	
2006-05-10	0	
2006-05-13	1	26-27
2006-05-17	0	
2006-05-20	0	
2006-05-24	0	
2006-05-27	1	29-30
2006-05-31	1	48-49
2006-06-03	0	
2006-06-07	0	
2006-06-10	1	19-20
2006-06-14	0	
2006-06-17	1	40-41
2006-06-21	1	18-19
2006-06-24	1	47-48
2006-06-28	1	41-42
2006-07-01	0	
2006-07-05	0	
2006-07-08	1	30-31
2006-07-12	1	34-35
2006-07-15	1	40-41
2006-07-19	1	46-47
2006-07-22	0	
2006-07-26	0	
2006-07-29	0	
2006-08-02	0	
2006-08-05	0	
2006-08-09	1	29-30
2006-08-12	0	
2006-08-16	0	
2006-08-19	1	4-5
2006-08-23	0	
2006-08-26	1	24-25
2006-08-30	1	21-22
2006-09-02	0	
2006-09-06	2	38-39,39-40
2006-09-09	1	42-43
2006-09-13	0	
2006-09-16	1	16-17
2006-09-20	0	
2006-09-23	0	
2006-09-27	0	
2006-09-30	0	
2006-10-04	0	
2006-10-07	1	30-31
2006-10-11	0	
2006-10-14	2	6-7,33-34
2006-10-18	1	36-37
2006-10-21	0	
2006-10-25	2	11-12,32-33
2006-10-28	1	48-49
2006-11-01	0	
2006-11-04	0	
2006-11-08	0	
2006-11-11	0	
2006-11-15	1	26-27
2006-11-18	1	1-2
2006-11-22	1	33-34
2006-11-25	2	33-34,41-42
2006-11-29	0	
2006-12-02	1	44-45
2006-12-06	1	2-3
2006-12-09	1	33-34
2006-12-13	1	5-6
2006-12-16	1	48-49
2006-12-20	0	
2006-12-23	0	
2006-12-27	0	
2006-12-30	0	
2007-01-03	1	35-36
2007-01-06	2	10-11,38-39
2007-01-10	1	36-37
2007-01-13	0	
2007-01-17	0	
2007-01-20	1	27-28
2007-01-24	2	10-11,33-34
2007-01-27	1	44-45
2007-01-31	0	
2007-02-03	0	
2007-02-07	1	6-7
2007-02-10	0	
2007-02-14	2	7-8,44-45
2007-02-17	0	
2007-02-21	1	13-14
2007-02-24	1	13-14
2007-02-28	1	13-14
2007-03-03	0	
2007-03-07	0	
2007-03-10	0	
2007-03-14	0	
2007-03-17	2	9-10,10-11
2007-03-21	1	2-3
2007-03-24	2	24-25,28-29
2007-03-28	1	26-27
2007-03-31	0	
2007-04-04	0	
2007-04-07	0	
2007-04-11	0	
2007-04-14	1	44-45
2007-04-18	0	
2007-04-21	0	
2007-04-25	1	42-43
2007-04-28	0	
2007-05-02	1	22-23
2007-05-05	0	
2007-05-09	1	46-47
2007-05-12	1	21-22
2007-05-16	0	
2007-05-19	0	
2007-05-23	2	9-10,19-20
2007-05-26	2	25-26,41-42
2007-05-30	0	
2007-06-02	0	
2007-06-06	1	44-45
2007-06-09	2	22-23,31-32
2007-06-13	0	
2007-06-16	0	
2007-06-20	1	11-12
2007-06-23	0	
2007-06-27	1	3-4
2007-06-30	1	1-2
2007-07-04	1	20-21
2007-07-07	0	
2007-07-11	1	46-47
2007-07-14	2	9-10,10-11
2007-07-18	0	
2007-07-21	0	
2007-07-25	0	
2007-07-28	0	
2007-08-01	0	
2007-08-04	0	
2007-08-08	0	
2007-08-11	0	
2007-08-15	1	27-28
2007-08-18	1	23-24
2007-08-22	1	38-39
2007-08-25	1	48-49
2007-08-29	0	
2007-09-01	0	
2007-09-05	1	30-31
2007-09-08	1	26-27
2007-09-12	0	
2007-09-15	1	27-28
2007-09-19	0	
2007-09-22	0	
2007-09-26	0	
2007-09-29	0	
2007-10-03	1	48-49
2007-10-06	1	25-26
2007-10-10	0	
2007-10-13	1	9-10
2007-10-17	1	42-43
2007-10-20	1	36-37
2007-10-24	1	14-15
2007-10-27	1	3-4
2007-10-31	0	
2007-11-03	0	
2007-11-07	0	
2007-11-10	0	
2007-11-14	1	47-48
2007-11-17	0	
2007-11-21	1	40-41
2007-11-24	1	13-14
2007-11-28	1	7-8
2007-12-01	0	
2007-12-05	1	9-10
2007-12-08	2	1-2,24-25
2007-12-12	0	
2007-12-15	0	
2007-12-19	0	
2007-12-22	2	9-10,33-34
2007-12-26	1	12-13
2007-12-29	0	
2008-01-02	0	
2008-01-05	1	9-10
2008-01-09	1	40-41
2008-01-12	2	3-4,10-11
2008-01-16	1	47-48
2008-01-19	2	22-23,30-31
2008-01-23	2	10-11,15-16
2008-01-26	0	
2008-01-30	1	6-7
2008-02-02	1	27-28
2008-02-06	1	25-26
2008-02-09	0	
2008-02-13	0	
2008-02-16	2	6-7,43-44
2008-02-20	1	22-23
2008-02-23	2	12-13,39-40
2008-02-27	0	
2008-03-01	2	4-5,19-20
2008-03-05	0	
2008-03-08	0	
2008-03-12	0	
2008-03-15	0	
2008-03-19	1	21-22
2008-03-22	1	42-43
2008-03-26	1	28-29
2008-03-29	0	
2008-04-02	0	
2008-04-05	0	
2008-04-09	0	
2008-04-12	2	22-23,41-42
2008-04-16	2	9-10,10-11
2008-04-19	1	23-24
2008-04-23	0	
2008-04-26	0	
2008-04-30	2	4-5,39-40
2008-05-03	1	29-30
2008-05-07	1	30-31
2008-05-10	2	11-12,23-24
2008-05-14	0	
2008-05-17	1	34-35
2008-05-21	0	
2008-05-24	0	
2008-05-28	1	31-32
2008-05-31	0	
2008-06-04	1	7-8
2008-06-07	1	19-20
2008-06-11	0	
2008-06-14	0	
2008-06-18	2	3-4,39-40
2008-06-21	0	
2008-06-25	0	
2008-06-28	0	
2008-07-02	1	22-23
2008-07-05	1	6-7
2008-07-09	1	11-12
2008-07-12	0	
2008-07-16	0	
2008-07-19	0	
2008-07-23	0	
2008-07-26	0	
2008-07-30	0	
2008-08-02	1	34-35
2008-08-06	1	28-29
2008-08-09	1	37-38
2008-08-13	0	
2008-08-16	0	
2008-08-20	1	15-16
2008-08-23	0	
2008-08-27	0	
2008-08-30	1	20-21
2008-09-03	1	7-8
2008-09-06	1	14-15
2008-09-10	1	23-24
2008-09-13	1	2-3
2008-09-17	2	7-8,35-36
2008-09-20	1	6-7
2008-09-24	0	
2008-09-27	2	27-28,28-29
2008-10-01	0	
2008-10-04	1	11-12
2008-10-08	0	
2008-10-11	0	
2008-10-15	1	34-35
2008-10-18	1	35-36
2008-10-22	1	17-18
2008-10-25	1	46-47
2008-10-29	0	
2008-11-01	3	25-26,26-27,27-28
2008-11-05	2	2-3,3-4
2008-11-08	0	
2008-11-12	0	
2008-11-15	0	
2008-11-19	0	
2008-11-22	2	11-12,41-42
2008-11-26	0	
2008-11-29	0	
2008-12-03	1	15-16
2008-12-06	1	23-24
2008-12-10	1	14-15
2008-12-13	1	44-45
2008-12-17	0	
2008-12-20	0	
2008-12-24	1	42-43
2008-12-27	0	
2008-12-31	1	29-30
2009-01-03	0	
2009-01-07	0	
2009-01-10	1	17-18
2009-01-14	0	
2009-01-17	0	
2009-01-21	1	7-8
2009-01-24	0	
2009-01-28	0	
2009-01-31	0	
2009-02-04	0	
2009-02-07	0	
2009-02-11	2	41-42,42-43
2009-02-14	1	28-29
2009-02-18	1	48-49
2009-02-21	0	
2009-02-25	0	
2009-02-28	2	20-21,21-22
2009-03-04	0	
2009-03-07	1	37-38
2009-03-11	1	47-48
2009-03-14	1	44-45
2009-03-18	0	
2009-03-21	0	
2009-03-25	1	31-32
2009-03-28	1	3-4
2009-04-01	1	32-33
2009-04-04	1	1-2
2009-04-08	1	28-29
2009-04-11	2	2-3,37-38
2009-04-15	0	
2009-04-18	0	
2009-04-22	1	31-32
2009-04-25	1	18-19
2009-04-29	2	14-15,40-41
2009-05-02	1	17-18
2009-05-06	2	1-2,44-45
2009-05-09	0	
2009-05-13	0	
2009-05-16	1	35-36
2009-05-20	1	27-28
2009-05-23	2	13-14,28-29
2009-05-27	0	
2009-05-30	2	17-18,35-36
2009-06-03	0	
2009-06-06	0	
2009-06-10	1	35-36
2009-06-13	0	
2009-06-17	1	42-43
2009-06-20	0	
2009-06-24	1	36-37
2009-06-27	1	37-38
2009-07-01	0	
2009-07-04	2	30-31,31-32
2009-07-08	1	4-5
2009-07-11	0	
2009-07-15	0	
2009-07-18	1	1-2
2009-07-22	0	
2009-07-25	1	23-24
2009-07-29	1	9-10
2009-08-01	0	
2009-08-05	0	
2009-08-08	0	
2009-08-12	0	
2009-08-15	0	
2009-08-19	1	43-44
2009-08-22	0	
2009-08-26	1	22-23
2009-08-29	2	23-24,35-36
2009-09-02	2	7-8,29-30
2009-09-05	2	24-25,25-26
2009-09-09	0	
2009-09-12	1	40-41
2009-09-16	1	31-32
2009-09-19	0	
2009-09-23	2	3-4,43-44
2009-09-26	1	8-9
2009-09-30	1	30-31
2009-10-03	0	
2009-10-07	0	
2009-10-10	1	15-16
2009-10-14	1	22-23
2009-10-17	2	43-44,44-45
2009-10-21	0	
2009-10-24	0	
2009-10-28	1	42-43
2009-10-31	1	21-22
2009-11-04	0	
2009-11-07	1	27-28
2009-11-11	1	10-11
2009-11-14	1	10-11
2009-11-18	0	
2009-11-21	0	
2009-11-25	1	43-44
2009-11-28	1	33-34
2009-12-02	2	30-31,31-32
2009-12-05	2	6-7,7-8
2009-12-09	0	
2009-12-12	0	
2009-12-16	1	18-19
2009-12-19	1	14-15
2009-12-23	0	
2009-12-26	0	
2009-12-30	0	
2010-01-02	2	30-31,31-32
2010-01-06	0	
2010-01-09	0	
2010-01-13	0	
2010-01-16	2	6-7,17-18
2010-01-20	1	46-47
2010-01-23	0	
2010-01-27	0	
2010-01-30	0	
2010-02-03	0	
2010-02-06	0	
2010-02-10	0	
2010-02-13	0	
2010-02-17	0	
2010-02-20	1	24-25
2010-02-24	0	
2010-02-27	0	
2010-03-03	0	
2010-03-06	1	38-39
2010-03-10	1	45-46
2010-03-13	1	23-24
2010-03-17	1	19-20
2010-03-20	2	20-21,21-22
2010-03-24	0	
2010-03-27	0	
2010-03-31	1	46-47
2010-04-03	1	12-13
2010-04-07	0	
2010-04-10	1	2-3
2010-04-14	0	
2010-04-17	2	10-11,16-17
2010-04-21	1	40-41
2010-04-24	1	45-46
2010-04-28	1	39-40
2010-05-01	1	19-20
2010-05-05	1	11-12
2010-05-08	1	39-40
2010-05-12	1	26-27
2010-05-15	2	10-11,35-36
2010-05-19	0	
2010-05-22	1	12-13
2010-05-26	0	
2010-05-29	1	46-47
2010-06-02	0	
2010-06-05	0	
2010-06-09	0	
2010-06-12	0	
2010-06-16	2	27-28,28-29
2010-06-19	3	13-14,21-22,41-42
2010-06-23	0	
2010-06-26	1	48-49
2010-06-30	1	13-14
2010-07-03	2	45-46,46-47
2010-07-07	0	
2010-07-10	1	2-3
2010-07-14	1	10-11
2010-07-17	0	
2010-07-21	0	
2010-07-24	0	
2010-07-28	1	33-34
2010-07-31	1	24-25
2010-08-04	1	30-31
2010-08-07	1	32-33
2010-08-11	1	6-7
2010-08-14	0	
2010-08-18	0	
2010-08-21	0	
2010-08-25	1	43-44
2010-08-28	0	
2010-09-01	0	
2010-09-04	0	
2010-09-08	2	11-12,12-13
2010-09-11	0	
2010-09-15	1	31-32
2010-09-18	1	29-30
2010-09-22	1	4-5
2010-09-25	1	1-2
2010-09-29	0	
2010-10-02	2	27-28,28-29
2010-10-06	1	2-3
2010-10-09	2	11-12,21-22
2010-10-13	1	32-33
2010-10-16	0	
2010-10-20	0	
2010-10-23	1	8-9
2010-10-27	1	12-13
2010-10-30	1	11-12
2010-11-03	0	
2010-11-06	2	17-18,33-34
2010-11-10	2	11-12,21-22
2010-11-13	0	
2010-11-17	0	
2010-11-20	2	32-33,33-34
2010-11-24	0	
2010-11-27	0	
2010-12-01	0	
2010-12-04	0	
2010-12-08	0	
2010-12-11	0	
2010-12-15	0	
2010-12-18	1	39-40
2010-12-22	1	35-36
2010-12-25	2	9-10,10-11
2010-12-29	1	14-15
2011-01-01	1	35-36
2011-01-05	0	
2011-01-08	2	26-27,32-33
2011-01-12	1	22-23
2011-01-15	1	12-13
2011-01-19	2	5-6,34-35
2011-01-22	0	
2011-01-26	1	22-23
2011-01-29	0	
2011-02-02	0	
2011-02-05	1	34-35
2011-02-09	1	13-14
2011-02-12	2	1-2,31-32
2011-02-16	0	
2011-02-19	0	
2011-02-23	1	39-40
2011-02-26	1	18-19
2011-03-02	0	
2011-03-05	0	
2011-03-09	1	13-14
2011-03-12	0	
2011-03-16	0	
2011-03-19	1	10-11
2011-03-23	0	
2011-03-26	1	19-20
2011-03-30	1	31-32
2011-04-02	0	
2011-04-06	0	
2011-04-09	0	
2011-04-13	0	
2011-04-16	1	3-4
2011-04-20	1	39-40
2011-04-23	0	
2011-04-27	1	32-33
2011-04-30	1	33-34
2011-05-04	0	
2011-05-07	0	
2011-05-11	1	28-29
2011-05-14	2	9-10,10-11
2011-05-18	0	
2011-05-21	0	
2011-05-25	1	26-27
2011-05-28	0	
2011-06-01	1	10-11
2011-06-04	1	37-38
2011-06-08	0	
2011-06-11	0	
2011-06-15	2	21-22,22-23
2011-06-18	1	24-25
2011-06-22	0	
2011-06-25	1	3-4
2011-06-29	0	
2011-07-02	0	
2011-07-06	0	
2011-07-09	0	
2011-07-13	1	25-26
2011-07-16	1	14-15
2011-07-20	0	
2011-07-23	0	
2011-07-27	1	11-12
2011-07-30	0	
2011-08-03	1	40-41
2011-08-06	0	
2011-08-10	1	22-23
2011-08-13	1	13-14
2011-08-17	0	
2011-08-20	1	31-32
2011-08-24	0	
2011-08-27	1	43-44
2011-08-31	0	
2011-09-03	0	
2011-09-07	1	27-28
2011-09-10	1	9-10
2011-09-14	1	4-5
2011-09-17	0	
2011-09-21	0	
2011-09-24	1	5-6
2011-09-28	0	
2011-10-01	0	
2011-10-05	1	1-2
2011-10-08	1	24-25
2011-10-12	0	
2011-10-15	0	
2011-10-19	0	
2011-10-22	3	6-7,7-8,34-35
2011-10-26	2	33-34,37-38
2011-10-29	1	23-24
2011-11-02	1	40-41
2011-11-05	0	
2011-11-09	1	27-28
2011-11-12	1	15-16
2011-11-16	0	
2011-11-19	0	
2011-11-23	1	38-39
2011-11-26	0	
2011-11-30	0	
2011-12-03	0	
2011-12-07	0	
2011-12-10	1	4-5
2011-12-14	1	36-37
2011-12-17	0	
2011-12-21	0	
2011-12-24	1	26-27
2011-12-28	3	18-19,19-20,20-21
2011-12-31	0	
2012-01-04	0	
2012-01-07	0	
2012-01-11	0	
2012-01-14	1	6-7
2012-01-18	2	6-7,32-33
2012-01-21	2	26-27,45-46
2012-01-25	0	
2012-01-28	0	
2012-02-01	1	6-7
2012-02-04	0	
2012-02-08	0	
2012-02-11	1	48-49
2012-02-15	2	35-36,40-41
2012-02-18	0	
2012-02-22	0	
2012-02-25	0	
2012-02-29	0	
2012-03-03	0	
2012-03-07	0	
2012-03-10	0	
2012-03-14	1	8-9
2012-03-17	1	42-43
2012-03-21	0	
2012-03-24	0	
2012-03-28	1	22-23
2012-03-31	2	25-26,26-27
2012-04-04	0	
2012-04-07	0	
2012-04-11	1	6-7
2012-04-14	0	
2012-04-18	2	33-34,34-35
2012-04-21	2	6-7,19-20
2012-04-25	0	
2012-04-28	0	
2012-05-02	1	14-15
2012-05-05	0	
2012-05-09	2	15-16,16-17
2012-05-12	1	30-31
2012-05-16	2	44-45,45-46
2012-05-19	1	42-43
2012-05-23	0	
2012-05-26	0	
2012-05-30	1	44-45
2012-06-02	0	
2012-06-06	0	
2012-06-09	0	
2012-06-13	1	32-33
2012-06-16	0	
2012-06-20	0	
2012-06-23	0	
2012-06-27	0	
2012-06-30	1	7-8
2012-07-04	0	
2012-07-07	1	29-30
2012-07-11	0	
2012-07-14	1	9-10
2012-07-18	1	20-21
2012-07-21	0	
2012-07-25	1	44-45
2012-07-28	0	
2012-08-01	1	43-44
2012-08-04	1	22-23
2012-08-08	1	12-13
2012-08-11	2	1-2,2-3
2012-08-15	1	14-15
2012-08-18	0	
2012-08-22	0	
2012-08-25	1	16-17
2012-08-29	0	
2012-09-01	1	6-7
2012-09-05	0	
2012-09-08	2	38-39,48-49
2012-09-12	0	
2012-09-15	1	8-9
2012-09-19	0	
2012-09-22	2	40-41,48-49
2012-09-26	0	
2012-09-29	0	
2012-10-03	1	48-49
2012-10-06	0	
2012-10-10	0	
2012-10-13	3	9-10,36-37,42-43
2012-10-17	1	46-47
2012-10-20	0	
2012-10-24	0	
2012-10-27	0	
2012-10-31	0	
2012-11-03	2	7-8,42-43
2012-11-07	1	46-47
2012-11-10	1	2-3
2012-11-14	0	
2012-11-17	0	
2012-11-21	1	9-10
2012-11-24	0	
2012-11-28	0	
2012-12-01	2	2-3,3-4
2012-12-05	1	23-24
2012-12-08	0	
2012-12-12	1	10-11
2012-12-15	1	30-31
2012-12-19	0	
2012-12-22	0	
2012-12-26	0	
2012-12-29	0	
2013-01-02	0	
2013-01-05	0	
2013-01-09	1	6-7
2013-01-12	1	10-11
2013-01-16	0	
2013-01-19	1	27-28
2013-01-23	1	3-4
2013-01-26	1	36-37
2013-01-30	2	4-5,26-27
2013-02-02	0	
2013-02-06	1	31-32
2013-02-09	0	
2013-02-13	1	14-15
2013-02-16	2	22-23,23-24
2013-02-20	1	5-6
2013-02-23	0	
2013-02-27	1	5-6
2013-03-02	0	
2013-03-06	1	14-15
2013-03-09	0	
2013-03-13	0	
2013-03-16	0	
2013-03-20	0	
2013-03-23	0	
2013-03-27	2	1-2,2-3
2013-03-30	1	30-31
2013-04-03	0	
2013-04-06	0	
2013-04-10	2	26-27,31-32
2013-04-13	0	
2013-04-17	1	37-38
2013-04-20	0	
2013-04-24	1	48-49
2013-04-27	1	10-11
2013-05-01	1	15-16
2013-05-04	1	21-22
2013-05-08	0	
2013-05-11	2	31-32,40-41
2013-05-15	0	
2013-05-18	1	1-2
2013-05-22	2	23-24,35-36
2013-05-25	0	
2013-05-29	1	40-41
2013-06-01	0	
2013-06-05	0	
2013-06-08	0	
2013-06-12	2	5-6,6-7
2013-06-15	0	
2013-06-19	1	18-19
2013-06-22	0	
2013-06-26	1	31-32
2013-06-29	1	43-44
2013-07-03	1	13-14
2013-07-06	0	
2013-07-10	0	
2013-07-13	1	28-29
2013-07-17	0	
2013-07-20	0	
2013-07-24	0	
2013-07-27	1	30-31
2013-07-31	1	38-39
2013-08-03	0	
2013-08-07	0	
2013-08-10	0	
2013-08-14	2	8-9,34-35
2013-08-17	0	
2013-08-21	0	
2013-08-24	1	29-30
2013-08-28	1	2-3
2013-08-31	0	
2013-09-04	0	
2013-09-07	0	
2013-09-11	0	
2013-09-14	2	21-22,22-23
2013-09-18	1	20-21
2013-09-21	0	
2013-09-25	0	
2013-09-28	1	31-32
2013-10-02	2	42-43,46-47
2013-10-05	0	
2013-10-09	0	
2013-10-12	0	
2013-10-16	0	
2013-10-19	0	
2013-10-23	0	
2013-10-26	1	24-25
2013-10-30	1	12-13
2013-11-02	0	
2013-11-06	2	12-13,35-36
2013-11-09	2	12-13,32-33
2013-11-13	1	15-16
2013-11-16	1	42-43
2013-11-20	0	
2013-11-23	0	
2013-11-27	0	
2013-11-30	0	
2013-12-04	1	41-42
2013-12-07	0	
2013-12-11	1	38-39
2013-12-14	1	5-6
2013-12-18	1	34-35
2013-12-21	1	4-5
2013-12-25	1	26-27
2013-12-28	1	9-10
2014-01-01	2	23-24,24-25
2014-01-04	0	
2014-01-08	1	44-45
2014-01-11	0	
2014-01-15	0	
2014-01-18	1	15-16
2014-01-22	0	
2014-01-25	1	36-37
2014-01-29	0	
2014-02-01	2	17-18,46-47
2014-02-05	1	16-17
2014-02-08	0	
2014-02-12	1	15-16
2014-02-15	1	7-8
2014-02-19	0	
2014-02-22	1	25-26
2014-02-26	1	8-9
2014-03-01	0	
2014-03-05	1	33-34
2014-03-08	0	
2014-03-12	0	
2014-03-15	0	
2014-03-19	0	
2014-03-22	1	29-30
2014-03-26	0	
2014-03-29	1	7-8
2014-04-02	0	
2014-04-05	0	
2014-04-09	0	
2014-04-12	1	48-49
2014-04-16	0	
2014-04-19	3	3-4,46-47,47-48
2014-04-23	2	12-13,22-23
2014-04-26	1	34-35
2014-04-30	0	
2014-05-03	2	34-35,40-41
2014-05-07	0	
2014-05-10	1	20-21
2014-05-14	0	
2014-05-17	0	
2014-05-21	1	5-6
2014-05-24	0	
2014-05-28	0	
2014-05-31	0	
2014-06-04	2	20-21,27-28
2014-06-07	0	
2014-06-11	1	43-44
2014-06-14	1	11-12
2014-06-18	0	
2014-06-21	0	
2014-06-25	1	6-7
2014-06-28	0	
2014-07-02	0	
2014-07-05	0	
2014-07-09	2	3-4,25-26
2014-07-12	0	
2014-07-16	0	
2014-07-19	1	5-6
2014-07-23	0	
2014-07-26	0	
2014-07-30	4	9-10,10-11,11-12,12-13
2014-08-02	1	40-41
2014-08-06	2	5-6,6-7
2014-08-09	0	
2014-08-13	0	
2014-08-16	0	
2014-08-20	0	
2014-08-23	1	9-10
2014-08-27	2	14-15,15-16
2014-08-30	0	
2014-09-03	2	18-19,39-40
2014-09-06	2	17-18,32-33
2014-09-10	1	23-24
2014-09-13	0	
2014-09-17	1	43-44
2014-09-20	0	
2014-09-24	2	34-35,35-36
2014-09-27	0	
2014-10-01	0	
2014-10-04	0	
2014-10-08	0	
2014-10-11	0	
2014-10-15	1	26-27
2014-10-18	1	29-30
2014-10-22	0	
2014-10-25	2	22-23,30-31
2014-10-29	0	
2014-11-01	0	
2014-11-05	0	
2014-11-08	1	8-9
2014-11-12	0	
2014-11-15	1	13-14
2014-11-19	1	4-5
2014-11-22	1	5-6
2014-11-26	1	32-33
2014-11-29	0	
2014-12-03	0	
2014-12-06	0	
2014-12-10	1	29-30
2014-12-13	0	
2014-12-17	1	16-17
2014-12-20	1	3-4
2014-12-24	0	
2014-12-27	2	43-44,44-45
2014-12-31	0	
2015-01-03	2	36-37,37-38
2015-01-07	2	41-42,42-43
2015-01-10	1	19-20
2015-01-14	1	38-39
2015-01-17	1	46-47
2015-01-21	1	11-12
2015-01-24	0	
2015-01-28	0	
2015-01-31	2	45-46,46-47
2015-02-04	1	21-22
2015-02-07	2	12-13,13-14
2015-02-11	3	25-26,26-27,27-28
2015-02-14	1	41-42
2015-02-18	0	
2015-02-21	1	41-42
2015-02-25	0	
2015-02-28	0	
2015-03-04	0	
2015-03-07	1	6-7
2015-03-11	0	
2015-03-14	0	
2015-03-18	0	
2015-03-21	2	3-4,4-5
2015-03-25	0	
2015-03-28	2	6-7,26-27
2015-04-01	0	
2015-04-04	0	
2015-04-08	0	
2015-04-11	1	46-47
2015-04-15	0	
2015-04-18	0	
2015-04-22	2	21-22,34-35
2015-04-25	0	
2015-04-29	0	
2015-05-02	1	6-7
2015-05-06	0	
2015-05-09	1	13-14
2015-05-13	0	
2015-05-16	2	14-15,15-16
2015-05-20	0	
2015-05-23	1	27-28
2015-05-27	1	11-12
2015-05-30	1	2-3
2015-06-03	1	23-24
2015-06-06	1	15-16
2015-06-10	0	
2015-06-13	1	4-5
2015-06-17	0	
2015-06-20	0	
2015-06-24	0	
2015-06-27	1	28-29
2015-07-01	2	10-11,41-42
2015-07-04	1	17-18
2015-07-08	2	12-13,38-39
2015-07-11	1	19-20
2015-07-15	0	
2015-07-18	2	17-18,30-31
2015-07-22	2	18-19,19-20
2015-07-25	1	46-47
2015-07-29	0	
2015-08-01	0	
2015-08-05	1	38-39
2015-08-08	0	
2015-08-12	0	
2015-08-15	0	
2015-08-19	0	
2015-08-22	3	2-3,44-45,45-46
2015-08-26	0	
2015-08-29	0	
2015-09-02	1	2-3
2015-09-05	1	12-13
2015-09-09	0	
2015-09-12	0	
2015-09-16	1	4-5
2015-09-19	0	
2015-09-23	0	
2015-09-26	2	15-16,33-34
2015-09-30	1	1-2
2015-10-03	3	31-32,32-33,40-41
2015-10-07	1	11-12
2015-10-10	1	37-38
2015-10-14	1	28-29
2015-10-17	1	9-10
2015-10-21	1	17-18
2015-10-24	0	
2015-10-28	0	
2015-10-31	0	
2015-11-04	0	
2015-11-07	0	
2015-11-11	1	14-15
2015-11-14	0	
2015-11-18	1	48-49
2015-11-21	0	
2015-11-25	0	
2015-11-28	0	
2015-12-02	0	
2015-12-05	0	
2015-12-09	0	
2015-12-12	0	
2015-12-16	0	
2015-12-19	0	
2015-12-23	0	
2015-12-26	1	40-41
2015-12-30	1	26-27
2016-01-02	0	
2016-01-06	0	
2016-01-09	0	
2016-01-13	1	18-19
2016-01-16	0	
2016-01-20	1	14-15
2016-01-23	2	25-26,26-27
2016-01-27	0	
2016-01-30	1	33-34
2016-02-03	1	18-19
2016-02-06	0	
2016-02-10	0	
2016-02-13	0	
2016-02-17	1	38-39
2016-02-20	2	29-30,30-31
2016-02-24	1	47-48
2016-02-27	0	
2016-03-02	1	16-17
2016-03-05	0	
2016-03-09	0	
2016-03-12	0	
2016-03-16	0	
2016-03-19	0	
2016-03-23	1	9-10
2016-03-26	1	40-41
2016-03-30	0	
2016-04-02	0	
2016-04-06	0	
2016-04-09	2	38-39,46-47
2016-04-13	1	35-36
2016-04-16	1	14-15
2016-04-20	0	
2016-04-23	2	15-16,16-17
2016-04-27	0	
2016-04-30	0	
2016-05-04	0	
2016-05-07	0	
2016-05-11	1	19-20
2016-05-14	0	
2016-05-18	0	
2016-05-21	2	46-47,47-48
2016-05-25	1	9-10
2016-05-28	0	
2016-06-01	0	
2016-06-04	1	5-6
2016-06-08	0	
2016-06-11	0	
2016-06-15	2	12-13,48-49
2016-06-18	0	
2016-06-22	1	40-41
2016-06-25	1	10-11
2016-06-29	1	4-5
2016-07-02	0	
2016-07-06	1	37-38
2016-07-09	0	
2016-07-13	0	
2016-07-16	0	
2016-07-20	0	
2016-07-23	1	47-48
2016-07-27	3	5-6,6-7,17-18
2016-07-30	0	
2016-08-03	1	42-43
2016-08-06	1	25-26
2016-08-10	1	11-12
2016-08-13	0	
2016-08-17	0	
2016-08-20	1	30-31
2016-08-24	0	
2016-08-27	1	32-33
2016-08-31	1	40-41
2016-09-03	0	
2016-09-07	1	18-19
2016-09-10	0	
2016-09-14	1	2-3
2016-09-17	2	34-35,46-47
2016-09-21	0	
2016-09-24	0	
2016-09-28	0	
2016-10-01	1	25-26
2016-10-05	1	5-6
2016-10-08	1	32-33
2016-10-12	0	
2016-10-15	0	
2016-10-19	2	32-33,42-43
2016-10-22	0	
2016-10-26	2	43-44,44-45
2016-10-29	1	7-8
2016-11-02	0	
2016-11-05	1	42-43
2016-11-09	0	
2016-11-12	1	19-20
2016-11-16	2	19-20,38-39
2016-11-19	2	1-2,38-39
2016-11-23	1	27-28
2016-11-26	1	41-42
2016-11-30	0	
2016-12-03	1	47-48
2016-12-07	0	
2016-12-10	0	
2016-12-14	3	33-34,42-43,43-44
2016-12-17	2	28-29,34-35
2016-12-21	1	38-39
2016-12-24	0	
2016-12-28	2	3-4,29-30
2016-12-31	0	
2017-01-04	0	
2017-01-07	1	45-46
2017-01-11	0	
2017-01-14	2	3-4,27-28
2017-01-18	2	10-11,39-40
2017-01-21	0	
2017-01-25	1	1-2
2017-01-28	1	41-42
2017-02-01	0	
2017-02-04	0	
2017-02-08	0	
2017-02-11	1	45-46
2017-02-15	0	
2017-02-18	1	24-25
2017-02-22	0	
2017-02-25	1	3-4
2017-03-01	2	29-30,30-31
2017-03-04	1	22-23
2017-03-08	0	
2017-03-11	0	
2017-03-15	2	15-16,25-26
2017-03-18	0	
2017-03-22	1	21-22
2017-03-25	1	25-26
2017-03-29	1	24-25
2017-04-01	1	8-9
2017-04-05	1	6-7
2017-04-08	1	39-40
2017-04-12	1	10-11
2017-04-15	0	
2017-04-19	0	
2017-04-22	1	11-12
2017-04-26	0	
2017-04-29	2	3-4,36-37
2017-05-03	1	4-5
2017-05-06	2	30-31,31-32
2017-05-10	1	38-39
2017-05-13	1	47-48
2017-05-17	1	1-2
2017-05-20	0	
2017-05-24	1	25-26
2017-05-27	2	23-24,24-25
2017-05-31	0	
2017-06-03	1	31-32
2017-06-07	1	17-18
2017-06-10	0	
2017-06-14	2	29-30,32-33
2017-06-17	0	
2017-06-21	1	6-7
2017-06-24	0	
2017-06-28	1	41-42
2017-07-01	1	2-3
2017-07-05	2	33-34,39-40
2017-07-08	1	2-3
2017-07-12	0	
2017-07-15	2	31-32,32-33
2017-07-19	0	
2017-07-22	0	
2017-07-26	1	26-27
2017-07-29	1	29-30
2017-08-02	2	21-22,22-23
2017-08-05	1	18-19
2017-08-09	0	
2017-08-12	0	
2017-08-16	0	
2017-08-19	0	
2017-08-23	0	
2017-08-26	0	
2017-08-30	0	
2017-09-02	1	33-34
2017-09-06	0	
2017-09-09	0	
2017-09-13	2	16-17,17-18
2017-09-16	1	26-27
2017-09-20	0	
2017-09-23	0	
2017-09-27	0	
2017-09-30	1	18-19
2017-10-04	2	15-16,16-17
2017-10-07	1	20-21
2017-10-11	1	20-21
2017-10-14	1	9-10
2017-10-18	1	10-11
2017-10-21	0	
2017-10-25	0	
2017-10-28	0	
2017-11-01	0	
2017-11-04	1	46-47
2017-11-08	1	37-38
2017-11-11	0	
2017-11-15	1	45-46
2017-11-18	0	
2017-11-22	1	28-29
2017-11-25	0	
2017-11-29	0	
2017-12-02	2	12-13,17-18
2017-12-06	1	18-19
2017-12-09	0	
2017-12-13	1	2-3
2017-12-16	1	5-6
2017-12-20	1	38-39
2017-12-23	2	31-32,38-39
2017-12-27	1	45-46
2017-12-30	1	11-12
2018-01-03	1	34-35
2018-01-06	1	46-47
2018-01-10	1	24-25
2018-01-13	1	5-6
2018-01-17	0	
2018-01-20	0	
2018-01-24	0	
2018-01-27	0	
2018-01-31	0	
2018-02-03	0	
2018-02-07	0	
2018-02-10	0	
2018-02-14	2	22-23,23-24
2018-02-17	1	26-27
2018-02-21	0	
2018-02-24	0	
2018-02-28	0	
2018-03-03	0	
2018-03-07	0	
2018-03-10	1	34-35
2018-03-14	0	
2018-03-17	0	
2018-03-21	0	
2018-03-24	0	
2018-03-28	0	
2018-03-31	0	
2018-04-04	0	
2018-04-07	0	
2018-04-11	0	
2018-04-14	1	33-34
2018-04-18	0	
2018-04-21	0	
2018-04-25	1	10-11
2018-04-28	1	47-48
2018-05-02	0	
2018-05-05	0	
2018-05-09	0	
2018-05-12	0	
2018-05-16	1	12-13
2018-05-19	1	3-4
2018-05-23	0	
2018-05-26	1	47-48
2018-05-30	0	
2018-06-02	1	30-31
2018-06-06	0	
2018-06-09	1	34-35
2018-06-13	1	3-4
2018-06-16	0	
2018-06-20	0	
2018-06-23	1	48-49
2018-06-27	1	45-46
2018-06-30	1	37-38
2018-07-04	0	
2018-07-07	0	
2018-07-11	0	
2018-07-14	3	40-41,47-48,48-49
2018-07-18	0	
2018-07-21	1	6-7
2018-07-25	3	8-9,39-40,40-41
2018-07-28	2	34-35,35-36
2018-08-01	1	45-46
2018-08-04	2	29-30,30-31
2018-08-08	0	
2018-08-11	1	46-47
2018-08-15	0	
2018-08-18	0	
2018-08-22	2	6-7,15-16
2018-08-25	1	15-16
2018-08-29	1	21-22
2018-09-01	1	38-39
2018-09-05	0	
2018-09-08	1	29-30
2018-09-12	1	31-32
2018-09-15	1	26-27
2018-09-19	0	
2018-09-22	1	41-42
2018-09-26	0	
2018-09-29	1	4-5
2018-10-03	1	29-30
2018-10-06	1	26-27
2018-10-10	0	
2018-10-13	0	
2018-10-17	1	35-36
2018-10-20	0	
2018-10-24	0	
2018-10-27	0	
2018-10-31	0	
2018-11-03	0	
2018-11-07	1	41-42
2018-11-10	2	13-14,40-41
2018-11-14	0	
2018-11-17	1	39-40
2018-11-21	1	29-30
2018-11-24	1	14-15
2018-11-28	1	48-49
2018-12-01	0	
2018-12-05	2	47-48,48-49
2018-12-08	1	25-26
2018-12-12	1	33-34
2018-12-15	1	30-31
2018-12-19	0	
2018-12-22	2	20-21,43-44
2018-12-26	0	
2018-12-29	0	
2019-01-02	0	
2019-01-05	0	
2019-01-09	1	7-8
2019-01-12	0	
2019-01-16	2	5-6,12-13
2019-01-19	0	
2019-01-23	1	6-7
2019-01-26	0	
2019-01-30	1	22-23
2019-02-02	1	29-30
2019-02-06	1	21-22
2019-02-09	0	
2019-02-13	1	42-43
2019-02-16	2	9-10,10-11
2019-02-20	1	11-12
2019-02-23	0	
2019-02-27	1	19-20
2019-03-02	2	41-42,48-49
2019-03-06	0	
2019-03-09	0	
2019-03-13	2	19-20,33-34
2019-03-16	0	
2019-03-20	0	
2019-03-23	0	
2019-03-27	0	
2019-03-30	1	28-29
2019-04-03	0	
2019-04-06	1	41-42
2019-04-10	1	21-22
2019-04-13	0	
2019-04-17	0	
2019-04-20	0	
2019-04-24	0	
2019-04-27	2	13-14,47-48
2019-05-01	0	
2019-05-04	0	
2019-05-08	1	15-16
2019-05-11	0	
2019-05-15	1	35-36
2019-05-18	0	
2019-05-22	1	40-41
2019-05-25	0	
2019-05-29	0	
2019-06-01	1	29-30
2019-06-05	1	2-3
2019-06-08	1	44-45
2019-06-12	1	41-42
2019-06-15	0	
2019-06-19	0	
2019-06-22	2	10-11,11-12
2019-06-26	0	
2019-06-29	0	
2019-07-03	0	
2019-07-06	1	45-46
2019-07-10	0	
2019-07-13	1	29-30
2019-07-17	1	47-48
2019-07-20	1	35-36
2019-07-24	1	39-40
2019-07-27	1	16-17
2019-07-31	1	22-23
2019-08-03	1	2-3
2019-08-07	1	46-47
2019-08-10	0	
2019-08-14	0	
2019-08-17	0	
2019-08-21	2	44-45,45-46
2019-08-24	0	
2019-08-28	0	
2019-08-31	1	2-3
2019-09-04	2	27-28,28-29
2019-09-07	2	28-29,35-36
2019-09-11	0	
2019-09-14	0	
2019-09-18	0	
2019-09-21	0	
2019-09-25	0	
2019-09-28	1	43-44
2019-10-02	0	
2019-10-05	0	
2019-10-09	0	
2019-10-12	1	44-45
2019-10-16	0	
2019-10-19	1	38-39
2019-10-23	0	
2019-10-26	1	1-2
2019-10-30	1	22-23
2019-11-02	0	
2019-11-06	1	45-46
2019-11-09	0	
2019-11-13	1	17-18
2019-11-16	0	
2019-11-20	0	
2019-11-23	0	
2019-11-27	1	40-41
2019-11-30	1	42-43
2019-12-04	2	12-13,45-46
2019-12-07	1	19-20
2019-12-11	0	
2019-12-14	0	
2019-12-18	1	19-20
2019-12-21	1	13-14
2019-12-25	0	
2019-12-28	2	18-19,23-24
2020-01-01	0	
2020-01-04	0	
2020-01-08	1	2-3
2020-01-11	0	
2020-01-15	0	
2020-01-18	0	
2020-01-22	0	
2020-01-25	0	
2020-01-29	1	48-49
2020-02-01	1	7-8
2020-02-05	0	
2020-02-08	0	
2020-02-12	0	
2020-02-15	0	
2020-02-19	0	
2020-02-22	1	31-32
2020-02-26	0	
2020-02-29	2	8-9,9-10
2020-03-04	1	46-47
2020-03-07	0	
2020-03-11	1	23-24
2020-03-14	0	
2020-03-18	0	
2020-03-21	0	
2020-03-25	0	
2020-03-28	0	
2020-04-01	0	
2020-04-04	0	
2020-04-08	0	
2020-04-11	0	
2020-04-15	0	
2020-04-18	0	
2020-04-22	0	
2020-04-25	0	
2020-04-29	0	
2020-05-02	1	10-11
2020-05-06	0	
2020-05-09	1	22-23
2020-05-13	1	20-21
2020-05-16	1	47-48
2020-05-20	0	
2020-05-23	0	
2020-05-27	0	
2020-05-30	1	42-43
2020-06-03	0	
2020-06-06	0	
2020-06-10	0	
2020-06-13	0	
2020-06-17	0	
2020-06-20	1	1-2
2020-06-24	0	
2020-06-27	0	
2020-07-01	1	38-39
2020-07-04	0	
2020-07-08	0	
2020-07-11	0	
2020-07-15	1	13-14
2020-07-18	0	
2020-07-22	1	24-25
2020-07-25	0	
2020-08-01	1	38-39
2020-08-05	0	
2020-08-08	0	
2020-08-14	2	20-21,34-35
2020-08-19	0	
2020-08-22	1	1-2
2020-08-26	1	39-40
2020-08-29	1	19-20
2020-09-02	0	
2020-09-05	0	
2020-09-09	0	
2020-09-12	1	40-41
2020-09-16	1	43-44
2020-09-19	0	
2020-09-23	2	25-26,32-33
2020-09-26	0	
2020-09-30	1	20-21
2020-10-03	0	
2020-10-07	1	37-38
2020-10-10	0	
2020-10-14	2	25-26,26-27
2020-10-17	0	
2020-10-21	0	
2020-10-24	0	
2020-10-28	0	
2020-10-31	0	
2020-11-04	0	
2020-11-07	1	32-33
2020-11-11	2	10-11,37-38
2020-11-14	0	
2020-11-18	0	
2020-11-21	1	13-14
2020-11-25	3	10-11,16-17,17-18
2020-11-28	1	27-28
2020-12-02	2	1-2,43-44
2020-12-05	0	
2020-12-09	0	
2020-12-12	2	1-2,2-3
2020-12-19	1	47-48
2020-12-26	1	12-13
2021-01-09	1	19-20
2021-01-16	0	
2021-01-23	1	12-13
2021-01-30	0	
2021-02-06	0	
2021-02-13	1	14-15
2021-02-20	0	
2021-02-27	0	
2021-03-06	0	
2021-03-13	1	47-48
2021-03-20	2	15-16,16-17
2021-03-27	1	12-13
2021-04-03	0	
2021-04-10	0	
2021-04-17	1	25-26
2021-04-24	1	24-25
2021-05-01	1	42-43
2021-05-08	1	22-23
2021-05-15	1	25-26
2021-05-22	0	
2021-05-29	3	9-10,44-45,45-46
2021-06-05	0	
2021-06-12	0	
2021-06-19	1	35-36
2021-06-26	0	
2021-07-03	1	9-10
2021-07-10	0	
2021-07-17	0	
2021-07-24	1	22-23
2021-07-31	0	
2021-08-07	1	18-19
2021-08-14	0	
2021-08-21	1	15-16
2021-08-28	1	24-25
2021-09-04	0	
2021-09-11	1	33-34
2021-09-18	0	
2021-09-25	1	19-20
2021-10-02	0	
2021-10-09	0	
2021-10-16	1	20-21
2021-10-23	0	
2021-10-30	0	
2021-11-06	0	
2021-11-13	1	3-4
2021-11-20	0	
2021-11-27	2	14-15,36-37
2021-12-04	0	
2021-12-11	0	
2021-12-15	1	4-5
2021-12-18	0	
2021-12-25	2	14-15,41-42
2021-12-29	0	
2022-01-01	3	13-14,14-15,15-16
2022-01-05	1	6-7
2022-01-08	0	
2022-01-12	1	32-33
2022-01-15	2	42-43,48-49
2022-01-19	1	48-49
2022-01-22	0	
2022-01-26	0	
2022-01-29	1	2-3
2022-02-02	1	27-28
2022-02-05	0	
2022-02-09	2	25-26,32-33
2022-02-12	0	
2022-02-16	1	29-30
2022-02-19	1	2-3
2022-02-23	0	
2022-02-26	0	
2022-03-02	0	
2022-03-05	1	25-26
2022-03-09	1	18-19
2022-03-12	1	35-36
2022-03-16	0	
2022-03-19	0	
2022-03-23	0	
2022-03-26	1	45-46
2022-03-30	1	12-13
2022-04-02	1	37-38
2022-04-06	0	
2022-04-09	0	
2022-04-13	0	
2022-04-16	1	7-8
2022-04-20	1	19-20
2022-04-23	0	
2022-04-27	0	
2022-04-30	0	
2022-05-04	1	3-4
2022-05-07	1	34-35
2022-05-11	2	24-25,27-28
2022-05-14	0	
2022-05-18	0	
2022-05-21	1	3-4
2022-05-25	0	
2022-05-28	0	
2022-06-01	0	
2022-06-04	1	33-34
2022-06-08	1	33-34
2022-06-11	0	
2022-06-15	1	29-30
2022-06-18	1	45-46
2022-06-22	0	
2022-06-25	0	
2022-06-29	1	21-22
2022-07-02	2	7-8,8-9
2022-07-06	1	47-48
2022-07-09	1	40-41
2022-07-13	2	10-11,29-30
2022-07-16	1	22-23
2022-07-20	2	2-3,42-43
2022-07-23	1	6-7
2022-07-27	1	28-29
2022-07-30	1	33-34
2022-08-03	0	
2022-08-06	0	
2022-08-10	1	26-27
2022-08-13	1	6-7
2022-08-17	0	
2022-08-20	0	
2022-08-24	0	
2022-08-27	0	
2022-08-31	0	
2022-09-03	0	
2022-09-07	1	40-41
2022-09-10	2	1-2,12-13
2022-09-14	0	
2022-09-17	1	2-3
2022-09-21	1	7-8
2022-09-24	1	12-13
2022-09-28	1	12-13
2022-10-01	0	
2022-10-05	2	9-10,37-38
2022-10-08	1	7-8
2022-10-12	1	48-49
2022-10-15	0	
2022-10-19	0	
2022-10-22	0	
2022-10-26	1	23-24
2022-10-29	0	
2022-11-02	2	15-16,16-17
2022-11-05	0	
2022-11-09	0	
2022-11-12	0	
2022-11-16	0	
2022-11-19	1	20-21
2022-11-23	0	
2022-11-26	1	31-32
2022-11-30	2	1-2,42-43
2022-12-03	1	41-42
2022-12-07	0	
2022-12-10	0	
2022-12-14	0	
2022-12-17	1	44-45
2022-12-21	0	
2022-12-24	1	28-29
2022-12-28	0	
2022-12-31	0	
2023-01-04	0	
2023-01-07	1	10-11
2023-01-11	1	24-25
2023-01-14	1	42-43
2023-01-18	0	
2023-01-21	2	43-44,44-45
2023-01-25	1	11-12
2023-01-28	0	
2023-02-01	0	
2023-02-04	2	33-34,34-35
2023-02-08	0	
2023-02-11	1	11-12
2023-02-15	0	
2023-02-18	0	
2023-02-22	0	
2023-02-25	0	
2023-03-01	0	
2023-03-04	1	7-8
2023-03-08	1	25-26
2023-03-11	1	22-23
2023-03-15	0	
2023-03-18	0	
2023-03-22	0	
2023-03-25	2	15-16,35-36
2023-03-29	0	
2023-04-01	1	27-28
2023-04-05	0	
2023-04-08	0	
2023-04-12	1	33-34
2023-04-15	1	33-34
2023-04-19	0	
2023-04-22	0	
2023-04-26	0	
2023-04-29	2	13-14,23-24
2023-05-03	2	14-15,15-16
2023-05-06	1	18-19
2023-05-10	0	
2023-05-13	0	
2023-05-17	0	
2023-05-20	2	5-6,33-34
2023-05-24	1	6-7
2023-05-27	0	
2023-05-31	0	
2023-06-03	0	
2023-06-07	0	
2023-06-10	0	
2023-06-14	0	
2023-06-17	0	
2023-06-21	0	
2023-06-24	1	42-43
2023-06-28	0	
2023-07-01	0	
2023-07-05	0	
2023-07-08	0	
2023-07-12	0	
2023-07-15	0	
2023-07-19	2	32-33,33-34
2023-07-22	1	40-41
2023-07-26	0	
2023-07-29	0	
2023-08-02	1	29-30
2023-08-05	1	22-23
2023-08-09	0	
2023-08-12	1	19-20
2023-08-16	1	4-5
2023-08-19	1	36-37
2023-08-23	1	9-10
2023-08-26	1	36-37
2023-08-30	1	42-43
2023-09-02	1	27-28
2023-09-06	0	
2023-09-09	0	
2023-09-13	2	14-15,27-28
2023-09-16	0	
2023-09-20	0	
2023-09-23	2	11-12,32-33
2023-09-27	1	40-41
2023-09-30	0	
2023-10-04	1	18-19
2023-10-07	1	22-23
2023-10-11	1	30-31
2023-10-14	0	
2023-10-18	1	15-16
2023-10-21	1	9-10
2023-10-25	0	
2023-10-28	0	
2023-11-01	0	
2023-11-04	0	
2023-11-08	0	
2023-11-11	1	25-26
2023-11-15	1	13-14
2023-11-18	1	27-28
2023-11-22	1	3-4
2023-11-25	0	
2023-11-29	0	
2023-12-02	1	35-36
2023-12-06	1	42-43
2023-12-09	0	
2023-12-13	1	10-11
2023-12-16	0	
2023-12-20	1	17-18
2023-12-23	0	
2023-12-27	0	
2023-12-30	1	47-48
2024-01-03	0	
2024-01-06	0	
2024-01-10	0	
2024-01-13	1	26-27
2024-01-17	0	
2024-01-20	0	
2024-01-24	1	9-10
2024-01-27	0	
2024-01-31	1	28-29
2024-02-03	1	23-24
2024-02-07	0	
2024-02-10	0	
2024-02-14	1	34-35
2024-02-17	0	
2024-02-21	1	7-8
2024-02-24	0	
2024-02-28	0	
2024-03-02	0	
2024-03-06	0	
2024-03-09	0	
2024-03-13	1	10-11
2024-03-16	0	
2024-03-20	0	
2024-03-23	0	
2024-03-27	0	
2024-03-30	0	
2024-04-03	2	2-3,35-36
2024-04-06	0	
2024-04-10	1	7-8
2024-04-13	1	32-33
2024-04-17	0	
2024-04-20	0	
2024-04-24	1	12-13
2024-04-27	1	45-46
2024-05-01	1	36-37
2024-05-04	1	9-10
2024-05-08	1	30-31
2024-05-11	1	29-30
2024-05-15	1	9-10
2024-05-18	1	1-2
2024-05-22	2	8-9,9-10
2024-05-25	0	
2024-05-29	1	11-12
2024-06-01	2	8-9,9-10
2024-06-05	1	10-11
2024-06-08	0	
2024-06-12	2	9-10,10-11
2024-06-15	1	30-31
2024-06-19	0	
2024-06-22	1	8-9
2024-06-26	1	35-36
2024-06-29	1	15-16
2024-07-03	1	33-34
2024-07-06	0	
2024-07-10	0	
2024-07-13	1	9-10
2024-07-17	1	8-9
2024-07-20	1	29-30
2024-07-24	2	4-5,38-39
2024-07-27	0	
2024-07-31	0	
2024-08-03	0	
2024-08-07	1	15-16
2024-08-10	1	19-20
2024-08-14	1	8-9
2024-08-17	1	45-46
2024-08-21	0	
2024-08-24	0	
2024-08-28	0	
2024-08-31	0	
2024-09-04	0	
2024-09-07	0	
2024-09-11	0	
2024-09-14	0	
2024-09-18	1	43-44
2024-09-21	0	
2024-09-25	1	27-28
2024-09-28	1	16-17
2024-10-02	1	4-5
2024-10-05	0	
2024-10-09	0	
2024-10-12	1	14-15
2024-10-16	2	4-5,47-48
2024-10-19	0	
2024-10-23	0	
2024-10-26	0	
2024-10-30	0	
2024-11-02	1	8-9
2024-11-06	0	
2024-11-09	1	39-40
2024-11-13	0	
2024-11-16	2	14-15,39-40
2024-11-20	1	25-26
2024-11-23	0	
2024-11-27	0	
2024-11-30	1	37-38
2024-12-04	0	
2024-12-07	0	
2024-12-11	2	14-15,34-35
2024-12-14	0	
2024-12-18	0	
2024-12-21	0	
2024-12-25	0	
2024-12-28	0	
2025-01-01	0	
2025-01-04	0	
2025-01-08	1	27-28
2025-01-11	1	26-27
2025-01-15	0	
2025-01-18	0	
2025-01-22	2	34-35,40-41
2025-01-25	2	10-11,48-49
2025-01-29	0	
2025-02-01	1	8-9
2025-02-05	1	14-15
2025-02-08	0	
2025-02-12	0	
2025-02-15	0	
2025-02-19	0	
2025-02-22	0	
2025-02-26	0	
2025-03-01	1	25-26
2025-03-05	1	45-46
2025-03-08	2	25-26,26-27
2025-03-12	1	37-38
2025-03-15	1	35-36
2025-03-19	1	29-30
2025-03-22	0	
2025-03-26	0	
2025-03-29	1	46-47
2025-04-02	1	19-20
2025-04-05	1	40-41
2025-04-09	0	
2025-04-12	1	14-15
2025-04-16	0	
2025-04-19	0	
2025-04-23	0	
2025-04-26	0	
2025-04-30	1	18-19
2025-05-03	0	
2025-05-07	0	
2025-05-10	0	
2025-05-14	0	
2025-05-17	0	
2025-05-21	2	3-4,20-21
2025-05-24	2	10-11,11-12
2025-05-28	1	19-20
2025-05-31	2	13-14,20-21
2025-06-04	0	
2025-06-07	0	
2025-06-11	0	
2025-06-14	0	
2025-06-18	1	20-21
2025-06-21	0	
2025-06-25	1	45-46
2025-06-28	1	10-11
2025-07-02	2	39-40,44-45
2025-07-05	0	
2025-07-09	1	47-48
2025-07-12	0	
2025-07-16	1	43-44
2025-07-19	1	35-36
2025-07-23	1	26-27
2025-07-26	1	6-7
2025-07-30	0	
2025-08-02	0	
2025-08-06	0	
2025-08-09	0	
2025-08-13	0	
2025-08-16	1	35-36
2025-08-20	1	38-39
2025-08-23	0	
2025-08-27	0	
2025-08-30	0	
2025-09-03	1	7-8
2025-09-06	1	44-45
2025-09-10	1	21-22
2025-09-13	0	
2025-09-17	2	20-21,21-22
2025-09-20	1	43-44
2025-09-24	0	
2025-09-27	0	
2025-10-01	0	
2025-10-04	1	11-12
2025-10-08	1	6-7
2025-10-11	1	22-23
2025-10-15	3	4-5,5-6,6-7
2025-10-18	0	
2025-10-22	0	
2025-10-25	1	16-17
2025-10-29	0	
2025-11-01	1	28-29
2025-11-05	0	
2025-11-08	0	
2025-11-12	0	
2025-11-15	1	12-13
2025-11-19	0	
2025-11-22	1	32-33
2025-11-26	1	28-29
2025-11-29	0	
2025-12-03	0	
2025-12-06	1	26-27
2025-12-10	2	11-12,12-13
2025-12-13	0	
2025-12-17	1	25-26
2025-12-20	1	32-33
2025-12-24	1	7-8
2025-12-27	1	27-28
2025-12-31	0	
