# Sum of the 6 main numbers per draw (theoretical range: 21-279, typical: ~100-200)
date	sum
1955-10-09	108
1955-10-16	144
1955-10-23	143
1955-10-30	150
1955-11-06	174
1955-11-13	156
1955-11-20	111
1955-11-27	186
1955-12-04	150
1955-12-11	134
1955-12-18	165
1955-12-25	167
1956-01-01	173
1956-01-08	169
1956-01-15	123
1956-01-22	154
1956-01-29	132
1956-02-05	194
1956-02-12	128
1956-02-19	169
1956-02-26	198
1956-03-04	134
1956-03-11	111
1956-03-18	150
1956-03-25	135
1956-04-02	139
1956-04-08	147
1956-04-15	136
1956-04-22	142
1956-04-29	179
1956-05-06	178
1956-05-13	183
1956-05-21	150
1956-05-27	190
1956-06-03	166
1956-06-10	149
1956-06-17	174
1956-06-24	160
1956-07-01	143
1956-07-08	203
1956-07-15	153
1956-07-22	127
1956-07-29	121
1956-08-05	174
1956-08-12	129
1956-08-19	132
1956-08-26	120
1956-09-02	208
1956-09-09	181
1956-09-16	112
1956-09-23	94
1956-09-30	145
1956-10-07	157
1956-10-14	132
1956-10-21	150
1956-10-28	186
1956-11-04	152
1956-11-11	169
1956-11-18	174
1956-11-25	136
1956-12-02	129
1956-12-09	112
1956-12-16	141
1956-12-23	160
1957-01-06	146
1957-01-13	91
1957-01-20	108
1957-01-27	133
1957-02-03	164
1957-02-10	143
1957-02-17	133
1957-02-24	127
1957-03-03	139
1957-03-10	143
1957-03-17	152
1957-03-24	178
1957-03-31	194
1957-04-07	153
1957-04-14	150
1957-04-22	201
1957-04-28	174
1957-05-05	127
1957-05-12	148
1957-05-19	167
1957-05-26	148
1957-06-02	119
1957-06-10	130
1957-06-16	181
1957-06-23	78
1957-06-30	188
1957-07-07	84
1957-07-14	217
1957-07-21	115
1957-07-28	116
1957-08-04	164
1957-08-11	176
1957-08-18	154
1957-08-25	201
1957-09-01	127
1957-09-08	158
1957-09-15	154
1957-09-22	119
1957-09-29	144
1957-10-06	108
1957-10-13	164
1957-10-20	166
1957-10-27	78
1957-11-03	180
1957-11-10	181
1957-11-17	157
1957-11-24	92
1957-12-01	155
1957-12-08	196
1957-12-15	124
1957-12-22	117
1957-12-29	222
1958-01-05	132
1958-01-12	146
1958-01-19	125
1958-01-26	108
1958-02-02	209
1958-02-09	220
1958-02-16	162
1958-02-23	79
1958-03-02	140
1958-03-09	131
1958-03-16	86
1958-03-23	156
1958-03-30	198
1958-04-07	205
1958-04-13	143
1958-04-20	131
1958-04-27	124
1958-05-04	174
1958-05-11	140
1958-05-18	189
1958-05-25	121
1958-06-01	186
1958-06-08	177
1958-06-15	178
1958-06-22	166
1958-06-29	105
1958-07-06	183
1958-07-13	160
1958-07-20	159
1958-07-27	230
1958-08-03	160
1958-08-10	141
1958-08-17	116
1958-08-24	205
1958-08-31	162
1958-09-07	207
1958-09-14	123
1958-09-21	87
1958-09-28	178
1958-10-05	126
1958-10-12	119
1958-10-19	198
1958-10-26	160
1958-11-02	153
1958-11-09	139
1958-11-16	171
1958-11-23	137
1958-11-30	187
1958-12-07	90
1958-12-14	138
1958-12-21	132
1958-12-28	179
1959-01-04	163
1959-01-11	188
1959-01-18	136
1959-01-25	192
1959-02-01	132
1959-02-08	103
1959-02-15	112
1959-02-22	192
1959-03-01	157
1959-03-08	113
1959-03-15	189
1959-03-22	176
1959-03-29	140
1959-04-05	136
1959-04-12	192
1959-04-19	136
1959-04-26	99
1959-05-03	154
1959-05-10	184
1959-05-17	171
1959-05-24	98
1959-05-31	165
1959-06-07	151
1959-06-14	167
1959-06-21	162
1959-06-28	147
1959-07-05	158
1959-07-12	189
1959-07-19	136
1959-07-26	195
1959-08-02	174
1959-08-09	150
1959-08-16	112
1959-08-23	148
1959-08-30	145
1959-09-06	93
1959-09-13	108
1959-09-20	207
1959-09-27	118
1959-10-04	117
1959-10-11	132
1959-10-18	155
1959-10-25	137
1959-11-01	154
1959-11-08	189
1959-11-15	134
1959-11-22	170
1959-11-29	109
1959-12-06	110
1959-12-13	159
1959-12-20	176
1959-12-27	176
1960-01-03	221
1960-01-10	187
1960-01-17	142
1960-01-24	237
1960-01-31	193
1960-02-07	163
1960-02-14	143
1960-02-21	123
1960-02-28	76
1960-03-06	159
1960-03-13	209
1960-03-20	242
1960-03-27	124
1960-04-03	143
1960-04-10	154
1960-04-18	187
1960-04-24	161
1960-05-01	167
1960-05-08	146
1960-05-15	166
1960-05-22	124
1960-05-29	156
1960-06-06	219
1960-06-12	141
1960-06-19	169
1960-06-26	146
1960-07-03	148
1960-07-10	153
1960-07-17	162
1960-07-24	135
1960-07-31	151
1960-08-07	200
1960-08-14	118
1960-08-21	101
1960-08-28	171
1960-09-04	199
1960-09-11	209
1960-09-18	143
1960-09-25	131
1960-10-02	85
1960-10-09	169
1960-10-16	133
1960-10-23	137
1960-10-30	204
1960-11-06	83
1960-11-13	157
1960-11-20	157
1960-11-27	155
1960-12-04	65
1960-12-11	151
1960-12-18	152
1960-12-26	193
1961-01-01	152
1961-01-08	150
1961-01-15	135
1961-01-22	159
1961-01-29	163
1961-02-05	154
1961-02-12	174
1961-02-19	162
1961-02-26	134
1961-03-05	73
1961-03-12	120
1961-03-19	197
1961-03-26	89
1961-04-03	158
1961-04-09	118
1961-04-16	149
1961-04-23	156
1961-04-30	137
1961-05-07	143
1961-05-14	116
1961-05-22	148
1961-05-28	215
1961-06-04	106
1961-06-11	147
1961-06-18	138
1961-06-25	170
1961-07-02	151
1961-07-09	114
1961-07-16	144
1961-07-23	136
1961-07-30	186
1961-08-06	155
1961-08-13	141
1961-08-20	180
1961-08-27	138
1961-09-03	114
1961-09-10	89
1961-09-17	144
1961-09-24	69
1961-10-01	139
1961-10-08	152
1961-10-15	113
1961-10-22	236
1961-10-29	150
1961-11-05	138
1961-11-12	150
1961-11-19	141
1961-11-26	139
1961-12-03	100
1961-12-10	153
1961-12-17	145
1961-12-26	167
1961-12-31	89
1962-01-07	137
1962-01-14	115
1962-01-21	170
1962-01-28	200
1962-02-04	152
1962-02-11	146
1962-02-18	187
1962-02-25	155
1962-03-04	156
1962-03-11	165
1962-03-18	86
1962-03-25	203
1962-04-01	143
1962-04-08	107
1962-04-15	194
1962-04-23	188
1962-04-29	224
1962-05-06	161
1962-05-13	138
1962-05-20	153
1962-05-27	103
1962-06-03	145
1962-06-11	158
1962-06-17	124
1962-06-24	127
1962-07-01	142
1962-07-08	124
1962-07-15	178
1962-07-22	109
1962-07-29	137
1962-08-05	205
1962-08-12	138
1962-08-19	159
1962-08-26	165
1962-09-02	133
1962-09-09	143
1962-09-16	138
1962-09-23	196
1962-09-30	126
1962-10-07	176
1962-10-14	82
1962-10-21	128
1962-10-28	171
1962-11-04	149
1962-11-11	134
1962-11-18	113
1962-11-25	209
1962-12-02	151
1962-12-09	196
1962-12-16	150
1962-12-23	207
1962-12-30	121
1963-01-06	99
1963-01-13	145
1963-01-20	158
1963-01-27	186
1963-02-03	143
1963-02-10	115
1963-02-17	219
1963-02-24	142
1963-03-03	142
1963-03-10	168
1963-03-17	168
1963-03-24	195
1963-03-31	110
1963-04-07	114
1963-04-15	165
1963-04-21	166
1963-04-28	235
1963-05-05	116
1963-05-12	121
1963-05-19	85
1963-05-26	218
1963-06-03	169
1963-06-09	153
1963-06-16	142
1963-06-23	192
1963-06-30	154
1963-07-07	168
1963-07-14	153
1963-07-21	125
1963-07-28	154
1963-08-04	187
1963-08-11	109
1963-08-18	144
1963-08-25	122
1963-09-01	175
1963-09-08	205
1963-09-15	172
1963-09-22	139
1963-09-29	128
1963-10-06	126
1963-10-13	181
1963-10-20	107
1963-10-27	114
1963-11-03	150
1963-11-10	130
1963-11-17	168
1963-11-24	140
1963-12-01	170
1963-12-08	143
1963-12-15	103
1963-12-22	117
1963-12-29	101
1964-01-05	213
1964-01-12	138
1964-01-19	195
1964-01-26	147
1964-02-02	109
1964-02-09	121
1964-02-16	164
1964-02-23	144
1964-03-01	157
1964-03-08	151
1964-03-15	142
1964-03-22	97
1964-03-30	189
1964-04-05	148
1964-04-12	175
1964-04-19	171
1964-04-26	210
1964-05-03	157
1964-05-10	156
1964-05-18	172
1964-05-24	138
1964-05-31	176
1964-06-07	132
1964-06-14	163
1964-06-21	198
1964-06-28	112
1964-07-05	129
1964-07-12	186
1964-07-19	160
1964-07-26	235
1964-08-02	218
1964-08-09	174
1964-08-16	170
1964-08-23	162
1964-08-30	163
1964-09-06	237
1964-09-13	82
1964-09-20	195
1964-09-27	169
1964-10-04	181
1964-10-11	185
1964-10-18	135
1964-10-25	135
1964-11-01	143
1964-11-08	140
1964-11-15	130
1964-11-22	154
1964-11-29	136
1964-12-06	115
1964-12-13	170
1964-12-20	179
1964-12-27	171
1965-01-03	144
1965-01-10	84
1965-01-17	125
1965-01-24	170
1965-01-31	173
1965-02-07	127
1965-02-14	175
1965-02-21	174
1965-02-28	133
1965-03-07	172
1965-03-14	152
1965-03-21	198
1965-03-28	145
1965-04-04	156
1965-04-11	101
1965-04-19	106
1965-04-25	136
1965-05-02	192
1965-05-09	186
1965-05-16	169
1965-05-23	167
1965-05-30	108
1965-06-07	121
1965-06-13	130
1965-06-20	121
1965-06-27	198
1965-07-04	102
1965-07-11	162
1965-07-18	140
1965-07-25	142
1965-08-01	154
1965-08-08	196
1965-08-15	125
1965-08-22	89
1965-08-29	156
1965-09-04	196
1965-09-11	146
1965-09-18	199
1965-09-25	136
1965-10-02	135
1965-10-09	139
1965-10-16	139
1965-10-23	156
1965-10-30	153
1965-11-06	135
1965-11-13	188
1965-11-20	172
1965-11-27	166
1965-12-04	121
1965-12-11	188
1965-12-18	164
1965-12-25	170
1966-01-01	166
1966-01-08	127
1966-01-15	170
1966-01-22	183
1966-01-29	160
1966-02-05	95
1966-02-12	215
1966-02-19	158
1966-02-26	171
1966-03-05	130
1966-03-12	211
1966-03-19	163
1966-03-26	168
1966-04-02	134
1966-04-09	174
1966-04-16	125
1966-04-23	204
1966-04-30	180
1966-05-07	102
1966-05-14	141
1966-05-21	181
1966-05-28	198
1966-06-04	159
1966-06-11	64
1966-06-18	134
1966-06-25	147
1966-07-02	200
1966-07-09	179
1966-07-16	205
1966-07-23	133
1966-07-30	136
1966-08-06	158
1966-08-13	151
1966-08-20	175
1966-08-27	148
1966-09-03	157
1966-09-10	175
1966-09-17	173
1966-09-24	136
1966-10-01	129
1966-10-08	174
1966-10-15	171
1966-10-22	123
1966-10-29	226
1966-11-05	185
1966-11-12	139
1966-11-19	149
1966-11-26	174
1966-12-03	96
1966-12-10	170
1966-12-17	197
1966-12-25	113
1967-01-01	179
1967-01-07	118
1967-01-14	89
1967-01-21	142
1967-01-28	126
1967-02-04	128
1967-02-11	171
1967-02-18	148
1967-02-25	142
1967-03-04	210
1967-03-11	150
1967-03-18	121
1967-03-25	173
1967-04-01	172
1967-04-08	135
1967-04-15	171
1967-04-22	130
1967-04-29	162
1967-05-06	143
1967-05-13	194
1967-05-20	149
1967-05-27	203
1967-06-03	122
1967-06-10	206
1967-06-17	198
1967-06-24	119
1967-07-01	143
1967-07-08	152
1967-07-15	135
1967-07-22	115
1967-07-29	148
1967-08-05	149
1967-08-12	105
1967-08-19	84
1967-08-26	182
1967-09-02	184
1967-09-09	141
1967-09-16	104
1967-09-23	172
1967-09-30	179
1967-10-07	137
1967-10-14	199
1967-10-21	107
1967-10-28	144
1967-11-04	126
1967-11-11	183
1967-11-18	142
1967-11-25	125
1967-12-02	156
1967-12-09	142
1967-12-16	128
1967-12-23	147
1967-12-30	166
1968-01-06	142
1968-01-13	173
1968-01-20	133
1968-01-27	127
1968-02-03	122
1968-02-10	166
1968-02-17	187
1968-02-24	128
1968-03-02	92
1968-03-09	160
1968-03-16	144
1968-03-23	118
1968-03-30	182
1968-04-06	217
1968-04-13	150
1968-04-20	163
1968-04-27	183
1968-05-04	106
1968-05-11	124
1968-05-18	157
1968-05-25	170
1968-06-01	233
1968-06-08	135
1968-06-15	188
1968-06-22	162
1968-06-29	230
1968-07-06	196
1968-07-13	127
1968-07-20	211
1968-07-27	118
1968-08-03	145
1968-08-10	166
1968-08-17	174
1968-08-24	145
1968-08-31	143
1968-09-07	158
1968-09-14	202
1968-09-21	113
1968-09-28	187
1968-10-05	114
1968-10-12	215
1968-10-19	147
1968-10-26	152
1968-11-02	84
1968-11-09	162
1968-11-16	130
1968-11-23	119
1968-11-30	226
1968-12-07	156
1968-12-14	166
1968-12-21	120
1968-12-28	116
1969-01-04	144
1969-01-11	149
1969-01-18	177
1969-01-25	151
1969-02-01	91
1969-02-08	164
1969-02-15	140
1969-02-22	195
1969-03-01	177
1969-03-08	197
1969-03-15	119
1969-03-22	187
1969-03-29	159
1969-04-05	181
1969-04-12	192
1969-04-19	137
1969-04-26	193
1969-05-03	164
1969-05-10	191
1969-05-17	147
1969-05-24	120
1969-05-31	202
1969-06-07	161
1969-06-14	143
1969-06-21	171
1969-06-28	138
1969-07-05	180
1969-07-12	119
1969-07-19	181
1969-07-26	201
1969-08-02	170
1969-08-09	140
1969-08-16	150
1969-08-23	148
1969-08-30	124
1969-09-06	171
1969-09-13	168
1969-09-20	119
1969-09-27	219
1969-10-04	116
1969-10-11	78
1969-10-18	147
1969-10-25	92
1969-11-01	134
1969-11-08	113
1969-11-15	135
1969-11-22	228
1969-11-29	129
1969-12-06	189
1969-12-13	176
1969-12-20	139
1969-12-27	137
1970-01-03	168
1970-01-10	164
1970-01-17	177
1970-01-24	140
1970-01-31	170
1970-02-07	169
1970-02-14	139
1970-02-21	132
1970-02-28	187
1970-03-07	160
1970-03-14	79
1970-03-21	158
1970-03-28	125
1970-04-04	156
1970-04-11	148
1970-04-18	111
1970-04-25	116
1970-05-02	160
1970-05-09	140
1970-05-16	123
1970-05-23	186
1970-05-30	205
1970-06-06	174
1970-06-13	107
1970-06-20	190
1970-06-27	105
1970-07-04	141
1970-07-11	207
1970-07-18	192
1970-07-25	141
1970-08-01	135
1970-08-08	130
1970-08-15	109
1970-08-22	186
1970-08-29	136
1970-09-05	164
1970-09-12	159
1970-09-19	181
1970-09-26	149
1970-10-03	176
1970-10-10	158
1970-10-17	169
1970-10-24	159
1970-10-31	109
1970-11-07	182
1970-11-14	143
1970-11-21	120
1970-11-28	161
1970-12-05	161
1970-12-12	134
1970-12-19	134
1970-12-26	80
1971-01-02	199
1971-01-09	184
1971-01-16	160
1971-01-23	110
1971-01-30	53
1971-02-06	166
1971-02-13	223
1971-02-20	198
1971-02-27	196
1971-03-06	187
1971-03-13	127
1971-03-20	134
1971-03-27	140
1971-04-03	168
1971-04-10	169
1971-04-17	195
1971-04-24	114
1971-05-01	124
1971-05-08	147
1971-05-15	167
1971-05-22	143
1971-05-29	194
1971-06-05	112
1971-06-12	147
1971-06-19	107
1971-06-26	169
1971-07-03	156
1971-07-10	173
1971-07-17	127
1971-07-24	251
1971-07-31	151
1971-08-07	124
1971-08-14	129
1971-08-21	151
1971-08-28	176
1971-09-04	120
1971-09-11	78
1971-09-18	189
1971-09-25	139
1971-10-02	119
1971-10-09	106
1971-10-16	146
1971-10-23	147
1971-10-30	157
1971-11-06	180
1971-11-13	206
1971-11-20	158
1971-11-27	178
1971-12-04	158
1971-12-11	234
1971-12-18	181
1971-12-25	142
1972-01-01	134
1972-01-08	128
1972-01-15	170
1972-01-22	164
1972-01-29	194
1972-02-05	135
1972-02-12	162
1972-02-19	161
1972-02-26	136
1972-03-04	180
1972-03-11	114
1972-03-18	113
1972-03-25	174
1972-04-01	144
1972-04-08	126
1972-04-15	163
1972-04-22	181
1972-04-29	147
1972-05-06	143
1972-05-13	163
1972-05-20	176
1972-05-27	130
1972-06-03	104
1972-06-10	125
1972-06-17	143
1972-06-24	185
1972-07-01	78
1972-07-08	63
1972-07-15	176
1972-07-22	177
1972-07-29	114
1972-08-05	205
1972-08-12	167
1972-08-19	110
1972-08-26	205
1972-09-02	200
1972-09-09	209
1972-09-16	200
1972-09-23	85
1972-09-30	146
1972-10-07	192
1972-10-14	108
1972-10-21	161
1972-10-28	171
1972-11-04	134
1972-11-11	125
1972-11-18	206
1972-11-25	180
1972-12-02	104
1972-12-09	141
1972-12-16	217
1972-12-23	162
1972-12-30	144
1973-01-06	142
1973-01-13	108
1973-01-20	117
1973-01-27	95
1973-02-03	154
1973-02-10	128
1973-02-17	144
1973-02-24	185
1973-03-03	118
1973-03-10	205
1973-03-17	106
1973-03-24	131
1973-03-31	164
1973-04-07	181
1973-04-14	174
1973-04-21	175
1973-04-28	143
1973-05-05	146
1973-05-12	118
1973-05-19	154
1973-05-26	179
1973-06-02	152
1973-06-09	132
1973-06-16	129
1973-06-23	153
1973-06-30	146
1973-07-07	101
1973-07-14	134
1973-07-21	172
1973-07-28	167
1973-08-04	164
1973-08-11	154
1973-08-18	204
1973-08-25	121
1973-09-01	147
1973-09-08	144
1973-09-15	213
1973-09-22	113
1973-09-29	191
1973-10-06	163
1973-10-13	181
1973-10-20	144
1973-10-27	138
1973-11-03	154
1973-11-10	152
1973-11-17	148
1973-11-24	171
1973-12-01	168
1973-12-08	145
1973-12-15	175
1973-12-22	137
1973-12-29	124
1974-01-05	153
1974-01-12	163
1974-01-19	154
1974-01-26	138
1974-02-02	140
1974-02-09	123
1974-02-16	135
1974-02-23	94
1974-03-02	101
1974-03-09	199
1974-03-16	117
1974-03-23	137
1974-03-30	139
1974-04-06	148
1974-04-13	175
1974-04-20	228
1974-04-27	191
1974-05-04	125
1974-05-11	155
1974-05-18	225
1974-05-25	161
1974-06-01	193
1974-06-08	147
1974-06-15	106
1974-06-22	145
1974-06-29	200
1974-07-06	105
1974-07-13	117
1974-07-20	130
1974-07-27	165
1974-08-03	125
1974-08-10	94
1974-08-17	209
1974-08-24	167
1974-08-31	147
1974-09-07	98
1974-09-14	135
1974-09-21	172
1974-09-28	98
1974-10-05	171
1974-10-12	107
1974-10-19	135
1974-10-26	199
1974-11-02	172
1974-11-09	182
1974-11-16	216
1974-11-23	182
1974-11-30	150
1974-12-07	154
1974-12-14	164
1974-12-21	125
1974-12-28	146
1975-01-04	181
1975-01-11	174
1975-01-18	109
1975-01-25	152
1975-02-01	180
1975-02-08	173
1975-02-15	173
1975-02-22	110
1975-03-01	153
1975-03-08	143
1975-03-15	143
1975-03-22	158
1975-03-29	91
1975-04-05	97
1975-04-12	161
1975-04-19	134
1975-04-26	157
1975-05-03	159
1975-05-10	140
1975-05-17	138
1975-05-24	155
1975-05-31	183
1975-06-07	184
1975-06-14	143
1975-06-21	174
1975-06-28	81
1975-07-05	134
1975-07-12	138
1975-07-19	141
1975-07-26	194
1975-08-02	197
1975-08-09	169
1975-08-16	145
1975-08-23	143
1975-08-30	156
1975-09-06	154
1975-09-13	121
1975-09-20	136
1975-09-27	163
1975-10-04	160
1975-10-11	113
1975-10-18	203
1975-10-25	166
1975-11-01	145
1975-11-08	145
1975-11-15	152
1975-11-22	111
1975-11-29	130
1975-12-06	87
1975-12-13	217
1975-12-20	139
1975-12-27	166
1976-01-03	147
1976-01-10	146
1976-01-17	182
1976-01-24	165
1976-01-31	166
1976-02-07	130
1976-02-14	97
1976-02-21	124
1976-02-28	202
1976-03-06	134
1976-03-13	138
1976-03-20	142
1976-03-27	180
1976-04-03	117
1976-04-10	109
1976-04-17	163
1976-04-24	155
1976-05-01	210
1976-05-08	143
1976-05-15	161
1976-05-22	172
1976-05-29	142
1976-06-05	151
1976-06-12	140
1976-06-19	154
1976-06-26	130
1976-07-03	128
1976-07-10	103
1976-07-17	136
1976-07-24	144
1976-07-31	214
1976-08-07	150
1976-08-14	119
1976-08-21	120
1976-08-28	99
1976-09-04	116
1976-09-11	138
1976-09-18	116
1976-09-25	182
1976-10-02	190
1976-10-09	132
1976-10-16	140
1976-10-23	153
1976-10-30	153
1976-11-06	83
1976-11-13	108
1976-11-20	160
1976-11-27	152
1976-12-04	158
1976-12-11	122
1976-12-18	179
1976-12-25	178
1977-01-01	178
1977-01-08	116
1977-01-15	207
1977-01-22	90
1977-01-29	94
1977-02-05	123
1977-02-12	171
1977-02-19	86
1977-02-26	186
1977-03-05	181
1977-03-12	122
1977-03-19	157
1977-03-26	136
1977-04-02	124
1977-04-09	194
1977-04-16	186
1977-04-23	173
1977-04-30	97
1977-05-07	117
1977-05-14	185
1977-05-21	105
1977-05-28	179
1977-06-04	186
1977-06-11	147
1977-06-18	133
1977-06-25	177
1977-07-02	157
1977-07-09	119
1977-07-16	218
1977-07-23	144
1977-07-30	168
1977-08-06	160
1977-08-13	124
1977-08-20	144
1977-08-27	90
1977-09-03	141
1977-09-10	183
1977-09-17	165
1977-09-24	96
1977-10-01	181
1977-10-08	158
1977-10-15	204
1977-10-22	86
1977-10-29	185
1977-11-05	157
1977-11-12	178
1977-11-19	201
1977-11-26	197
1977-12-03	150
1977-12-10	167
1977-12-17	122
1977-12-24	154
1977-12-31	124
1978-01-07	183
1978-01-14	149
1978-01-21	135
1978-01-28	148
1978-02-04	150
1978-02-11	128
1978-02-18	151
1978-02-25	131
1978-03-04	183
1978-03-11	115
1978-03-18	133
1978-03-25	120
1978-04-01	186
1978-04-08	108
1978-04-15	198
1978-04-22	168
1978-04-29	144
1978-05-06	88
1978-05-13	182
1978-05-20	208
1978-05-27	138
1978-06-03	177
1978-06-10	158
1978-06-17	156
1978-06-24	185
1978-07-01	184
1978-07-08	113
1978-07-15	64
1978-07-22	244
1978-07-29	159
1978-08-05	147
1978-08-12	120
1978-08-19	141
1978-08-26	167
1978-09-02	206
1978-09-09	105
1978-09-16	139
1978-09-23	101
1978-09-30	135
1978-10-07	185
1978-10-14	144
1978-10-21	94
1978-10-28	151
1978-11-04	202
1978-11-11	147
1978-11-18	151
1978-11-25	162
1978-12-02	133
1978-12-09	201
1978-12-16	156
1978-12-23	158
1978-12-30	163
1979-01-06	178
1979-01-13	95
1979-01-20	113
1979-01-27	150
1979-02-03	156
1979-02-10	102
1979-02-17	141
1979-02-24	153
1979-03-03	160
1979-03-10	211
1979-03-17	196
1979-03-24	111
1979-03-31	106
1979-04-07	135
1979-04-14	131
1979-04-21	151
1979-04-28	175
1979-05-05	176
1979-05-12	129
1979-05-19	201
1979-05-26	170
1979-06-02	202
1979-06-09	182
1979-06-16	137
1979-06-23	172
1979-06-30	212
1979-07-07	157
1979-07-14	114
1979-07-21	241
1979-07-28	185
1979-08-04	167
1979-08-11	94
1979-08-18	240
1979-08-25	181
1979-09-01	141
1979-09-08	101
1979-09-15	105
1979-09-22	155
1979-09-29	134
1979-10-06	116
1979-10-13	165
1979-10-20	166
1979-10-27	107
1979-11-03	147
1979-11-10	151
1979-11-17	118
1979-11-24	78
1979-12-01	157
1979-12-08	122
1979-12-15	162
1979-12-22	133
1979-12-29	133
1980-01-05	104
1980-01-12	180
1980-01-19	122
1980-01-26	166
1980-02-02	178
1980-02-09	143
1980-02-16	141
1980-02-23	153
1980-03-01	192
1980-03-08	193
1980-03-15	132
1980-03-22	134
1980-03-29	187
1980-04-05	174
1980-04-12	91
1980-04-19	114
1980-04-26	159
1980-05-03	130
1980-05-10	167
1980-05-17	134
1980-05-24	102
1980-05-31	128
1980-06-07	175
1980-06-14	212
1980-06-21	173
1980-06-28	99
1980-07-05	127
1980-07-12	87
1980-07-19	179
1980-07-26	191
1980-08-02	172
1980-08-09	187
1980-08-16	159
1980-08-23	145
1980-08-30	119
1980-09-06	185
1980-09-13	154
1980-09-20	118
1980-09-27	182
1980-10-04	164
1980-10-11	183
1980-10-18	145
1980-10-25	104
1980-11-01	147
1980-11-08	122
1980-11-15	116
1980-11-22	158
1980-11-29	146
1980-12-06	191
1980-12-13	159
1980-12-20	122
1980-12-27	125
1981-01-03	130
1981-01-10	194
1981-01-17	198
1981-01-24	153
1981-01-31	168
1981-02-07	176
1981-02-14	171
1981-02-21	193
1981-02-28	113
1981-03-07	150
1981-03-14	125
1981-03-21	93
1981-03-28	145
1981-04-04	116
1981-04-11	152
1981-04-18	208
1981-04-25	159
1981-05-02	184
1981-05-09	117
1981-05-16	151
1981-05-23	223
1981-05-30	162
1981-06-06	150
1981-06-13	98
1981-06-20	153
1981-06-27	164
1981-07-04	160
1981-07-11	138
1981-07-18	148
1981-07-25	170
1981-08-01	102
1981-08-08	121
1981-08-15	152
1981-08-22	187
1981-08-29	146
1981-09-05	208
1981-09-12	115
1981-09-19	143
1981-09-26	168
1981-10-03	154
1981-10-10	163
1981-10-17	128
1981-10-24	180
1981-10-31	122
1981-11-07	96
1981-11-14	144
1981-11-21	182
1981-11-28	99
1981-12-05	205
1981-12-12	188
1981-12-19	144
1981-12-26	109
1982-01-02	133
1982-01-09	199
1982-01-16	155
1982-01-23	157
1982-01-30	136
1982-02-06	150
1982-02-13	158
1982-02-20	129
1982-02-27	168
1982-03-06	181
1982-03-13	162
1982-03-20	155
1982-03-27	217
1982-04-03	191
1982-04-10	153
1982-04-17	153
1982-04-24	154
1982-05-01	114
1982-05-08	131
1982-05-15	140
1982-05-22	138
1982-05-29	85
1982-06-05	80
1982-06-12	106
1982-06-19	90
1982-06-26	101
1982-07-03	113
1982-07-10	123
1982-07-17	196
1982-07-24	146
1982-07-31	158
1982-08-07	190
1982-08-14	116
1982-08-21	152
1982-08-28	127
1982-09-04	138
1982-09-11	114
1982-09-18	140
1982-09-25	186
1982-10-02	145
1982-10-09	172
1982-10-16	161
1982-10-23	142
1982-10-30	150
1982-11-06	148
1982-11-13	144
1982-11-20	156
1982-11-27	135
1982-12-04	188
1982-12-11	159
1982-12-18	159
1982-12-25	133
1983-01-01	111
1983-01-08	116
1983-01-15	143
1983-01-22	110
1983-01-29	155
1983-02-05	193
1983-02-12	132
1983-02-19	131
1983-02-26	163
1983-03-05	167
1983-03-12	152
1983-03-19	195
1983-03-26	114
1983-04-02	141
1983-04-09	189
1983-04-16	119
1983-04-23	151
1983-04-30	177
1983-05-07	167
1983-05-14	167
1983-05-21	113
1983-05-28	139
1983-06-04	142
1983-06-11	194
1983-06-18	151
1983-06-25	153
1983-07-02	109
1983-07-09	167
1983-07-16	219
1983-07-23	184
1983-07-30	203
1983-08-06	184
1983-08-13	167
1983-08-20	179
1983-08-27	155
1983-09-03	130
1983-09-10	196
1983-09-17	159
1983-09-24	103
1983-10-01	96
1983-10-08	149
1983-10-15	127
1983-10-22	108
1983-10-29	168
1983-11-05	172
1983-11-12	176
1983-11-19	110
1983-11-26	124
1983-12-03	185
1983-12-10	151
1983-12-17	78
1983-12-24	182
1983-12-31	121
1984-01-07	174
1984-01-14	140
1984-01-21	124
1984-01-28	100
1984-02-04	198
1984-02-11	151
1984-02-18	155
1984-02-25	126
1984-03-03	195
1984-03-10	171
1984-03-17	176
1984-03-24	140
1984-03-31	130
1984-04-07	168
1984-04-14	137
1984-04-21	162
1984-04-28	152
1984-05-05	91
1984-05-12	155
1984-05-19	140
1984-05-26	159
1984-06-02	152
1984-06-09	113
1984-06-16	208
1984-06-23	126
1984-06-30	115
1984-07-07	183
1984-07-14	153
1984-07-21	125
1984-07-28	115
1984-08-04	193
1984-08-11	154
1984-08-18	94
1984-08-25	107
1984-09-01	173
1984-09-08	155
1984-09-15	154
1984-09-22	161
1984-09-29	127
1984-10-06	173
1984-10-13	142
1984-10-20	163
1984-10-27	207
1984-11-03	132
1984-11-10	148
1984-11-17	133
1984-11-24	155
1984-12-01	192
1984-12-08	169
1984-12-15	181
1984-12-22	149
1984-12-29	123
1985-01-05	169
1985-01-12	140
1985-01-19	243
1985-01-26	161
1985-02-02	159
1985-02-09	109
1985-02-16	96
1985-02-23	136
1985-03-02	132
1985-03-09	136
1985-03-16	135
1985-03-23	132
1985-03-30	161
1985-04-06	211
1985-04-13	144
1985-04-20	156
1985-04-27	163
1985-05-04	117
1985-05-11	88
1985-05-18	184
1985-05-25	196
1985-06-01	176
1985-06-08	185
1985-06-15	147
1985-06-22	182
1985-06-29	107
1985-07-06	85
1985-07-13	120
1985-07-20	120
1985-07-27	162
1985-08-03	115
1985-08-10	169
1985-08-17	110
1985-08-24	162
1985-08-31	111
1985-09-07	135
1985-09-14	168
1985-09-21	139
1985-09-28	113
1985-10-05	229
1985-10-12	155
1985-10-19	153
1985-10-26	210
1985-11-02	116
1985-11-09	138
1985-11-16	123
1985-11-23	179
1985-11-30	154
1985-12-07	150
1985-12-14	116
1985-12-21	150
1985-12-28	166
1986-01-04	193
1986-01-11	126
1986-01-18	156
1986-01-25	195
1986-02-01	164
1986-02-08	198
1986-02-15	185
1986-02-22	150
1986-03-01	157
1986-03-08	149
1986-03-15	184
1986-03-22	118
1986-03-29	155
1986-04-05	167
1986-04-12	189
1986-04-19	149
1986-04-26	188
1986-05-03	180
1986-05-10	145
1986-05-17	147
1986-05-24	142
1986-05-31	143
1986-06-07	134
1986-06-14	137
1986-06-21	168
1986-06-28	157
1986-07-05	73
1986-07-12	159
1986-07-19	130
1986-07-26	130
1986-08-02	197
1986-08-09	154
1986-08-16	155
1986-08-23	178
1986-08-30	176
1986-09-06	180
1986-09-13	97
1986-09-20	120
1986-09-27	199
1986-10-04	114
1986-10-11	134
1986-10-18	170
1986-10-25	175
1986-11-01	138
1986-11-08	130
1986-11-15	184
1986-11-22	89
1986-11-29	85
1986-12-06	120
1986-12-13	119
1986-12-20	187
1986-12-27	130
1987-01-03	112
1987-01-10	167
1987-01-17	203
1987-01-24	162
1987-01-31	195
1987-02-07	106
1987-02-14	175
1987-02-21	163
1987-02-28	126
1987-03-07	190
1987-03-14	156
1987-03-21	175
1987-03-28	167
1987-04-04	170
1987-04-11	110
1987-04-18	154
1987-04-25	161
1987-05-02	159
1987-05-09	100
1987-05-16	178
1987-05-23	114
1987-05-30	136
1987-06-06	132
1987-06-13	110
1987-06-20	130
1987-06-27	175
1987-07-04	122
1987-07-11	81
1987-07-18	184
1987-07-25	125
1987-08-01	220
1987-08-08	183
1987-08-15	131
1987-08-22	137
1987-08-29	152
1987-09-05	161
1987-09-12	153
1987-09-19	178
1987-09-26	160
1987-10-03	234
1987-10-10	179
1987-10-17	86
1987-10-24	149
1987-10-31	199
1987-11-07	147
1987-11-14	159
1987-11-21	155
1987-11-28	125
1987-12-05	125
1987-12-12	117
1987-12-19	197
1987-12-26	149
1988-01-02	155
1988-01-09	135
1988-01-16	182
1988-01-23	168
1988-01-30	204
1988-02-06	153
1988-02-13	129
1988-02-20	122
1988-02-27	179
1988-03-05	196
1988-03-12	150
1988-03-19	138
1988-03-26	177
1988-04-02	142
1988-04-09	175
1988-04-16	158
1988-04-23	182
1988-04-30	135
1988-05-07	133
1988-05-14	146
1988-05-21	138
1988-05-28	155
1988-06-04	154
1988-06-11	198
1988-06-18	182
1988-06-25	157
1988-07-02	140
1988-07-09	153
1988-07-16	170
1988-07-23	137
1988-07-30	164
1988-08-06	141
1988-08-13	122
1988-08-20	222
1988-08-27	129
1988-09-03	82
1988-09-10	127
1988-09-17	176
1988-09-24	146
1988-10-01	105
1988-10-08	87
1988-10-15	163
1988-10-22	137
1988-10-29	176
1988-11-05	135
1988-11-12	174
1988-11-19	171
1988-11-26	139
1988-12-03	185
1988-12-10	159
1988-12-17	252
1988-12-24	125
1988-12-31	167
1989-01-07	124
1989-01-14	119
1989-01-21	124
1989-01-28	118
1989-02-04	162
1989-02-11	218
1989-02-18	166
1989-02-25	141
1989-03-04	158
1989-03-11	217
1989-03-18	88
1989-03-25	225
1989-04-01	161
1989-04-08	164
1989-04-15	128
1989-04-22	116
1989-04-29	143
1989-05-06	111
1989-05-13	131
1989-05-20	138
1989-05-27	104
1989-06-03	115
1989-06-10	95
1989-06-17	137
1989-06-24	160
1989-07-01	128
1989-07-08	77
1989-07-15	148
1989-07-22	153
1989-07-29	94
1989-08-05	167
1989-08-12	136
1989-08-19	112
1989-08-26	142
1989-09-02	132
1989-09-09	213
1989-09-16	181
1989-09-23	141
1989-09-30	123
1989-10-07	126
1989-10-14	116
1989-10-21	102
1989-10-28	139
1989-11-04	196
1989-11-11	159
1989-11-18	133
1989-11-25	129
1989-12-02	210
1989-12-09	157
1989-12-16	139
1989-12-23	144
1989-12-30	172
1990-01-06	225
1990-01-13	145
1990-01-20	126
1990-01-27	116
1990-02-03	220
1990-02-10	184
1990-02-17	129
1990-02-24	124
1990-03-03	162
1990-03-10	129
1990-03-17	175
1990-03-24	185
1990-03-31	67
1990-04-07	163
1990-04-14	122
1990-04-21	123
1990-04-28	151
1990-05-05	135
1990-05-12	117
1990-05-19	129
1990-05-26	148
1990-06-02	156
1990-06-09	145
1990-06-16	141
1990-06-23	165
1990-06-30	101
1990-07-07	167
1990-07-14	123
1990-07-21	195
1990-07-28	164
1990-08-04	120
1990-08-11	123
1990-08-18	142
1990-08-25	182
1990-09-01	137
1990-09-08	121
1990-09-15	147
1990-09-22	127
1990-09-29	199
1990-10-06	139
1990-10-13	141
1990-10-20	187
1990-10-27	109
1990-11-03	179
1990-11-10	136
1990-11-17	154
1990-11-24	190
1990-12-01	142
1990-12-08	162
1990-12-15	161
1990-12-22	148
1990-12-29	132
1991-01-05	140
1991-01-12	156
1991-01-19	47
1991-01-26	178
1991-02-02	193
1991-02-09	164
1991-02-16	177
1991-02-23	108
1991-03-02	121
1991-03-09	142
1991-03-16	137
1991-03-23	202
1991-03-30	167
1991-04-06	171
1991-04-13	170
1991-04-20	163
1991-04-27	196
1991-05-04	184
1991-05-11	142
1991-05-18	145
1991-05-25	182
1991-06-01	112
1991-06-08	136
1991-06-15	162
1991-06-22	185
1991-06-29	149
1991-07-06	110
1991-07-13	141
1991-07-20	133
1991-07-27	180
1991-08-03	186
1991-08-10	128
1991-08-17	140
1991-08-24	173
1991-08-31	154
1991-09-07	252
1991-09-14	201
1991-09-21	149
1991-09-28	134
1991-10-05	135
1991-10-12	106
1991-10-19	172
1991-10-26	97
1991-11-02	146
1991-11-09	90
1991-11-16	145
1991-11-23	125
1991-11-30	125
1991-12-07	171
1991-12-14	211
1991-12-21	176
1991-12-28	222
1992-01-04	143
1992-01-11	127
1992-01-18	138
1992-01-25	201
1992-02-01	164
1992-02-08	165
1992-02-15	177
1992-02-22	143
1992-02-29	125
1992-03-07	168
1992-03-14	163
1992-03-21	156
1992-03-28	142
1992-04-04	83
1992-04-11	171
1992-04-18	195
1992-04-25	110
1992-05-02	143
1992-05-09	114
1992-05-16	146
1992-05-23	159
1992-05-30	149
1992-06-06	132
1992-06-13	166
1992-06-20	188
1992-06-27	117
1992-07-04	162
1992-07-11	113
1992-07-18	156
1992-07-25	152
1992-08-01	114
1992-08-08	120
1992-08-15	152
1992-08-22	197
1992-08-29	184
1992-09-05	155
1992-09-12	126
1992-09-19	155
1992-09-26	127
1992-10-03	133
1992-10-10	161
1992-10-17	178
1992-10-24	113
1992-10-31	171
1992-11-07	149
1992-11-14	182
1992-11-21	160
1992-11-28	186
1992-12-05	111
1992-12-12	94
1992-12-19	83
1992-12-26	123
1993-01-02	109
1993-01-09	113
1993-01-16	68
1993-01-23	129
1993-01-30	122
1993-02-06	129
1993-02-13	117
1993-02-20	151
1993-02-27	94
1993-03-06	115
1993-03-13	169
1993-03-20	170
1993-03-27	74
1993-04-03	163
1993-04-10	180
1993-04-17	158
1993-04-24	159
1993-05-01	86
1993-05-08	154
1993-05-15	165
1993-05-22	113
1993-05-29	163
1993-06-05	167
1993-06-12	162
1993-06-19	139
1993-06-26	129
1993-07-03	145
1993-07-10	166
1993-07-17	136
1993-07-24	168
1993-07-31	98
1993-08-07	162
1993-08-14	169
1993-08-21	127
1993-08-28	136
1993-09-04	125
1993-09-11	135
1993-09-18	148
1993-09-25	186
1993-10-02	161
1993-10-09	187
1993-10-16	132
1993-10-23	196
1993-10-30	106
1993-11-06	226
1993-11-13	135
1993-11-20	138
1993-11-27	67
1993-12-04	176
1993-12-11	183
1993-12-18	172
1993-12-25	179
1994-01-01	190
1994-01-08	152
1994-01-15	190
1994-01-22	144
1994-01-29	189
1994-02-05	117
1994-02-12	148
1994-02-19	123
1994-02-26	178
1994-03-05	149
1994-03-12	180
1994-03-19	159
1994-03-26	173
1994-04-02	206
1994-04-09	160
1994-04-16	115
1994-04-23	164
1994-04-30	142
1994-05-07	130
1994-05-14	117
1994-05-21	179
1994-05-28	170
1994-06-04	193
1994-06-11	146
1994-06-18	190
1994-06-25	107
1994-07-02	142
1994-07-09	151
1994-07-16	126
1994-07-23	165
1994-07-30	204
1994-08-06	179
1994-08-13	145
1994-08-20	181
1994-08-27	94
1994-09-03	134
1994-09-10	179
1994-09-17	182
1994-09-24	143
1994-10-01	116
1994-10-08	178
1994-10-15	131
1994-10-22	190
1994-10-29	120
1994-11-05	124
1994-11-12	204
1994-11-19	124
1994-11-26	91
1994-12-03	169
1994-12-10	74
1994-12-17	189
1994-12-24	109
1994-12-31	158
1995-01-07	169
1995-01-14	186
1995-01-21	163
1995-01-28	220
1995-02-04	95
1995-02-11	180
1995-02-18	115
1995-02-25	153
1995-03-04	237
1995-03-11	125
1995-03-18	136
1995-03-25	131
1995-04-01	148
1995-04-08	169
1995-04-15	175
1995-04-22	163
1995-04-29	120
1995-05-06	155
1995-05-13	157
1995-05-20	134
1995-05-27	115
1995-06-03	153
1995-06-10	132
1995-06-17	180
1995-06-24	138
1995-07-01	173
1995-07-08	130
1995-07-15	157
1995-07-22	146
1995-07-29	191
1995-08-05	137
1995-08-12	200
1995-08-19	186
1995-08-26	158
1995-09-02	153
1995-09-09	166
1995-09-16	189
1995-09-23	177
1995-09-30	117
1995-10-07	116
1995-10-14	149
1995-10-21	169
1995-10-28	122
1995-11-04	184
1995-11-11	170
1995-11-18	137
1995-11-25	254
1995-12-02	145
1995-12-09	115
1995-12-16	181
1995-12-23	159
1995-12-30	177
1996-01-06	96
1996-01-13	127
1996-01-20	144
1996-01-27	152
1996-02-03	141
1996-02-10	232
1996-02-17	145
1996-02-24	167
1996-03-02	139
1996-03-09	116
1996-03-16	140
1996-03-23	168
1996-03-30	122
1996-04-06	201
1996-04-13	78
1996-04-20	123
1996-04-27	162
1996-05-04	138
1996-05-11	157
1996-05-18	179
1996-05-25	136
1996-06-01	177
1996-06-08	125
1996-06-15	183
1996-06-22	138
1996-06-29	90
1996-07-06	132
1996-07-13	189
1996-07-20	204
1996-07-27	113
1996-08-03	189
1996-08-10	146
1996-08-17	158
1996-08-24	177
1996-08-31	175
1996-09-07	142
1996-09-14	128
1996-09-21	161
1996-09-28	140
1996-10-05	112
1996-10-12	140
1996-10-19	119
1996-10-26	145
1996-11-02	154
1996-11-09	121
1996-11-16	128
1996-11-23	200
1996-11-30	134
1996-12-07	103
1996-12-14	181
1996-12-21	154
1996-12-28	193
1997-01-04	185
1997-01-11	168
1997-01-18	184
1997-01-25	98
1997-02-01	152
1997-02-08	138
1997-02-15	192
1997-02-22	121
1997-03-01	111
1997-03-08	181
1997-03-15	116
1997-03-22	103
1997-03-29	188
1997-04-05	210
1997-04-12	122
1997-04-19	164
1997-04-26	143
1997-05-03	97
1997-05-10	135
1997-05-17	158
1997-05-24	123
1997-05-31	122
1997-06-07	160
1997-06-14	152
1997-06-21	134
1997-06-28	150
1997-07-05	148
1997-07-12	165
1997-07-19	115
1997-07-26	134
1997-08-02	133
1997-08-09	149
1997-08-16	229
1997-08-23	144
1997-08-30	152
1997-09-06	143
1997-09-13	178
1997-09-20	155
1997-09-27	159
1997-10-04	150
1997-10-11	147
1997-10-18	138
1997-10-25	209
1997-11-01	141
1997-11-08	129
1997-11-15	118
1997-11-22	213
1997-11-29	126
1997-12-06	152
1997-12-13	138
1997-12-20	183
1997-12-27	163
1998-01-03	137
1998-01-10	178
1998-01-17	197
1998-01-24	188
1998-01-31	125
1998-02-07	222
1998-02-14	155
1998-02-21	177
1998-02-28	231
1998-03-07	162
1998-03-14	150
1998-03-21	149
1998-03-28	88
1998-04-04	190
1998-04-11	169
1998-04-18	178
1998-04-25	219
1998-05-02	210
1998-05-09	108
1998-05-16	158
1998-05-23	154
1998-05-30	133
1998-06-06	142
1998-06-13	109
1998-06-20	188
1998-06-27	66
1998-07-04	144
1998-07-11	154
1998-07-18	161
1998-07-25	157
1998-08-01	164
1998-08-08	131
1998-08-15	169
1998-08-22	190
1998-08-29	132
1998-09-05	189
1998-09-12	199
1998-09-19	162
1998-09-26	74
1998-10-03	186
1998-10-10	171
1998-10-17	137
1998-10-24	122
1998-10-31	107
1998-11-07	110
1998-11-14	165
1998-11-21	142
1998-11-28	160
1998-12-05	188
1998-12-12	128
1998-12-19	134
1998-12-26	180
1999-01-02	148
1999-01-09	106
1999-01-16	192
1999-01-23	155
1999-01-30	110
1999-02-06	210
1999-02-13	197
1999-02-20	140
1999-02-27	127
1999-03-06	179
1999-03-13	109
1999-03-20	155
1999-03-27	126
1999-04-03	143
1999-04-10	46
1999-04-17	176
1999-04-24	146
1999-05-01	132
1999-05-08	145
1999-05-15	216
1999-05-22	180
1999-05-29	122
1999-06-05	167
1999-06-12	157
1999-06-19	191
1999-06-26	146
1999-07-03	125
1999-07-10	135
1999-07-17	159
1999-07-24	204
1999-07-31	146
1999-08-07	152
1999-08-14	205
1999-08-21	121
1999-08-28	154
1999-09-04	159
1999-09-11	139
1999-09-18	197
1999-09-25	148
1999-10-02	178
1999-10-09	135
1999-10-16	98
1999-10-23	126
1999-10-30	142
1999-11-06	132
1999-11-13	160
1999-11-20	90
1999-11-27	159
1999-12-04	184
1999-12-11	147
1999-12-18	108
1999-12-25	133
2000-01-01	132
2000-01-08	127
2000-01-15	191
2000-01-22	148
2000-01-29	190
2000-02-05	162
2000-02-12	140
2000-02-19	111
2000-02-26	114
2000-03-04	115
2000-03-11	180
2000-03-18	90
2000-03-25	209
2000-04-01	144
2000-04-08	173
2000-04-15	72
2000-04-22	142
2000-04-29	164
2000-05-06	141
2000-05-13	145
2000-05-20	207
2000-05-27	155
2000-06-03	161
2000-06-10	175
2000-06-17	219
2000-06-24	161
2000-07-01	167
2000-07-08	88
2000-07-15	133
2000-07-22	147
2000-07-29	138
2000-08-05	160
2000-08-12	170
2000-08-19	148
2000-08-26	149
2000-09-02	173
2000-09-09	212
2000-09-16	120
2000-09-23	172
2000-09-30	66
2000-10-07	148
2000-10-14	189
2000-10-21	150
2000-10-28	142
2000-11-04	213
2000-11-11	206
2000-11-18	122
2000-11-25	156
2000-12-02	212
2000-12-06	152
2000-12-09	129
2000-12-13	123
2000-12-16	181
2000-12-20	136
2000-12-23	123
2000-12-27	164
2000-12-30	105
2001-01-03	169
2001-01-06	142
2001-01-10	101
2001-01-13	152
2001-01-17	180
2001-01-20	176
2001-01-24	124
2001-01-27	148
2001-01-31	136
2001-02-03	130
2001-02-07	113
2001-02-10	232
2001-02-14	166
2001-02-17	144
2001-02-21	92
2001-02-24	172
2001-02-28	189
2001-03-03	215
2001-03-07	129
2001-03-10	157
2001-03-14	202
2001-03-17	197
2001-03-21	181
2001-03-24	180
2001-03-28	154
2001-03-31	113
2001-04-04	114
2001-04-07	156
2001-04-11	137
2001-04-14	109
2001-04-18	120
2001-04-21	127
2001-04-25	141
2001-04-28	130
2001-05-02	127
2001-05-05	241
2001-05-09	129
2001-05-12	142
2001-05-16	128
2001-05-19	80
2001-05-23	189
2001-05-26	130
2001-05-30	199
2001-06-02	152
2001-06-06	166
2001-06-09	151
2001-06-13	133
2001-06-16	136
2001-06-20	68
2001-06-23	170
2001-06-27	148
2001-06-30	118
2001-07-04	164
2001-07-07	191
2001-07-11	132
2001-07-14	138
2001-07-18	177
2001-07-21	198
2001-07-25	139
2001-07-28	98
2001-08-01	194
2001-08-04	144
2001-08-08	150
2001-08-11	124
2001-08-15	157
2001-08-18	124
2001-08-22	158
2001-08-25	148
2001-08-29	141
2001-09-01	132
2001-09-05	150
2001-09-08	92
2001-09-12	158
2001-09-15	155
2001-09-19	116
2001-09-22	189
2001-09-26	136
2001-09-29	147
2001-10-03	173
2001-10-06	153
2001-10-10	214
2001-10-13	99
2001-10-17	178
2001-10-20	141
2001-10-24	177
2001-10-27	131
2001-10-31	152
2001-11-03	107
2001-11-07	63
2001-11-10	93
2001-11-14	111
2001-11-17	115
2001-11-21	206
2001-11-24	165
2001-11-28	175
2001-12-01	163
2001-12-05	145
2001-12-08	122
2001-12-12	152
2001-12-15	200
2001-12-19	177
2001-12-22	199
2001-12-26	164
2001-12-29	159
2002-01-02	174
2002-01-05	184
2002-01-09	194
2002-01-12	119
2002-01-16	162
2002-01-19	134
2002-01-23	202
2002-01-26	139
2002-01-30	176
2002-02-02	162
2002-02-06	161
2002-02-09	155
2002-02-13	85
2002-02-16	128
2002-02-20	138
2002-02-23	186
2002-02-27	160
2002-03-02	178
2002-03-06	142
2002-03-09	174
2002-03-13	206
2002-03-16	144
2002-03-20	145
2002-03-23	155
2002-03-27	125
2002-03-30	174
2002-04-03	127
2002-04-06	122
2002-04-10	135
2002-04-13	152
2002-04-17	144
2002-04-20	154
2002-04-24	198
2002-04-27	88
2002-05-01	110
2002-05-04	239
2002-05-08	202
2002-05-11	188
2002-05-15	169
2002-05-18	183
2002-05-22	132
2002-05-25	85
2002-05-29	91
2002-06-01	123
2002-06-05	201
2002-06-08	163
2002-06-12	189
2002-06-15	156
2002-06-19	177
2002-06-22	119
2002-06-26	193
2002-06-29	139
2002-07-03	104
2002-07-06	138
2002-07-10	181
2002-07-13	133
2002-07-17	155
2002-07-20	139
2002-07-24	143
2002-07-27	164
2002-07-31	132
2002-08-03	127
2002-08-07	151
2002-08-10	123
2002-08-14	109
2002-08-17	109
2002-08-21	147
2002-08-24	124
2002-08-28	186
2002-08-31	219
2002-09-04	213
2002-09-07	136
2002-09-11	157
2002-09-14	147
2002-09-18	194
2002-09-21	154
2002-09-25	113
2002-09-28	125
2002-10-02	154
2002-10-05	140
2002-10-09	170
2002-10-12	93
2002-10-16	143
2002-10-19	169
2002-10-23	101
2002-10-26	179
2002-10-30	176
2002-11-02	137
2002-11-06	193
2002-11-09	165
2002-11-13	140
2002-11-16	105
2002-11-20	192
2002-11-23	181
2002-11-27	177
2002-11-30	127
2002-12-04	120
2002-12-07	121
2002-12-11	147
2002-12-14	99
2002-12-18	219
2002-12-21	153
2002-12-25	145
2002-12-28	158
2003-01-01	189
2003-01-04	128
2003-01-08	159
2003-01-11	182
2003-01-15	165
2003-01-18	187
2003-01-22	146
2003-01-25	130
2003-01-29	196
2003-02-01	228
2003-02-05	136
2003-02-08	184
2003-02-12	192
2003-02-15	94
2003-02-19	183
2003-02-22	168
2003-02-26	110
2003-03-01	157
2003-03-05	178
2003-03-08	173
2003-03-12	136
2003-03-15	188
2003-03-19	138
2003-03-22	217
2003-03-26	169
2003-03-29	159
2003-04-02	88
2003-04-05	121
2003-04-09	140
2003-04-12	160
2003-04-16	128
2003-04-19	110
2003-04-23	105
2003-04-26	151
2003-04-30	163
2003-05-03	163
2003-05-07	121
2003-05-10	98
2003-05-14	191
2003-05-17	149
2003-05-21	154
2003-05-24	139
2003-05-28	184
2003-05-31	150
2003-06-04	159
2003-06-07	196
2003-06-11	166
2003-06-14	137
2003-06-18	137
2003-06-21	166
2003-06-25	140
2003-06-28	127
2003-07-02	155
2003-07-05	150
2003-07-09	142
2003-07-12	130
2003-07-16	115
2003-07-19	159
2003-07-23	166
2003-07-26	135
2003-07-30	186
2003-08-02	54
2003-08-06	167
2003-08-09	91
2003-08-13	111
2003-08-16	130
2003-08-20	241
2003-08-23	95
2003-08-27	138
2003-08-30	175
2003-09-03	95
2003-09-06	87
2003-09-10	179
2003-09-13	137
2003-09-17	156
2003-09-20	148
2003-09-24	173
2003-09-27	182
2003-10-01	116
2003-10-04	150
2003-10-08	159
2003-10-11	181
2003-10-15	125
2003-10-18	164
2003-10-22	104
2003-10-25	198
2003-10-29	155
2003-11-01	140
2003-11-05	138
2003-11-08	206
2003-11-12	172
2003-11-15	152
2003-11-19	131
2003-11-22	145
2003-11-26	152
2003-11-29	168
2003-12-03	179
2003-12-06	196
2003-12-10	122
2003-12-13	145
2003-12-17	129
2003-12-20	167
2003-12-24	91
2003-12-27	159
2003-12-31	149
2004-01-03	162
2004-01-07	184
2004-01-10	156
2004-01-14	113
2004-01-17	206
2004-01-21	168
2004-01-24	129
2004-01-28	148
2004-01-31	197
2004-02-04	112
2004-02-07	128
2004-02-11	149
2004-02-14	198
2004-02-18	211
2004-02-21	143
2004-02-25	127
2004-02-28	116
2004-03-03	210
2004-03-06	149
2004-03-10	154
2004-03-13	155
2004-03-17	112
2004-03-20	112
2004-03-24	106
2004-03-27	220
2004-03-31	138
2004-04-03	102
2004-04-07	132
2004-04-10	172
2004-04-14	157
2004-04-17	162
2004-04-21	162
2004-04-24	154
2004-04-28	224
2004-05-01	144
2004-05-05	161
2004-05-08	172
2004-05-12	114
2004-05-15	129
2004-05-19	130
2004-05-22	167
2004-05-26	133
2004-05-29	103
2004-06-02	181
2004-06-05	184
2004-06-09	132
2004-06-12	100
2004-06-16	130
2004-06-19	165
2004-06-23	137
2004-06-26	187
2004-06-30	123
2004-07-03	142
2004-07-07	139
2004-07-10	162
2004-07-14	145
2004-07-17	150
2004-07-21	194
2004-07-24	136
2004-07-28	171
2004-07-31	143
2004-08-04	165
2004-08-07	157
2004-08-11	158
2004-08-14	189
2004-08-18	90
2004-08-21	133
2004-08-25	116
2004-08-28	141
2004-09-01	206
2004-09-04	78
2004-09-08	154
2004-09-11	92
2004-09-15	142
2004-09-18	112
2004-09-22	102
2004-09-25	154
2004-09-29	160
2004-10-02	174
2004-10-06	180
2004-10-09	143
2004-10-13	130
2004-10-16	114
2004-10-20	119
2004-10-23	209
2004-10-27	169
2004-10-30	193
2004-11-03	133
2004-11-06	201
2004-11-10	132
2004-11-13	204
2004-11-17	130
2004-11-20	172
2004-11-24	166
2004-11-27	208
2004-12-01	137
2004-12-04	141
2004-12-08	120
2004-12-11	129
2004-12-15	165
2004-12-18	91
2004-12-22	118
2004-12-25	180
2004-12-29	127
2005-01-01	152
2005-01-05	123
2005-01-08	137
2005-01-12	99
2005-01-15	174
2005-01-19	149
2005-01-22	150
2005-01-26	183
2005-01-29	131
2005-02-02	164
2005-02-05	116
2005-02-09	173
2005-02-12	184
2005-02-16	104
2005-02-19	199
2005-02-23	213
2005-02-26	109
2005-03-02	159
2005-03-05	145
2005-03-09	162
2005-03-12	94
2005-03-16	128
2005-03-19	122
2005-03-23	197
2005-03-26	147
2005-03-30	111
2005-04-02	160
2005-04-06	170
2005-04-09	181
2005-04-13	169
2005-04-16	124
2005-04-20	119
2005-04-23	131
2005-04-27	145
2005-04-30	161
2005-05-04	124
2005-05-07	150
2005-05-11	184
2005-05-14	179
2005-05-18	136
2005-05-21	190
2005-05-25	217
2005-05-28	147
2005-06-01	150
2005-06-04	141
2005-06-08	158
2005-06-11	123
2005-06-15	118
2005-06-18	156
2005-06-22	211
2005-06-25	127
2005-06-29	133
2005-07-02	140
2005-07-06	176
2005-07-09	166
2005-07-13	152
2005-07-16	178
2005-07-20	134
2005-07-23	191
2005-07-27	168
2005-07-30	183
2005-08-03	90
2005-08-06	130
2005-08-10	133
2005-08-13	174
2005-08-17	125
2005-08-20	100
2005-08-24	170
2005-08-27	160
2005-08-31	89
2005-09-03	185
2005-09-07	92
2005-09-10	179
2005-09-14	181
2005-09-17	141
2005-09-21	184
2005-09-24	171
2005-09-28	177
2005-10-01	171
2005-10-05	166
2005-10-08	142
2005-10-12	127
2005-10-15	146
2005-10-19	139
2005-10-22	128
2005-10-26	142
2005-10-29	97
2005-11-02	112
2005-11-05	174
2005-11-09	172
2005-11-12	165
2005-11-16	123
2005-11-19	162
2005-11-23	198
2005-11-26	144
2005-11-30	188
2005-12-03	157
2005-12-07	180
2005-12-10	146
2005-12-14	210
2005-12-17	127
2005-12-21	141
2005-12-24	155
2005-12-28	184
2005-12-31	191
2006-01-04	102
2006-01-07	117
2006-01-11	71
2006-01-14	140
2006-01-18	128
2006-01-21	144
2006-01-25	142
2006-01-28	202
2006-02-01	138
2006-02-04	198
2006-02-08	87
2006-02-11	145
2006-02-15	123
2006-02-18	94
2006-02-22	120
2006-02-25	111
2006-03-01	169
2006-03-04	131
2006-03-08	110
2006-03-11	154
2006-03-15	75
2006-03-18	159
2006-03-22	99
2006-03-25	106
2006-03-29	102
2006-04-01	130
2006-04-05	165
2006-04-08	145
2006-04-12	199
2006-04-15	77
2006-04-19	162
2006-04-22	154
2006-04-26	153
2006-04-29	182
2006-05-03	135
2006-05-06	142
2006-05-10	184
2006-05-13	159
2006-05-17	174
2006-05-20	185
2006-05-24	163
2006-05-27	173
2006-05-31	212
2006-06-03	104
2006-06-07	139
2006-06-10	150
2006-06-14	115
2006-06-17	216
2006-06-21	207
2006-06-24	165
2006-06-28	115
2006-07-01	123
2006-07-05	143
2006-07-08	171
2006-07-12	167
2006-07-15	169
2006-07-19	198
2006-07-22	142
2006-07-26	132
2006-07-29	158
2006-08-02	170
2006-08-05	118
2006-08-09	171
2006-08-12	142
2006-08-16	172
2006-08-19	117
2006-08-23	119
2006-08-26	113
2006-08-30	198
2006-09-02	208
2006-09-06	150
2006-09-09	170
2006-09-13	133
2006-09-16	101
2006-09-20	101
2006-09-23	169
2006-09-27	176
2006-09-30	177
2006-10-04	139
2006-10-07	212
2006-10-11	203
2006-10-14	149
2006-10-18	147
2006-10-21	149
2006-10-25	164
2006-10-28	179
2006-11-01	177
2006-11-04	164
2006-11-08	115
2006-11-11	157
2006-11-15	132
2006-11-18	120
2006-11-22	172
2006-11-25	226
2006-11-29	150
2006-12-02	161
2006-12-06	108
2006-12-09	136
2006-12-13	116
2006-12-16	174
2006-12-20	182
2006-12-23	145
2006-12-27	144
2006-12-30	170
2007-01-03	152
2007-01-06	138
2007-01-10	150
2007-01-13	182
2007-01-17	140
2007-01-20	181
2007-01-24	138
2007-01-27	189
2007-01-31	111
2007-02-03	141
2007-02-07	111
2007-02-10	136
2007-02-14	161
2007-02-17	168
2007-02-21	172
2007-02-24	115
2007-02-28	155
2007-03-03	105
2007-03-07	161
2007-03-10	167
2007-03-14	106
2007-03-17	84
2007-03-21	86
2007-03-24	139
2007-03-28	123
2007-03-31	144
2007-04-04	110
2007-04-07	142
2007-04-11	118
2007-04-14	250
2007-04-18	188
2007-04-21	88
2007-04-25	175
2007-04-28	148
2007-05-02	197
2007-05-05	166
2007-05-09	182
2007-05-12	161
2007-05-16	143
2007-05-19	104
2007-05-23	134
2007-05-26	152
2007-05-30	155
2007-06-02	158
2007-06-06	159
2007-06-09	169
2007-06-13	131
2007-06-16	168
2007-06-20	89
2007-06-23	174
2007-06-27	76
2007-06-30	91
2007-07-04	149
2007-07-07	128
2007-07-11	191
2007-07-14	89
2007-07-18	150
2007-07-21	147
2007-07-25	160
2007-07-28	107
2007-08-01	153
2007-08-04	136
2007-08-08	142
2007-08-11	99
2007-08-15	137
2007-08-18	112
2007-08-22	204
2007-08-25	204
2007-08-29	119
2007-09-01	196
2007-09-05	143
2007-09-08	134
2007-09-12	183
2007-09-15	162
2007-09-19	154
2007-09-22	131
2007-09-26	173
2007-09-29	147
2007-10-03	188
2007-10-06	117
2007-10-10	152
2007-10-13	134
2007-10-17	213
2007-10-20	201
2007-10-24	125
2007-10-27	90
2007-10-31	186
2007-11-03	103
2007-11-07	133
2007-11-10	77
2007-11-14	177
2007-11-17	123
2007-11-21	230
2007-11-24	202
2007-11-28	130
2007-12-01	161
2007-12-05	152
2007-12-08	118
2007-12-12	170
2007-12-15	146
2007-12-19	153
2007-12-22	172
2007-12-26	130
2007-12-29	133
2008-01-02	125
2008-01-05	151
2008-01-09	203
2008-01-12	120
2008-01-16	165
2008-01-19	133
2008-01-23	117
2008-01-26	103
2008-01-30	146
2008-02-02	123
2008-02-06	151
2008-02-09	121
2008-02-13	128
2008-02-16	133
2008-02-20	143
2008-02-23	149
2008-02-27	157
2008-03-01	109
2008-03-05	130
2008-03-08	121
2008-03-12	138
2008-03-15	153
2008-03-19	172
2008-03-22	167
2008-03-26	154
2008-03-29	151
2008-04-02	163
2008-04-05	126
2008-04-09	145
2008-04-12	167
2008-04-16	144
2008-04-19	156
2008-04-23	142
2008-04-26	126
2008-04-30	170
2008-05-03	141
2008-05-07	186
2008-05-10	110
2008-05-14	147
2008-05-17	144
2008-05-21	142
2008-05-24	134
2008-05-28	133
2008-05-31	126
2008-06-04	162
2008-06-07	152
2008-06-11	203
2008-06-14	187
2008-06-18	161
2008-06-21	167
2008-06-25	179
2008-06-28	118
2008-07-02	94
2008-07-05	130
2008-07-09	131
2008-07-12	105
2008-07-16	152
2008-07-19	165
2008-07-23	144
2008-07-26	177
2008-07-30	162
2008-08-02	136
2008-08-06	140
2008-08-09	189
2008-08-13	162
2008-08-16	128
2008-08-20	154
2008-08-23	131
2008-08-27	146
2008-08-30	144
2008-09-03	144
2008-09-06	159
2008-09-10	125
2008-09-13	140
2008-09-17	150
2008-09-20	122
2008-09-24	183
2008-09-27	171
2008-10-01	148
2008-10-04	107
2008-10-08	107
2008-10-11	89
2008-10-15	160
2008-10-18	128
2008-10-22	114
2008-10-25	195
2008-10-29	169
2008-11-01	155
2008-11-05	114
2008-11-08	129
2008-11-12	163
2008-11-15	185
2008-11-19	147
2008-11-22	164
2008-11-26	174
2008-11-29	112
2008-12-03	163
2008-12-06	106
2008-12-10	127
2008-12-13	148
2008-12-17	134
2008-12-20	156
2008-12-24	194
2008-12-27	98
2008-12-31	174
2009-01-03	137
2009-01-07	115
2009-01-10	168
2009-01-14	100
2009-01-17	174
2009-01-21	108
2009-01-24	126
2009-01-28	128
2009-01-31	89
2009-02-04	126
2009-02-07	152
2009-02-11	200
2009-02-14	203
2009-02-18	213
2009-02-21	136
2009-02-25	118
2009-02-28	112
2009-03-04	189
2009-03-07	185
2009-03-11	187
2009-03-14	177
2009-03-18	176
2009-03-21	139
2009-03-25	192
2009-03-28	188
2009-04-01	119
2009-04-04	98
2009-04-08	130
2009-04-11	104
2009-04-15	125
2009-04-18	104
2009-04-22	149
2009-04-25	132
2009-04-29	127
2009-05-02	117
2009-05-06	140
2009-05-09	160
2009-05-13	208
2009-05-16	207
2009-05-20	147
2009-05-23	137
2009-05-27	141
2009-05-30	170
2009-06-03	99
2009-06-06	111
2009-06-10	165
2009-06-13	184
2009-06-17	171
2009-06-20	203
2009-06-24	172
2009-06-27	184
2009-07-01	138
2009-07-04	158
2009-07-08	159
2009-07-11	100
2009-07-15	128
2009-07-18	92
2009-07-22	145
2009-07-25	130
2009-07-29	121
2009-08-01	173
2009-08-05	126
2009-08-08	173
2009-08-12	152
2009-08-15	115
2009-08-19	215
2009-08-22	98
2009-08-26	162
2009-08-29	175
2009-09-02	147
2009-09-05	136
2009-09-09	156
2009-09-12	162
2009-09-16	166
2009-09-19	136
2009-09-23	147
2009-09-26	159
2009-09-30	181
2009-10-03	143
2009-10-07	203
2009-10-10	142
2009-10-14	186
2009-10-17	226
2009-10-21	177
2009-10-24	156
2009-10-28	233
2009-10-31	121
2009-11-04	62
2009-11-07	136
2009-11-11	160
2009-11-14	94
2009-11-18	122
2009-11-21	141
2009-11-25	151
2009-11-28	202
2009-12-02	146
2009-12-05	108
2009-12-09	96
2009-12-12	157
2009-12-16	96
2009-12-19	130
2009-12-23	163
2009-12-26	146
2009-12-30	150
2010-01-02	145
2010-01-06	125
2010-01-09	164
2010-01-13	170
2010-01-16	94
2010-01-20	156
2010-01-23	149
2010-01-27	150
2010-01-30	170
2010-02-03	118
2010-02-06	171
2010-02-10	149
2010-02-13	135
2010-02-17	187
2010-02-20	128
2010-02-24	109
2010-02-27	144
2010-03-03	158
2010-03-06	170
2010-03-10	201
2010-03-13	134
2010-03-17	151
2010-03-20	123
2010-03-24	155
2010-03-27	158
2010-03-31	222
2010-04-03	169
2010-04-07	149
2010-04-10	131
2010-04-14	150
2010-04-17	127
2010-04-21	155
2010-04-24	165
2010-04-28	157
2010-05-01	151
2010-05-05	139
2010-05-08	211
2010-05-12	138
2010-05-15	138
2010-05-19	187
2010-05-22	175
2010-05-26	162
2010-05-29	189
2010-06-02	136
2010-06-05	175
2010-06-09	180
2010-06-12	110
2010-06-16	165
2010-06-19	153
2010-06-23	159
2010-06-26	235
2010-06-30	105
2010-07-03	179
2010-07-07	160
2010-07-10	90
2010-07-14	134
2010-07-17	152
2010-07-21	161
2010-07-24	144
2010-07-28	189
2010-07-31	200
2010-08-04	181
2010-08-07	164
2010-08-11	79
2010-08-14	131
2010-08-18	125
2010-08-21	116
2010-08-25	209
2010-08-28	138
2010-09-01	115
2010-09-04	136
2010-09-08	113
2010-09-11	225
2010-09-15	177
2010-09-18	159
2010-09-22	49
2010-09-25	90
2010-09-29	125
2010-10-02	121
2010-10-06	108
2010-10-09	100
2010-10-13	145
2010-10-16	165
2010-10-20	97
2010-10-23	146
2010-10-27	140
2010-10-30	156
2010-11-03	146
2010-11-06	120
2010-11-10	123
2010-11-13	124
2010-11-17	134
2010-11-20	149
2010-11-24	153
2010-11-27	103
2010-12-01	172
2010-12-04	181
2010-12-08	83
2010-12-11	129
2010-12-15	142
2010-12-18	162
2010-12-22	166
2010-12-25	107
2010-12-29	176
2011-01-01	131
2011-01-05	226
2011-01-08	182
2011-01-12	95
2011-01-15	143
2011-01-19	117
2011-01-22	101
2011-01-26	150
2011-01-29	150
2011-02-02	140
2011-02-05	154
2011-02-09	176
2011-02-12	95
2011-02-16	123
2011-02-19	164
2011-02-23	150
2011-02-26	203
2011-03-02	177
2011-03-05	135
2011-03-09	149
2011-03-12	155
2011-03-16	167
2011-03-19	145
2011-03-23	148
2011-03-26	146
2011-03-30	154
2011-04-02	151
2011-04-06	139
2011-04-09	200
2011-04-13	127
2011-04-16	127
2011-04-20	192
2011-04-23	132
2011-04-27	190
2011-04-30	137
2011-05-04	148
2011-05-07	144
2011-05-11	157
2011-05-14	82
2011-05-18	147
2011-05-21	195
2011-05-25	135
2011-05-28	149
2011-06-01	117
2011-06-04	194
2011-06-08	161
2011-06-11	150
2011-06-15	148
2011-06-18	131
2011-06-22	129
2011-06-25	134
2011-06-29	151
2011-07-02	114
2011-07-06	128
2011-07-09	142
2011-07-13	168
2011-07-16	119
2011-07-20	151
2011-07-23	115
2011-07-27	132
2011-07-30	166
2011-08-03	169
2011-08-06	179
2011-08-10	107
2011-08-13	142
2011-08-17	91
2011-08-20	135
2011-08-24	188
2011-08-27	232
2011-08-31	166
2011-09-03	136
2011-09-07	131
2011-09-10	112
2011-09-14	147
2011-09-17	210
2011-09-21	179
2011-09-24	98
2011-09-28	150
2011-10-01	136
2011-10-05	139
2011-10-08	190
2011-10-12	175
2011-10-15	117
2011-10-19	123
2011-10-22	116
2011-10-26	187
2011-10-29	149
2011-11-02	156
2011-11-05	162
2011-11-09	143
2011-11-12	122
2011-11-16	177
2011-11-19	179
2011-11-23	141
2011-11-26	159
2011-11-30	151
2011-12-03	156
2011-12-07	144
2011-12-10	80
2011-12-14	156
2011-12-17	184
2011-12-21	159
2011-12-24	139
2011-12-28	97
2011-12-31	82
2012-01-04	156
2012-01-07	192
2012-01-11	151
2012-01-14	77
2012-01-18	109
2012-01-21	236
2012-01-25	115
2012-01-28	148
2012-02-01	110
2012-02-04	161
2012-02-08	171
2012-02-11	176
2012-02-15	196
2012-02-18	155
2012-02-22	121
2012-02-25	139
2012-02-29	152
2012-03-03	171
2012-03-07	221
2012-03-10	108
2012-03-14	104
2012-03-17	151
2012-03-21	165
2012-03-24	225
2012-03-28	145
2012-03-31	162
2012-04-04	196
2012-04-07	118
2012-04-11	79
2012-04-14	221
2012-04-18	137
2012-04-21	117
2012-04-25	180
2012-04-28	165
2012-05-02	105
2012-05-05	134
2012-05-09	153
2012-05-12	162
2012-05-16	216
2012-05-19	222
2012-05-23	159
2012-05-26	157
2012-05-30	145
2012-06-02	156
2012-06-06	134
2012-06-09	123
2012-06-13	181
2012-06-16	173
2012-06-20	100
2012-06-23	142
2012-06-27	133
2012-06-30	128
2012-07-04	128
2012-07-07	167
2012-07-11	152
2012-07-14	109
2012-07-18	174
2012-07-21	163
2012-07-25	137
2012-07-28	201
2012-08-01	205
2012-08-04	156
2012-08-08	180
2012-08-11	122
2012-08-15	113
2012-08-18	155
2012-08-22	114
2012-08-25	142
2012-08-29	209
2012-09-01	106
2012-09-05	134
2012-09-08	234
2012-09-12	177
2012-09-15	146
2012-09-19	123
2012-09-22	209
2012-09-26	152
2012-09-29	139
2012-10-03	219
2012-10-06	174
2012-10-10	185
2012-10-13	177
2012-10-17	134
2012-10-20	99
2012-10-24	154
2012-10-27	196
2012-10-31	137
2012-11-03	172
2012-11-07	153
2012-11-10	145
2012-11-14	118
2012-11-17	119
2012-11-21	100
2012-11-24	145
2012-11-28	185
2012-12-01	83
2012-12-05	168
2012-12-08	185
2012-12-12	78
2012-12-15	157
2012-12-19	203
2012-12-22	197
2012-12-26	139
2012-12-29	183
2013-01-02	163
2013-01-05	228
2013-01-09	140
2013-01-12	134
2013-01-16	80
2013-01-19	209
2013-01-23	77
2013-01-26	177
2013-01-30	100
2013-02-02	129
2013-02-06	124
2013-02-09	149
2013-02-13	88
2013-02-16	147
2013-02-20	139
2013-02-23	217
2013-02-27	113
2013-03-02	130
2013-03-06	76
2013-03-09	134
2013-03-13	174
2013-03-16	146
2013-03-20	128
2013-03-23	182
2013-03-27	78
2013-03-30	188
2013-04-03	158
2013-04-06	125
2013-04-10	204
2013-04-13	159
2013-04-17	188
2013-04-20	187
2013-04-24	176
2013-04-27	127
2013-05-01	102
2013-05-04	114
2013-05-08	115
2013-05-11	154
2013-05-15	134
2013-05-18	93
2013-05-22	132
2013-05-25	141
2013-05-29	109
2013-06-01	141
2013-06-05	205
2013-06-08	156
2013-06-12	66
2013-06-15	153
2013-06-19	160
2013-06-22	143
2013-06-26	169
2013-06-29	180
2013-07-03	96
2013-07-06	108
2013-07-10	159
2013-07-13	164
2013-07-17	140
2013-07-20	140
2013-07-24	120
2013-07-27	166
2013-07-31	159
2013-08-03	168
2013-08-07	143
2013-08-10	135
2013-08-14	128
2013-08-17	144
2013-08-21	145
2013-08-24	119
2013-08-28	128
2013-08-31	169
2013-09-04	140
2013-09-07	179
2013-09-11	186
2013-09-14	146
2013-09-18	132
2013-09-21	158
2013-09-25	153
2013-09-28	167
2013-10-02	222
2013-10-05	151
2013-10-09	165
2013-10-12	196
2013-10-16	212
2013-10-19	130
2013-10-23	126
2013-10-26	118
2013-10-30	146
2013-11-02	117
2013-11-06	148
2013-11-09	124
2013-11-13	129
2013-11-16	176
2013-11-20	146
2013-11-23	136
2013-11-27	186
2013-11-30	174
2013-12-04	187
2013-12-07	121
2013-12-11	173
2013-12-14	112
2013-12-18	145
2013-12-21	113
2013-12-25	187
2013-12-28	122
2014-01-01	132
2014-01-04	183
2014-01-08	204
2014-01-11	117
2014-01-15	200
2014-01-18	136
2014-01-22	157
2014-01-25	222
2014-01-29	126
2014-02-01	219
2014-02-05	107
2014-02-08	170
2014-02-12	131
2014-02-15	155
2014-02-19	151
2014-02-22	198
2014-02-26	126
2014-03-01	155
2014-03-05	145
2014-03-08	170
2014-03-12	119
2014-03-15	148
2014-03-19	106
2014-03-22	156
2014-03-26	172
2014-03-29	75
2014-04-02	148
2014-04-05	178
2014-04-09	178
2014-04-12	192
2014-04-16	184
2014-04-19	173
2014-04-23	154
2014-04-26	150
2014-04-30	167
2014-05-03	166
2014-05-07	126
2014-05-10	129
2014-05-14	132
2014-05-17	172
2014-05-21	81
2014-05-24	99
2014-05-28	152
2014-05-31	126
2014-06-04	163
2014-06-07	186
2014-06-11	128
2014-06-14	135
2014-06-18	168
2014-06-21	180
2014-06-25	89
2014-06-28	153
2014-07-02	134
2014-07-05	141
2014-07-09	121
2014-07-12	153
2014-07-16	147
2014-07-19	154
2014-07-23	140
2014-07-26	169
2014-07-30	92
2014-08-02	126
2014-08-06	115
2014-08-09	128
2014-08-13	180
2014-08-16	110
2014-08-20	120
2014-08-23	103
2014-08-27	146
2014-08-30	160
2014-09-03	186
2014-09-06	117
2014-09-10	170
2014-09-13	142
2014-09-17	222
2014-09-20	150
2014-09-24	186
2014-09-27	144
2014-10-01	129
2014-10-04	144
2014-10-08	149
2014-10-11	170
2014-10-15	126
2014-10-18	160
2014-10-22	164
2014-10-25	169
2014-10-29	142
2014-11-01	161
2014-11-05	144
2014-11-08	117
2014-11-12	182
2014-11-15	112
2014-11-19	135
2014-11-22	85
2014-11-26	152
2014-11-29	162
2014-12-03	118
2014-12-06	158
2014-12-10	142
2014-12-13	112
2014-12-17	173
2014-12-20	79
2014-12-24	198
2014-12-27	226
2014-12-31	172
2015-01-03	175
2015-01-07	199
2015-01-10	130
2015-01-14	176
2015-01-17	163
2015-01-21	156
2015-01-24	137
2015-01-28	164
2015-01-31	214
2015-02-04	198
2015-02-07	134
2015-02-11	159
2015-02-14	192
2015-02-18	214
2015-02-21	170
2015-02-25	183
2015-02-28	182
2015-03-04	171
2015-03-07	90
2015-03-11	124
2015-03-14	189
2015-03-18	152
2015-03-21	102
2015-03-25	162
2015-03-28	142
2015-04-01	144
2015-04-04	160
2015-04-08	203
2015-04-11	157
2015-04-15	198
2015-04-18	122
2015-04-22	127
2015-04-25	81
2015-04-29	158
2015-05-02	88
2015-05-06	155
2015-05-09	139
2015-05-13	145
2015-05-16	166
2015-05-20	140
2015-05-23	125
2015-05-27	78
2015-05-30	115
2015-06-03	160
2015-06-06	171
2015-06-10	155
2015-06-13	97
2015-06-17	161
2015-06-20	148
2015-06-24	187
2015-06-27	153
2015-07-01	176
2015-07-04	170
2015-07-08	140
2015-07-11	157
2015-07-15	197
2015-07-18	143
2015-07-22	155
2015-07-25	185
2015-07-29	193
2015-08-01	114
2015-08-05	144
2015-08-08	175
2015-08-12	128
2015-08-15	124
2015-08-19	176
2015-08-22	166
2015-08-26	153
2015-08-29	131
2015-09-02	94
2015-09-05	138
2015-09-09	165
2015-09-12	99
2015-09-16	106
2015-09-19	147
2015-09-23	143
2015-09-26	135
2015-09-30	129
2015-10-03	195
2015-10-07	116
2015-10-10	195
2015-10-14	152
2015-10-17	130
2015-10-21	151
2015-10-24	115
2015-10-28	177
2015-10-31	128
2015-11-04	159
2015-11-07	144
2015-11-11	143
2015-11-14	141
2015-11-18	179
2015-11-21	169
2015-11-25	199
2015-11-28	127
2015-12-02	126
2015-12-05	171
2015-12-09	194
2015-12-12	108
2015-12-16	130
2015-12-19	119
2015-12-23	165
2015-12-26	146
2015-12-30	137
2016-01-02	179
2016-01-06	165
2016-01-09	182
2016-01-13	157
2016-01-16	157
2016-01-20	113
2016-01-23	136
2016-01-27	137
2016-01-30	196
2016-02-03	158
2016-02-06	162
2016-02-10	142
2016-02-13	188
2016-02-17	194
2016-02-20	120
2016-02-24	167
2016-02-27	143
2016-03-02	92
2016-03-05	176
2016-03-09	186
2016-03-12	211
2016-03-16	156
2016-03-19	159
2016-03-23	132
2016-03-26	149
2016-03-30	95
2016-04-02	117
2016-04-06	155
2016-04-09	175
2016-04-13	152
2016-04-16	114
2016-04-20	99
2016-04-23	118
2016-04-27	100
2016-04-30	177
2016-05-04	150
2016-05-07	205
2016-05-11	160
2016-05-14	133
2016-05-18	140
2016-05-21	177
2016-05-25	112
2016-05-28	139
2016-06-01	195
2016-06-04	141
2016-06-08	162
2016-06-11	150
2016-06-15	162
2016-06-18	85
2016-06-22	186
2016-06-25	107
2016-06-29	162
2016-07-02	89
2016-07-06	155
2016-07-09	205
2016-07-13	145
2016-07-16	149
2016-07-20	156
2016-07-23	197
2016-07-27	92
2016-07-30	131
2016-08-03	181
2016-08-06	182
2016-08-10	155
2016-08-13	154
2016-08-17	166
2016-08-20	194
2016-08-24	161
2016-08-27	139
2016-08-31	159
2016-09-03	131
2016-09-07	103
2016-09-10	88
2016-09-14	106
2016-09-17	202
2016-09-21	91
2016-09-24	135
2016-09-28	195
2016-10-01	149
2016-10-05	98
2016-10-08	183
2016-10-12	209
2016-10-15	147
2016-10-19	206
2016-10-22	165
2016-10-26	176
2016-10-29	110
2016-11-02	136
2016-11-05	199
2016-11-09	152
2016-11-12	103
2016-11-16	173
2016-11-19	101
2016-11-23	172
2016-11-26	233
2016-11-30	110
2016-12-03	198
2016-12-07	197
2016-12-10	180
2016-12-14	234
2016-12-17	156
2016-12-21	166
2016-12-24	130
2016-12-28	89
2016-12-31	227
2017-01-04	163
2017-01-07	156
2017-01-11	180
2017-01-14	122
2017-01-18	141
2017-01-21	104
2017-01-25	108
2017-01-28	151
2017-02-01	123
2017-02-04	171
2017-02-08	181
2017-02-11	160
2017-02-15	146
2017-02-18	154
2017-02-22	126
2017-02-25	77
2017-03-01	162
2017-03-04	151
2017-03-08	115
2017-03-11	154
2017-03-15	129
2017-03-18	137
2017-03-22	118
2017-03-25	121
2017-03-29	154
2017-04-01	98
2017-04-05	126
2017-04-08	163
2017-04-12	133
2017-04-15	144
2017-04-19	188
2017-04-22	100
2017-04-26	208
2017-04-29	147
2017-05-03	92
2017-05-06	182
2017-05-10	172
2017-05-13	198
2017-05-17	131
2017-05-20	160
2017-05-24	133
2017-05-27	177
2017-05-31	161
2017-06-03	205
2017-06-07	139
2017-06-10	123
2017-06-14	204
2017-06-17	139
2017-06-21	141
2017-06-24	190
2017-06-28	180
2017-07-01	124
2017-07-05	200
2017-07-08	112
2017-07-12	199
2017-07-15	167
2017-07-19	161
2017-07-22	202
2017-07-26	131
2017-07-29	165
2017-08-02	185
2017-08-05	160
2017-08-09	158
2017-08-12	168
2017-08-16	167
2017-08-19	169
2017-08-23	173
2017-08-26	133
2017-08-30	105
2017-09-02	97
2017-09-06	156
2017-09-09	156
2017-09-13	132
2017-09-16	187
2017-09-20	152
2017-09-23	149
2017-09-27	163
2017-09-30	143
2017-10-04	123
2017-10-07	155
2017-10-11	109
2017-10-14	114
2017-10-18	83
2017-10-21	134
2017-10-25	158
2017-10-28	136
2017-11-01	96
2017-11-04	138
2017-11-08	163
2017-11-11	91
2017-11-15	195
2017-11-18	83
2017-11-22	195
2017-11-25	154
2017-11-29	140
2017-12-02	96
2017-12-06	155
2017-12-09	126
2017-12-13	72
2017-12-16	122
2017-12-20	177
2017-12-23	155
2017-12-27	195
2017-12-30	149
2018-01-03	170
2018-01-06	181
2018-01-10	162
2018-01-13	120
2018-01-17	148
2018-01-20	125
2018-01-24	139
2018-01-27	163
2018-01-31	110
2018-02-03	134
2018-02-07	162
2018-02-10	185
2018-02-14	111
2018-02-17	165
2018-02-21	133
2018-02-24	210
2018-02-28	179
2018-03-03	178
2018-03-07	164
2018-03-10	185
2018-03-14	192
2018-03-17	122
2018-03-21	204
2018-03-24	167
2018-03-28	165
2018-03-31	130
2018-04-04	173
2018-04-07	154
2018-04-11	173
2018-04-14	169
2018-04-18	95
2018-04-21	136
2018-04-25	73
2018-04-28	150
2018-05-02	125
2018-05-05	137
2018-05-09	148
2018-05-12	195
2018-05-16	126
2018-05-19	168
2018-05-23	180
2018-05-26	172
2018-05-30	188
2018-06-02	115
2018-06-06	99
2018-06-09	179
2018-06-13	117
2018-06-16	173
2018-06-20	171
2018-06-23	174
2018-06-27	193
2018-06-30	197
2018-07-04	110
2018-07-07	99
2018-07-11	136
2018-07-14	255
2018-07-18	134
2018-07-21	112
2018-07-25	180
2018-07-28	154
2018-08-01	172
2018-08-04	157
2018-08-08	152
2018-08-11	152
2018-08-15	121
2018-08-18	140
2018-08-22	102
2018-08-25	127
2018-08-29	126
2018-09-01	160
2018-09-05	123
2018-09-08	159
2018-09-12	135
2018-09-15	119
2018-09-19	112
2018-09-22	217
2018-09-26	171
2018-09-29	98
2018-10-03	143
2018-10-06	154
2018-10-10	147
2018-10-13	93
2018-10-17	131
2018-10-20	155
2018-10-24	152
2018-10-27	198
2018-10-31	101
2018-11-03	163
2018-11-07	170
2018-11-10	140
2018-11-14	134
2018-11-17	137
2018-11-21	190
2018-11-24	171
2018-11-28	205
2018-12-01	141
2018-12-05	222
2018-12-08	159
2018-12-12	145
2018-12-15	167
2018-12-19	142
2018-12-22	161
2018-12-26	149
2018-12-29	172
2019-01-02	105
2019-01-05	158
2019-01-09	124
2019-01-12	147
2019-01-16	102
2019-01-19	154
2019-01-23	160
2019-01-26	176
2019-01-30	120
2019-02-02	154
2019-02-06	127
2019-02-09	198
2019-02-13	155
2019-02-16	76
2019-02-20	116
2019-02-23	147
2019-02-27	136
2019-03-02	264
2019-03-06	171
2019-03-09	132
2019-03-13	157
2019-03-16	151
2019-03-20	163
2019-03-23	167
2019-03-27	180
2019-03-30	181
2019-04-03	58
2019-04-06	171
2019-04-10	124
2019-04-13	156
2019-04-17	181
2019-04-20	128
2019-04-24	161
2019-04-27	143
2019-05-01	163
2019-05-04	150
2019-05-08	125
2019-05-11	170
2019-05-15	168
2019-05-18	198
2019-05-22	198
2019-05-25	91
2019-05-29	155
2019-06-01	124
2019-06-05	113
2019-06-08	141
2019-06-12	177
2019-06-15	153
2019-06-19	137
2019-06-22	133
2019-06-26	177
2019-06-29	162
2019-07-03	213
2019-07-06	199
2019-07-10	148
2019-07-13	140
2019-07-17	191
2019-07-20	138
2019-07-24	175
2019-07-27	117
2019-07-31	111
2019-08-03	165
2019-08-07	186
2019-08-10	88
2019-08-14	146
2019-08-17	123
2019-08-21	216
2019-08-24	167
2019-08-28	128
2019-08-31	88
2019-09-04	196
2019-09-07	148
2019-09-11	136
2019-09-14	174
2019-09-18	214
2019-09-21	149
2019-09-25	120
2019-09-28	181
2019-10-02	170
2019-10-05	184
2019-10-09	153
2019-10-12	194
2019-10-16	112
2019-10-19	132
2019-10-23	100
2019-10-26	112
2019-10-30	176
2019-11-02	125
2019-11-06	180
2019-11-09	185
2019-11-13	166
2019-11-16	121
2019-11-20	110
2019-11-23	130
2019-11-27	147
2019-11-30	208
2019-12-04	199
2019-12-07	108
2019-12-11	179
2019-12-14	143
2019-12-18	160
2019-12-21	113
2019-12-25	196
2019-12-28	103
2020-01-01	160
2020-01-04	96
2020-01-08	103
2020-01-11	184
2020-01-15	154
2020-01-18	164
2020-01-22	163
2020-01-25	156
2020-01-29	199
2020-02-01	148
2020-02-05	185
2020-02-08	157
2020-02-12	157
2020-02-15	100
2020-02-19	112
2020-02-22	125
2020-02-26	150
2020-02-29	101
2020-03-04	177
2020-03-07	142
2020-03-11	191
2020-03-14	149
2020-03-18	147
2020-03-21	123
2020-03-25	140
2020-03-28	155
2020-04-01	174
2020-04-04	146
2020-04-08	145
2020-04-11	175
2020-04-15	160
2020-04-18	170
2020-04-22	173
2020-04-25	106
2020-04-29	122
2020-05-02	117
2020-05-06	179
2020-05-09	109
2020-05-13	159
2020-05-16	123
2020-05-20	209
2020-05-23	95
2020-05-27	194
2020-05-30	176
2020-06-03	190
2020-06-06	169
2020-06-10	128
2020-06-13	192
2020-06-17	169
2020-06-20	75
2020-06-24	147
2020-06-27	177
2020-07-01	191
2020-07-04	160
2020-07-08	160
2020-07-11	169
2020-07-15	154
2020-07-18	155
2020-07-22	127
2020-07-25	98
2020-08-01	155
2020-08-05	123
2020-08-08	141
2020-08-14	159
2020-08-19	158
2020-08-22	87
2020-08-26	141
2020-08-29	136
2020-09-02	172
2020-09-05	87
2020-09-09	185
2020-09-12	191
2020-09-16	215
2020-09-19	134
2020-09-23	141
2020-09-26	122
2020-09-30	129
2020-10-03	149
2020-10-07	147
2020-10-10	111
2020-10-14	118
2020-10-17	121
2020-10-21	180
2020-10-24	113
2020-10-28	123
2020-10-31	95
2020-11-04	146
2020-11-07	210
2020-11-11	148
2020-11-14	102
2020-11-18	181
2020-11-21	113
2020-11-25	102
2020-11-28	152
2020-12-02	163
2020-12-05	174
2020-12-09	87
2020-12-12	111
2020-12-19	157
2020-12-26	71
2021-01-09	133
2021-01-16	138
2021-01-23	140
2021-01-30	188
2021-02-06	170
2021-02-13	132
2021-02-20	122
2021-02-27	104
2021-03-06	108
2021-03-13	186
2021-03-20	97
2021-03-27	125
2021-04-03	167
2021-04-10	106
2021-04-17	175
2021-04-24	136
2021-05-01	159
2021-05-08	157
2021-05-15	114
2021-05-22	149
2021-05-29	170
2021-06-05	176
2021-06-12	118
2021-06-19	151
2021-06-26	147
2021-07-03	111
2021-07-10	154
2021-07-17	192
2021-07-24	115
2021-07-31	102
2021-08-07	130
2021-08-14	154
2021-08-21	92
2021-08-28	165
2021-09-04	125
2021-09-11	164
2021-09-18	155
2021-09-25	184
2021-10-02	125
2021-10-09	133
2021-10-16	138
2021-10-23	106
2021-10-30	150
2021-11-06	158
2021-11-13	90
2021-11-20	176
2021-11-27	138
2021-12-04	171
2021-12-11	168
2021-12-15	90
2021-12-18	168
2021-12-25	185
2021-12-29	127
2022-01-01	92
2022-01-05	92
2022-01-08	138
2022-01-12	177
2022-01-15	221
2022-01-19	221
2022-01-22	129
2022-01-26	109
2022-01-29	87
2022-02-02	192
2022-02-05	150
2022-02-09	177
2022-02-12	150
2022-02-16	158
2022-02-19	111
2022-02-23	109
2022-02-26	192
2022-03-02	155
2022-03-05	152
2022-03-09	147
2022-03-12	133
2022-03-16	90
2022-03-19	118
2022-03-23	142
2022-03-26	188
2022-03-30	133
2022-04-02	224
2022-04-06	127
2022-04-09	170
2022-04-13	148
2022-04-16	116
2022-04-20	144
2022-04-23	193
2022-04-27	150
2022-04-30	153
2022-05-04	139
2022-05-07	157
2022-05-11	151
2022-05-14	214
2022-05-18	172
2022-05-21	101
2022-05-25	126
2022-05-28	96
2022-06-01	137
2022-06-04	149
2022-06-08	131
2022-06-11	148
2022-06-15	182
2022-06-18	195
2022-06-22	175
2022-06-25	131
2022-06-29	200
2022-07-02	126
2022-07-06	201
2022-07-09	170
2022-07-13	172
2022-07-16	123
2022-07-20	175
2022-07-23	157
2022-07-27	143
2022-07-30	146
2022-08-03	133
2022-08-06	128
2022-08-10	127
2022-08-13	113
2022-08-17	171
2022-08-20	165
2022-08-24	171
2022-08-27	158
2022-08-31	96
2022-09-03	176
2022-09-07	130
2022-09-10	96
2022-09-14	125
2022-09-17	112
2022-09-21	153
2022-09-24	97
2022-09-28	155
2022-10-01	152
2022-10-05	160
2022-10-08	153
2022-10-12	195
2022-10-15	200
2022-10-19	164
2022-10-22	120
2022-10-26	162
2022-10-29	92
2022-11-02	126
2022-11-05	187
2022-11-09	175
2022-11-12	105
2022-11-16	123
2022-11-19	134
2022-11-23	157
2022-11-26	180
2022-11-30	130
2022-12-03	171
2022-12-07	140
2022-12-10	105
2022-12-14	209
2022-12-17	172
2022-12-21	186
2022-12-24	160
2022-12-28	133
2022-12-31	129
2023-01-04	197
2023-01-07	125
2023-01-11	167
2023-01-14	165
2023-01-18	138
2023-01-21	179
2023-01-25	111
2023-01-28	151
2023-02-01	185
2023-02-04	199
2023-02-08	143
2023-02-11	109
2023-02-15	182
2023-02-18	203
2023-02-22	136
2023-02-25	147
2023-03-01	141
2023-03-04	130
2023-03-08	154
2023-03-11	141
2023-03-15	156
2023-03-18	111
2023-03-22	193
2023-03-25	133
2023-03-29	189
2023-04-01	211
2023-04-05	142
2023-04-08	167
2023-04-12	166
2023-04-15	151
2023-04-19	118
2023-04-22	183
2023-04-26	137
2023-04-29	123
2023-05-03	171
2023-05-06	131
2023-05-10	165
2023-05-13	110
2023-05-17	169
2023-05-20	144
2023-05-24	82
2023-05-27	102
2023-05-31	212
2023-06-03	82
2023-06-07	188
2023-06-10	147
2023-06-14	138
2023-06-17	133
2023-06-21	149
2023-06-24	170
2023-06-28	152
2023-07-01	163
2023-07-05	139
2023-07-08	152
2023-07-12	88
2023-07-15	111
2023-07-19	147
2023-07-22	166
2023-07-26	163
2023-07-29	151
2023-08-02	154
2023-08-05	175
2023-08-09	174
2023-08-12	179
2023-08-16	109
2023-08-19	153
2023-08-23	131
2023-08-26	173
2023-08-30	234
2023-09-02	183
2023-09-06	97
2023-09-09	167
2023-09-13	143
2023-09-16	204
2023-09-20	141
2023-09-23	144
2023-09-27	133
2023-09-30	161
2023-10-04	192
2023-10-07	144
2023-10-11	147
2023-10-14	135
2023-10-18	196
2023-10-21	106
2023-10-25	120
2023-10-28	109
2023-11-01	179
2023-11-04	93
2023-11-08	152
2023-11-11	194
2023-11-15	111
2023-11-18	144
2023-11-22	123
2023-11-25	182
2023-11-29	173
2023-12-02	181
2023-12-06	174
2023-12-09	195
2023-12-13	140
2023-12-16	122
2023-12-20	139
2023-12-23	64
2023-12-27	150
2023-12-30	210
2024-01-03	184
2024-01-06	121
2024-01-10	141
2024-01-13	116
2024-01-17	142
2024-01-20	139
2024-01-24	141
2024-01-27	163
2024-01-31	175
2024-02-03	104
2024-02-07	100
2024-02-10	176
2024-02-14	223
2024-02-17	172
2024-02-21	141
2024-02-24	174
2024-02-28	118
2024-03-02	128
2024-03-06	141
2024-03-09	125
2024-03-13	138
2024-03-16	153
2024-03-20	141
2024-03-23	136
2024-03-27	152
2024-03-30	112
2024-04-03	136
2024-04-06	127
2024-04-10	167
2024-04-13	131
2024-04-17	183
2024-04-20	180
2024-04-24	113
2024-04-27	217
2024-05-01	177
2024-05-04	160
2024-05-08	154
2024-05-11	147
2024-05-15	168
2024-05-18	159
2024-05-22	127
2024-05-25	158
2024-05-29	103
2024-06-01	130
2024-06-05	115
2024-06-08	123
2024-06-12	103
2024-06-15	167
2024-06-19	122
2024-06-22	104
2024-06-26	164
2024-06-29	126
2024-07-03	157
2024-07-06	133
2024-07-10	123
2024-07-13	140
2024-07-17	107
2024-07-20	126
2024-07-24	157
2024-07-27	133
2024-07-31	99
2024-08-03	112
2024-08-07	113
2024-08-10	127
2024-08-14	83
2024-08-17	195
2024-08-21	156
2024-08-24	142
2024-08-28	127
2024-08-31	154
2024-09-04	149
2024-09-07	128
2024-09-11	142
2024-09-14	105
2024-09-18	196
2024-09-21	176
2024-09-25	125
2024-09-28	128
2024-10-02	117
2024-10-05	139
2024-10-09	165
2024-10-12	150
2024-10-16	135
2024-10-19	143
2024-10-23	179
2024-10-26	142
2024-10-30	133
2024-11-02	131
2024-11-06	176
2024-11-09	179
2024-11-13	195
2024-11-16	138
2024-11-20	152
2024-11-23	140
2024-11-27	138
2024-11-30	170
2024-12-04	143
2024-12-07	139
2024-12-11	177
2024-12-14	99
2024-12-18	139
2024-12-21	134
2024-12-25	137
2024-12-28	150
2025-01-01	102
2025-01-04	143
2025-01-08	188
2025-01-11	148
2025-01-15	159
2025-01-18	110
2025-01-22	190
2025-01-25	179
2025-01-29	172
2025-02-01	102
2025-02-05	87
2025-02-08	172
2025-02-12	176
2025-02-15	163
2025-02-19	119
2025-02-22	114
2025-02-26	149
2025-03-01	172
2025-03-05	172
2025-03-08	176
2025-03-12	163
2025-03-15	165
2025-03-19	151
2025-03-22	165
2025-03-26	113
2025-03-29	206
2025-04-02	131
2025-04-05	159
2025-04-09	182
2025-04-12	132
2025-04-16	143
2025-04-19	188
2025-04-23	95
2025-04-26	137
2025-04-30	161
2025-05-03	202
2025-05-07	89
2025-05-10	200
2025-05-14	149
2025-05-17	122
2025-05-21	106
2025-05-24	106
2025-05-28	158
2025-05-31	105
2025-06-04	167
2025-06-07	164
2025-06-11	127
2025-06-14	143
2025-06-18	120
2025-06-21	120
2025-06-25	216
2025-06-28	108
2025-07-02	198
2025-07-05	161
2025-07-09	145
2025-07-12	154
2025-07-16	235
2025-07-19	133
2025-07-23	104
2025-07-26	137
2025-07-30	156
2025-08-02	135
2025-08-06	150
2025-08-09	103
2025-08-13	150
2025-08-16	179
2025-08-20	168
2025-08-23	96
2025-08-27	197
2025-08-30	158
2025-09-03	163
2025-09-06	140
2025-09-10	115
2025-09-13	116
2025-09-17	171
2025-09-20	140
2025-09-24	147
2025-09-27	127
2025-10-01	145
2025-10-04	114
2025-10-08	125
2025-10-11	139
2025-10-15	56
2025-10-18	178
2025-10-22	138
2025-10-25	167
2025-10-29	141
2025-11-01	155
2025-11-05	175
2025-11-08	137
2025-11-12	147
2025-11-15	111
2025-11-19	140
2025-11-22	148
2025-11-26	131
2025-11-29	121
2025-12-03	207
2025-12-06	173
2025-12-10	80
2025-12-13	152
2025-12-17	139
2025-12-20	182
2025-12-24	148
2025-12-27	156
2025-12-31	120
